solid 
   facet normal 9.256948e-01 -3.782713e-01 0.000000e+00
      outer loop
         vertex -1.606918e+01 -4.159250e+00 0.000000e+00
         vertex -1.537506e+01 -2.460625e+00 0.000000e+00
         vertex -1.537506e+01 -2.460625e+00 5.000000e+00
      endloop
   endfacet
   facet normal 9.256948e-01 -3.782713e-01 0.000000e+00
      outer loop
         vertex -1.606918e+01 -4.159250e+00 0.000000e+00
         vertex -1.537506e+01 -2.460625e+00 5.000000e+00
         vertex -1.606918e+01 -4.159250e+00 5.000000e+00
      endloop
   endfacet
   facet normal 0.000000e+00 -1.000000e+00 0.000000e+00
      outer loop
         vertex -1.537506e+01 -2.460625e+00 0.000000e+00
         vertex -1.352033e+01 -2.460625e+00 0.000000e+00
         vertex -1.352033e+01 -2.460625e+00 5.000000e+00
      endloop
   endfacet
   facet normal -0.000000e+00 -1.000000e+00 0.000000e+00
      outer loop
         vertex -1.537506e+01 -2.460625e+00 0.000000e+00
         vertex -1.352033e+01 -2.460625e+00 5.000000e+00
         vertex -1.537506e+01 -2.460625e+00 5.000000e+00
      endloop
   endfacet
   facet normal -9.256948e-01 3.782713e-01 0.000000e+00
      outer loop
         vertex -1.352033e+01 -2.460625e+00 0.000000e+00
         vertex -1.421445e+01 -4.159250e+00 0.000000e+00
         vertex -1.421445e+01 -4.159250e+00 5.000000e+00
      endloop
   endfacet
   facet normal -9.256948e-01 3.782713e-01 0.000000e+00
      outer loop
         vertex -1.352033e+01 -2.460625e+00 0.000000e+00
         vertex -1.421445e+01 -4.159250e+00 5.000000e+00
         vertex -1.352033e+01 -2.460625e+00 5.000000e+00
      endloop
   endfacet
   facet normal -9.850536e-01 1.722480e-01 0.000000e+00
      outer loop
         vertex -1.421445e+01 -4.159250e+00 0.000000e+00
         vertex -1.422619e+01 -4.226398e+00 0.000000e+00
         vertex -1.422619e+01 -4.226398e+00 5.000000e+00
      endloop
   endfacet
   facet normal -9.850536e-01 1.722480e-01 0.000000e+00
      outer loop
         vertex -1.421445e+01 -4.159250e+00 0.000000e+00
         vertex -1.422619e+01 -4.226398e+00 5.000000e+00
         vertex -1.421445e+01 -4.159250e+00 5.000000e+00
      endloop
   endfacet
   facet normal -8.869962e-01 -4.617767e-01 0.000000e+00
      outer loop
         vertex -1.422619e+01 -4.226398e+00 0.000000e+00
         vertex -1.420178e+01 -4.273290e+00 0.000000e+00
         vertex -1.420178e+01 -4.273290e+00 5.000000e+00
      endloop
   endfacet
   facet normal -8.869962e-01 -4.617767e-01 0.000000e+00
      outer loop
         vertex -1.422619e+01 -4.226398e+00 0.000000e+00
         vertex -1.420178e+01 -4.273290e+00 5.000000e+00
         vertex -1.422619e+01 -4.226398e+00 5.000000e+00
      endloop
   endfacet
   facet normal -6.062180e-01 -7.952986e-01 0.000000e+00
      outer loop
         vertex -1.420178e+01 -4.273290e+00 0.000000e+00
         vertex -1.417961e+01 -4.290184e+00 0.000000e+00
         vertex -1.417961e+01 -4.290184e+00 5.000000e+00
      endloop
   endfacet
   facet normal -6.062180e-01 -7.952986e-01 0.000000e+00
      outer loop
         vertex -1.420178e+01 -4.273290e+00 0.000000e+00
         vertex -1.417961e+01 -4.290184e+00 5.000000e+00
         vertex -1.420178e+01 -4.273290e+00 5.000000e+00
      endloop
   endfacet
   facet normal -4.357613e-01 -9.000623e-01 0.000000e+00
      outer loop
         vertex -1.417961e+01 -4.290184e+00 0.000000e+00
         vertex -1.415453e+01 -4.302329e+00 0.000000e+00
         vertex -1.415453e+01 -4.302329e+00 5.000000e+00
      endloop
   endfacet
   facet normal -4.357613e-01 -9.000623e-01 0.000000e+00
      outer loop
         vertex -1.417961e+01 -4.290184e+00 0.000000e+00
         vertex -1.415453e+01 -4.302329e+00 5.000000e+00
         vertex -1.417961e+01 -4.290184e+00 5.000000e+00
      endloop
   endfacet
   facet normal -2.599767e-01 -9.656149e-01 0.000000e+00
      outer loop
         vertex -1.415453e+01 -4.302329e+00 0.000000e+00
         vertex -1.412385e+01 -4.310588e+00 0.000000e+00
         vertex -1.412385e+01 -4.310588e+00 5.000000e+00
      endloop
   endfacet
   facet normal -2.599767e-01 -9.656149e-01 0.000000e+00
      outer loop
         vertex -1.415453e+01 -4.302329e+00 0.000000e+00
         vertex -1.412385e+01 -4.310588e+00 5.000000e+00
         vertex -1.415453e+01 -4.302329e+00 5.000000e+00
      endloop
   endfacet
   facet normal -8.754601e-02 -9.961605e-01 0.000000e+00
      outer loop
         vertex -1.412385e+01 -4.310588e+00 0.000000e+00
         vertex -1.409220e+01 -4.313370e+00 0.000000e+00
         vertex -1.409220e+01 -4.313370e+00 5.000000e+00
      endloop
   endfacet
   facet normal -8.754601e-02 -9.961605e-01 0.000000e+00
      outer loop
         vertex -1.412385e+01 -4.310588e+00 0.000000e+00
         vertex -1.409220e+01 -4.313370e+00 5.000000e+00
         vertex -1.412385e+01 -4.310588e+00 5.000000e+00
      endloop
   endfacet
   facet normal 8.335162e-02 -9.965202e-01 0.000000e+00
      outer loop
         vertex -1.409220e+01 -4.313370e+00 0.000000e+00
         vertex -1.405649e+01 -4.310383e+00 0.000000e+00
         vertex -1.405649e+01 -4.310383e+00 5.000000e+00
      endloop
   endfacet
   facet normal 8.335162e-02 -9.965202e-01 0.000000e+00
      outer loop
         vertex -1.409220e+01 -4.313370e+00 0.000000e+00
         vertex -1.405649e+01 -4.310383e+00 5.000000e+00
         vertex -1.409220e+01 -4.313370e+00 5.000000e+00
      endloop
   endfacet
   facet normal 2.477545e-01 -9.688228e-01 0.000000e+00
      outer loop
         vertex -1.405649e+01 -4.310383e+00 0.000000e+00
         vertex -1.402178e+01 -4.301505e+00 0.000000e+00
         vertex -1.402178e+01 -4.301505e+00 5.000000e+00
      endloop
   endfacet
   facet normal 2.477545e-01 -9.688228e-01 0.000000e+00
      outer loop
         vertex -1.405649e+01 -4.310383e+00 0.000000e+00
         vertex -1.402178e+01 -4.301505e+00 5.000000e+00
         vertex -1.405649e+01 -4.310383e+00 5.000000e+00
      endloop
   endfacet
   facet normal 3.892016e-01 -9.211526e-01 0.000000e+00
      outer loop
         vertex -1.402178e+01 -4.301505e+00 0.000000e+00
         vertex -1.398013e+01 -4.283909e+00 0.000000e+00
         vertex -1.398013e+01 -4.283909e+00 5.000000e+00
      endloop
   endfacet
   facet normal 3.892016e-01 -9.211526e-01 0.000000e+00
      outer loop
         vertex -1.402178e+01 -4.301505e+00 0.000000e+00
         vertex -1.398013e+01 -4.283909e+00 5.000000e+00
         vertex -1.402178e+01 -4.301505e+00 5.000000e+00
      endloop
   endfacet
   facet normal 5.069593e-01 -8.619700e-01 0.000000e+00
      outer loop
         vertex -1.398013e+01 -4.283909e+00 0.000000e+00
         vertex -1.394116e+01 -4.260991e+00 0.000000e+00
         vertex -1.394116e+01 -4.260991e+00 5.000000e+00
      endloop
   endfacet
   facet normal 5.069593e-01 -8.619700e-01 0.000000e+00
      outer loop
         vertex -1.398013e+01 -4.283909e+00 0.000000e+00
         vertex -1.394116e+01 -4.260991e+00 5.000000e+00
         vertex -1.398013e+01 -4.283909e+00 5.000000e+00
      endloop
   endfacet
   facet normal 6.054348e-01 -7.958949e-01 0.000000e+00
      outer loop
         vertex -1.394116e+01 -4.260991e+00 0.000000e+00
         vertex -1.390501e+01 -4.233490e+00 0.000000e+00
         vertex -1.390501e+01 -4.233490e+00 5.000000e+00
      endloop
   endfacet
   facet normal 6.054348e-01 -7.958949e-01 0.000000e+00
      outer loop
         vertex -1.394116e+01 -4.260991e+00 0.000000e+00
         vertex -1.390501e+01 -4.233490e+00 5.000000e+00
         vertex -1.394116e+01 -4.260991e+00 5.000000e+00
      endloop
   endfacet
   facet normal 6.857785e-01 -7.278103e-01 0.000000e+00
      outer loop
         vertex -1.390501e+01 -4.233490e+00 0.000000e+00
         vertex -1.387195e+01 -4.202339e+00 0.000000e+00
         vertex -1.387195e+01 -4.202339e+00 5.000000e+00
      endloop
   endfacet
   facet normal 6.857785e-01 -7.278103e-01 0.000000e+00
      outer loop
         vertex -1.390501e+01 -4.233490e+00 0.000000e+00
         vertex -1.387195e+01 -4.202339e+00 5.000000e+00
         vertex -1.390501e+01 -4.233490e+00 5.000000e+00
      endloop
   endfacet
   facet normal 7.844989e-01 -6.201302e-01 0.000000e+00
      outer loop
         vertex -1.387195e+01 -4.202339e+00 0.000000e+00
         vertex -1.385597e+01 -4.182125e+00 0.000000e+00
         vertex -1.385597e+01 -4.182125e+00 5.000000e+00
      endloop
   endfacet
   facet normal 7.844989e-01 -6.201302e-01 0.000000e+00
      outer loop
         vertex -1.387195e+01 -4.202339e+00 0.000000e+00
         vertex -1.385597e+01 -4.182125e+00 5.000000e+00
         vertex -1.387195e+01 -4.202339e+00 5.000000e+00
      endloop
   endfacet
   facet normal 8.861595e-01 -4.633804e-01 0.000000e+00
      outer loop
         vertex -1.385597e+01 -4.182125e+00 0.000000e+00
         vertex -1.384403e+01 -4.159291e+00 0.000000e+00
         vertex -1.384403e+01 -4.159291e+00 5.000000e+00
      endloop
   endfacet
   facet normal 8.861595e-01 -4.633804e-01 0.000000e+00
      outer loop
         vertex -1.385597e+01 -4.182125e+00 0.000000e+00
         vertex -1.384403e+01 -4.159291e+00 5.000000e+00
         vertex -1.385597e+01 -4.182125e+00 5.000000e+00
      endloop
   endfacet
   facet normal 9.256912e-01 -3.782801e-01 0.000000e+00
      outer loop
         vertex -1.384403e+01 -4.159291e+00 0.000000e+00
         vertex -1.220705e+01 -1.534170e-01 0.000000e+00
         vertex -1.220705e+01 -1.534170e-01 5.000000e+00
      endloop
   endfacet
   facet normal 9.256912e-01 -3.782801e-01 0.000000e+00
      outer loop
         vertex -1.384403e+01 -4.159291e+00 0.000000e+00
         vertex -1.220705e+01 -1.534170e-01 5.000000e+00
         vertex -1.384403e+01 -4.159291e+00 5.000000e+00
      endloop
   endfacet
   facet normal 9.837647e-01 -1.794631e-01 0.000000e+00
      outer loop
         vertex -1.220705e+01 -1.534170e-01 0.000000e+00
         vertex -1.219326e+01 -7.785489e-02 0.000000e+00
         vertex -1.219326e+01 -7.785489e-02 5.000000e+00
      endloop
   endfacet
   facet normal 9.837647e-01 -1.794631e-01 0.000000e+00
      outer loop
         vertex -1.220705e+01 -1.534170e-01 0.000000e+00
         vertex -1.219326e+01 -7.785489e-02 5.000000e+00
         vertex -1.220705e+01 -1.534170e-01 5.000000e+00
      endloop
   endfacet
   facet normal 8.880456e-01 4.597553e-01 -0.000000e+00
      outer loop
         vertex -1.219326e+01 -7.785489e-02 0.000000e+00
         vertex -1.221478e+01 -3.629756e-02 0.000000e+00
         vertex -1.221478e+01 -3.629756e-02 5.000000e+00
      endloop
   endfacet
   facet normal 8.880456e-01 4.597553e-01 0.000000e+00
      outer loop
         vertex -1.219326e+01 -7.785489e-02 0.000000e+00
         vertex -1.221478e+01 -3.629756e-02 5.000000e+00
         vertex -1.219326e+01 -7.785489e-02 5.000000e+00
      endloop
   endfacet
   facet normal 3.879631e-01 9.216749e-01 -0.000000e+00
      outer loop
         vertex -1.221478e+01 -3.629756e-02 0.000000e+00
         vertex -1.225547e+01 -1.917043e-02 0.000000e+00
         vertex -1.225547e+01 -1.917043e-02 5.000000e+00
      endloop
   endfacet
   facet normal 3.879631e-01 9.216749e-01 0.000000e+00
      outer loop
         vertex -1.221478e+01 -3.629756e-02 0.000000e+00
         vertex -1.225547e+01 -1.917043e-02 5.000000e+00
         vertex -1.221478e+01 -3.629756e-02 5.000000e+00
      endloop
   endfacet
   facet normal 3.343693e-01 9.424421e-01 -0.000000e+00
      outer loop
         vertex -1.225547e+01 -1.917043e-02 0.000000e+00
         vertex -1.229707e+01 -4.409384e-03 0.000000e+00
         vertex -1.229707e+01 -4.409384e-03 5.000000e+00
      endloop
   endfacet
   facet normal 3.343693e-01 9.424421e-01 0.000000e+00
      outer loop
         vertex -1.225547e+01 -1.917043e-02 0.000000e+00
         vertex -1.229707e+01 -4.409384e-03 5.000000e+00
         vertex -1.225547e+01 -1.917043e-02 5.000000e+00
      endloop
   endfacet
   facet normal 2.319990e-01 9.727160e-01 -0.000000e+00
      outer loop
         vertex -1.229707e+01 -4.409384e-03 0.000000e+00
         vertex -1.231298e+01 -6.140285e-04 0.000000e+00
         vertex -1.231298e+01 -6.140285e-04 5.000000e+00
      endloop
   endfacet
   facet normal 2.319990e-01 9.727160e-01 0.000000e+00
      outer loop
         vertex -1.229707e+01 -4.409384e-03 0.000000e+00
         vertex -1.231298e+01 -6.140285e-04 5.000000e+00
         vertex -1.229707e+01 -4.409384e-03 5.000000e+00
      endloop
   endfacet
   facet normal 7.796865e-02 9.969558e-01 -0.000000e+00
      outer loop
         vertex -1.231298e+01 -6.140285e-04 0.000000e+00
         vertex -1.232929e+01 6.614280e-04 0.000000e+00
         vertex -1.232929e+01 6.614280e-04 5.000000e+00
      endloop
   endfacet
   facet normal 7.796865e-02 9.969558e-01 0.000000e+00
      outer loop
         vertex -1.231298e+01 -6.140285e-04 0.000000e+00
         vertex -1.232929e+01 6.614280e-04 5.000000e+00
         vertex -1.231298e+01 -6.140285e-04 5.000000e+00
      endloop
   endfacet
   facet normal -6.101129e-02 9.981371e-01 0.000000e+00
      outer loop
         vertex -1.232929e+01 6.614280e-04 0.000000e+00
         vertex -1.236908e+01 -1.770635e-03 0.000000e+00
         vertex -1.236908e+01 -1.770635e-03 5.000000e+00
      endloop
   endfacet
   facet normal -6.101129e-02 9.981371e-01 0.000000e+00
      outer loop
         vertex -1.232929e+01 6.614280e-04 0.000000e+00
         vertex -1.236908e+01 -1.770635e-03 5.000000e+00
         vertex -1.232929e+01 6.614280e-04 5.000000e+00
      endloop
   endfacet
   facet normal -1.821203e-01 9.832763e-01 0.000000e+00
      outer loop
         vertex -1.236908e+01 -1.770635e-03 0.000000e+00
         vertex -1.240828e+01 -9.030613e-03 0.000000e+00
         vertex -1.240828e+01 -9.030613e-03 5.000000e+00
      endloop
   endfacet
   facet normal -1.821203e-01 9.832763e-01 0.000000e+00
      outer loop
         vertex -1.236908e+01 -1.770635e-03 0.000000e+00
         vertex -1.240828e+01 -9.030613e-03 5.000000e+00
         vertex -1.236908e+01 -1.770635e-03 5.000000e+00
      endloop
   endfacet
   facet normal -3.043585e-01 9.525575e-01 0.000000e+00
      outer loop
         vertex -1.240828e+01 -9.030613e-03 0.000000e+00
         vertex -1.244392e+01 -2.041996e-02 0.000000e+00
         vertex -1.244392e+01 -2.041996e-02 5.000000e+00
      endloop
   endfacet
   facet normal -3.043585e-01 9.525575e-01 0.000000e+00
      outer loop
         vertex -1.240828e+01 -9.030613e-03 0.000000e+00
         vertex -1.244392e+01 -2.041996e-02 5.000000e+00
         vertex -1.240828e+01 -9.030613e-03 5.000000e+00
      endloop
   endfacet
   facet normal -4.254038e-01 9.050036e-01 0.000000e+00
      outer loop
         vertex -1.244392e+01 -2.041996e-02 0.000000e+00
         vertex -1.247779e+01 -3.633890e-02 0.000000e+00
         vertex -1.247779e+01 -3.633890e-02 5.000000e+00
      endloop
   endfacet
   facet normal -4.254038e-01 9.050036e-01 0.000000e+00
      outer loop
         vertex -1.244392e+01 -2.041996e-02 0.000000e+00
         vertex -1.247779e+01 -3.633890e-02 5.000000e+00
         vertex -1.244392e+01 -2.041996e-02 5.000000e+00
      endloop
   endfacet
   facet normal -5.916236e-01 8.062143e-01 0.000000e+00
      outer loop
         vertex -1.247779e+01 -3.633890e-02 0.000000e+00
         vertex -1.250963e+01 -5.970496e-02 0.000000e+00
         vertex -1.250963e+01 -5.970496e-02 5.000000e+00
      endloop
   endfacet
   facet normal -5.916236e-01 8.062143e-01 0.000000e+00
      outer loop
         vertex -1.247779e+01 -3.633890e-02 0.000000e+00
         vertex -1.250963e+01 -5.970496e-02 5.000000e+00
         vertex -1.247779e+01 -3.633890e-02 5.000000e+00
      endloop
   endfacet
   facet normal -7.089550e-01 7.052537e-01 0.000000e+00
      outer loop
         vertex -1.250963e+01 -5.970496e-02 0.000000e+00
         vertex -1.253749e+01 -8.770511e-02 0.000000e+00
         vertex -1.253749e+01 -8.770511e-02 5.000000e+00
      endloop
   endfacet
   facet normal -7.089550e-01 7.052537e-01 0.000000e+00
      outer loop
         vertex -1.250963e+01 -5.970496e-02 0.000000e+00
         vertex -1.253749e+01 -8.770511e-02 5.000000e+00
         vertex -1.250963e+01 -5.970496e-02 5.000000e+00
      endloop
   endfacet
   facet normal -8.103595e-01 5.859330e-01 0.000000e+00
      outer loop
         vertex -1.253749e+01 -8.770511e-02 0.000000e+00
         vertex -1.256011e+01 -1.189920e-01 0.000000e+00
         vertex -1.256011e+01 -1.189920e-01 5.000000e+00
      endloop
   endfacet
   facet normal -8.103595e-01 5.859330e-01 0.000000e+00
      outer loop
         vertex -1.253749e+01 -8.770511e-02 0.000000e+00
         vertex -1.256011e+01 -1.189920e-01 5.000000e+00
         vertex -1.253749e+01 -8.770511e-02 5.000000e+00
      endloop
   endfacet
   facet normal -8.927140e-01 4.506237e-01 0.000000e+00
      outer loop
         vertex -1.256011e+01 -1.189920e-01 0.000000e+00
         vertex -1.257751e+01 -1.534583e-01 0.000000e+00
         vertex -1.257751e+01 -1.534583e-01 5.000000e+00
      endloop
   endfacet
   facet normal -8.927140e-01 4.506237e-01 0.000000e+00
      outer loop
         vertex -1.256011e+01 -1.189920e-01 0.000000e+00
         vertex -1.257751e+01 -1.534583e-01 5.000000e+00
         vertex -1.256011e+01 -1.189920e-01 5.000000e+00
      endloop
   endfacet
   facet normal -9.256907e-01 3.782812e-01 0.000000e+00
      outer loop
         vertex -1.257751e+01 -1.534583e-01 0.000000e+00
         vertex -1.339490e+01 -2.153708e+00 0.000000e+00
         vertex -1.339490e+01 -2.153708e+00 5.000000e+00
      endloop
   endfacet
   facet normal -9.256907e-01 3.782812e-01 0.000000e+00
      outer loop
         vertex -1.257751e+01 -1.534583e-01 0.000000e+00
         vertex -1.339490e+01 -2.153708e+00 5.000000e+00
         vertex -1.257751e+01 -1.534583e-01 5.000000e+00
      endloop
   endfacet
   facet normal 0.000000e+00 1.000000e+00 0.000000e+00
      outer loop
         vertex -1.339490e+01 -2.153708e+00 0.000000e+00
         vertex -1.524963e+01 -2.153708e+00 0.000000e+00
         vertex -1.524963e+01 -2.153708e+00 5.000000e+00
      endloop
   endfacet
   facet normal -0.000000e+00 1.000000e+00 0.000000e+00
      outer loop
         vertex -1.339490e+01 -2.153708e+00 0.000000e+00
         vertex -1.524963e+01 -2.153708e+00 5.000000e+00
         vertex -1.339490e+01 -2.153708e+00 5.000000e+00
      endloop
   endfacet
   facet normal 9.256907e-01 -3.782812e-01 0.000000e+00
      outer loop
         vertex -1.524963e+01 -2.153708e+00 0.000000e+00
         vertex -1.443223e+01 -1.534583e-01 0.000000e+00
         vertex -1.443223e+01 -1.534583e-01 5.000000e+00
      endloop
   endfacet
   facet normal 9.256907e-01 -3.782812e-01 0.000000e+00
      outer loop
         vertex -1.524963e+01 -2.153708e+00 0.000000e+00
         vertex -1.443223e+01 -1.534583e-01 5.000000e+00
         vertex -1.524963e+01 -2.153708e+00 5.000000e+00
      endloop
   endfacet
   facet normal 9.837447e-01 -1.795727e-01 0.000000e+00
      outer loop
         vertex -1.443223e+01 -1.534583e-01 0.000000e+00
         vertex -1.441843e+01 -7.781322e-02 0.000000e+00
         vertex -1.441843e+01 -7.781322e-02 5.000000e+00
      endloop
   endfacet
   facet normal 9.837447e-01 -1.795727e-01 0.000000e+00
      outer loop
         vertex -1.443223e+01 -1.534583e-01 0.000000e+00
         vertex -1.441843e+01 -7.781322e-02 5.000000e+00
         vertex -1.443223e+01 -1.534583e-01 5.000000e+00
      endloop
   endfacet
   facet normal 8.878283e-01 4.601749e-01 -0.000000e+00
      outer loop
         vertex -1.441843e+01 -7.781322e-02 0.000000e+00
         vertex -1.443992e+01 -3.633890e-02 0.000000e+00
         vertex -1.443992e+01 -3.633890e-02 5.000000e+00
      endloop
   endfacet
   facet normal 8.878283e-01 4.601749e-01 0.000000e+00
      outer loop
         vertex -1.441843e+01 -7.781322e-02 0.000000e+00
         vertex -1.443992e+01 -3.633890e-02 5.000000e+00
         vertex -1.441843e+01 -7.781322e-02 5.000000e+00
      endloop
   endfacet
   facet normal 3.883238e-01 9.215230e-01 -0.000000e+00
      outer loop
         vertex -1.443992e+01 -3.633890e-02 0.000000e+00
         vertex -1.448061e+01 -1.919262e-02 0.000000e+00
         vertex -1.448061e+01 -1.919262e-02 5.000000e+00
      endloop
   endfacet
   facet normal 3.883238e-01 9.215230e-01 0.000000e+00
      outer loop
         vertex -1.443992e+01 -3.633890e-02 0.000000e+00
         vertex -1.448061e+01 -1.919262e-02 5.000000e+00
         vertex -1.443992e+01 -3.633890e-02 5.000000e+00
      endloop
   endfacet
   facet normal 3.347004e-01 9.423246e-01 -0.000000e+00
      outer loop
         vertex -1.448061e+01 -1.919262e-02 0.000000e+00
         vertex -1.452222e+01 -4.414433e-03 0.000000e+00
         vertex -1.452222e+01 -4.414433e-03 5.000000e+00
      endloop
   endfacet
   facet normal 3.347004e-01 9.423246e-01 0.000000e+00
      outer loop
         vertex -1.448061e+01 -1.919262e-02 0.000000e+00
         vertex -1.452222e+01 -4.414433e-03 5.000000e+00
         vertex -1.448061e+01 -1.919262e-02 5.000000e+00
      endloop
   endfacet
   facet normal 2.322430e-01 9.726578e-01 -0.000000e+00
      outer loop
         vertex -1.452222e+01 -4.414433e-03 0.000000e+00
         vertex -1.453813e+01 -6.153147e-04 0.000000e+00
         vertex -1.453813e+01 -6.153147e-04 5.000000e+00
      endloop
   endfacet
   facet normal 2.322430e-01 9.726578e-01 0.000000e+00
      outer loop
         vertex -1.452222e+01 -4.414433e-03 0.000000e+00
         vertex -1.453813e+01 -6.153147e-04 5.000000e+00
         vertex -1.452222e+01 -4.414433e-03 5.000000e+00
      endloop
   endfacet
   facet normal 7.805133e-02 9.969493e-01 -0.000000e+00
      outer loop
         vertex -1.453813e+01 -6.153147e-04 0.000000e+00
         vertex -1.455444e+01 6.614280e-04 0.000000e+00
         vertex -1.455444e+01 6.614280e-04 5.000000e+00
      endloop
   endfacet
   facet normal 7.805133e-02 9.969493e-01 0.000000e+00
      outer loop
         vertex -1.453813e+01 -6.153147e-04 0.000000e+00
         vertex -1.455444e+01 6.614280e-04 5.000000e+00
         vertex -1.453813e+01 -6.153147e-04 5.000000e+00
      endloop
   endfacet
   facet normal -6.094437e-02 9.981412e-01 0.000000e+00
      outer loop
         vertex -1.455444e+01 6.614280e-04 0.000000e+00
         vertex -1.459423e+01 -1.768132e-03 0.000000e+00
         vertex -1.459423e+01 -1.768132e-03 5.000000e+00
      endloop
   endfacet
   facet normal -6.094437e-02 9.981412e-01 0.000000e+00
      outer loop
         vertex -1.455444e+01 6.614280e-04 0.000000e+00
         vertex -1.459423e+01 -1.768132e-03 5.000000e+00
         vertex -1.455444e+01 6.614280e-04 5.000000e+00
      endloop
   endfacet
   facet normal -1.819282e-01 9.833118e-01 0.000000e+00
      outer loop
         vertex -1.459423e+01 -1.768132e-03 0.000000e+00
         vertex -1.463343e+01 -9.020717e-03 0.000000e+00
         vertex -1.463343e+01 -9.020717e-03 5.000000e+00
      endloop
   endfacet
   facet normal -1.819282e-01 9.833118e-01 0.000000e+00
      outer loop
         vertex -1.459423e+01 -1.768132e-03 0.000000e+00
         vertex -1.463343e+01 -9.020717e-03 5.000000e+00
         vertex -1.459423e+01 -1.768132e-03 5.000000e+00
      endloop
   endfacet
   facet normal -3.040627e-01 9.526520e-01 0.000000e+00
      outer loop
         vertex -1.463343e+01 -9.020717e-03 0.000000e+00
         vertex -1.466907e+01 -2.039634e-02 0.000000e+00
         vertex -1.466907e+01 -2.039634e-02 5.000000e+00
      endloop
   endfacet
   facet normal -3.040627e-01 9.526520e-01 0.000000e+00
      outer loop
         vertex -1.463343e+01 -9.020717e-03 0.000000e+00
         vertex -1.466907e+01 -2.039634e-02 5.000000e+00
         vertex -1.463343e+01 -9.020717e-03 5.000000e+00
      endloop
   endfacet
   facet normal -4.250158e-01 9.051859e-01 0.000000e+00
      outer loop
         vertex -1.466907e+01 -2.039634e-02 0.000000e+00
         vertex -1.470294e+01 -3.629756e-02 0.000000e+00
         vertex -1.470294e+01 -3.629756e-02 5.000000e+00
      endloop
   endfacet
   facet normal -4.250158e-01 9.051859e-01 0.000000e+00
      outer loop
         vertex -1.466907e+01 -2.039634e-02 0.000000e+00
         vertex -1.470294e+01 -3.629756e-02 5.000000e+00
         vertex -1.466907e+01 -2.039634e-02 5.000000e+00
      endloop
   endfacet
   facet normal -5.919201e-01 8.059966e-01 0.000000e+00
      outer loop
         vertex -1.470294e+01 -3.629756e-02 0.000000e+00
         vertex -1.473478e+01 -5.968234e-02 0.000000e+00
         vertex -1.473478e+01 -5.968234e-02 5.000000e+00
      endloop
   endfacet
   facet normal -5.919201e-01 8.059966e-01 0.000000e+00
      outer loop
         vertex -1.470294e+01 -3.629756e-02 0.000000e+00
         vertex -1.473478e+01 -5.968234e-02 5.000000e+00
         vertex -1.470294e+01 -3.629756e-02 5.000000e+00
      endloop
   endfacet
   facet normal -7.091496e-01 7.050580e-01 0.000000e+00
      outer loop
         vertex -1.473478e+01 -5.968234e-02 0.000000e+00
         vertex -1.476263e+01 -8.769795e-02 0.000000e+00
         vertex -1.476263e+01 -8.769795e-02 5.000000e+00
      endloop
   endfacet
   facet normal -7.091496e-01 7.050580e-01 0.000000e+00
      outer loop
         vertex -1.473478e+01 -5.968234e-02 0.000000e+00
         vertex -1.476263e+01 -8.769795e-02 5.000000e+00
         vertex -1.473478e+01 -5.968234e-02 5.000000e+00
      endloop
   endfacet
   facet normal -8.104892e-01 5.857536e-01 0.000000e+00
      outer loop
         vertex -1.476263e+01 -8.769795e-02 0.000000e+00
         vertex -1.478523e+01 -1.189691e-01 0.000000e+00
         vertex -1.478523e+01 -1.189691e-01 5.000000e+00
      endloop
   endfacet
   facet normal -8.104892e-01 5.857536e-01 0.000000e+00
      outer loop
         vertex -1.476263e+01 -8.769795e-02 0.000000e+00
         vertex -1.478523e+01 -1.189691e-01 5.000000e+00
         vertex -1.476263e+01 -8.769795e-02 5.000000e+00
      endloop
   endfacet
   facet normal -8.928360e-01 4.503818e-01 0.000000e+00
      outer loop
         vertex -1.478523e+01 -1.189691e-01 0.000000e+00
         vertex -1.480261e+01 -1.534170e-01 0.000000e+00
         vertex -1.480261e+01 -1.534170e-01 5.000000e+00
      endloop
   endfacet
   facet normal -8.928360e-01 4.503818e-01 0.000000e+00
      outer loop
         vertex -1.478523e+01 -1.189691e-01 0.000000e+00
         vertex -1.480261e+01 -1.534170e-01 5.000000e+00
         vertex -1.478523e+01 -1.189691e-01 5.000000e+00
      endloop
   endfacet
   facet normal -9.256912e-01 3.782801e-01 0.000000e+00
      outer loop
         vertex -1.480261e+01 -1.534170e-01 0.000000e+00
         vertex -1.643959e+01 -4.159291e+00 0.000000e+00
         vertex -1.643959e+01 -4.159291e+00 5.000000e+00
      endloop
   endfacet
   facet normal -9.256912e-01 3.782801e-01 0.000000e+00
      outer loop
         vertex -1.480261e+01 -1.534170e-01 0.000000e+00
         vertex -1.643959e+01 -4.159291e+00 5.000000e+00
         vertex -1.480261e+01 -1.534170e-01 5.000000e+00
      endloop
   endfacet
   facet normal -9.850636e-01 1.721912e-01 0.000000e+00
      outer loop
         vertex -1.643959e+01 -4.159291e+00 0.000000e+00
         vertex -1.645133e+01 -4.226451e+00 0.000000e+00
         vertex -1.645133e+01 -4.226451e+00 5.000000e+00
      endloop
   endfacet
   facet normal -9.850636e-01 1.721912e-01 0.000000e+00
      outer loop
         vertex -1.643959e+01 -4.159291e+00 0.000000e+00
         vertex -1.645133e+01 -4.226451e+00 5.000000e+00
         vertex -1.643959e+01 -4.159291e+00 5.000000e+00
      endloop
   endfacet
   facet normal -8.868782e-01 -4.620033e-01 0.000000e+00
      outer loop
         vertex -1.645133e+01 -4.226451e+00 0.000000e+00
         vertex -1.642692e+01 -4.273310e+00 0.000000e+00
         vertex -1.642692e+01 -4.273310e+00 5.000000e+00
      endloop
   endfacet
   facet normal -8.868782e-01 -4.620033e-01 0.000000e+00
      outer loop
         vertex -1.645133e+01 -4.226451e+00 0.000000e+00
         vertex -1.642692e+01 -4.273310e+00 5.000000e+00
         vertex -1.645133e+01 -4.226451e+00 5.000000e+00
      endloop
   endfacet
   facet normal -6.060396e-01 -7.954345e-01 0.000000e+00
      outer loop
         vertex -1.642692e+01 -4.273310e+00 0.000000e+00
         vertex -1.640476e+01 -4.290196e+00 0.000000e+00
         vertex -1.640476e+01 -4.290196e+00 5.000000e+00
      endloop
   endfacet
   facet normal -6.060396e-01 -7.954345e-01 0.000000e+00
      outer loop
         vertex -1.642692e+01 -4.273310e+00 0.000000e+00
         vertex -1.640476e+01 -4.290196e+00 5.000000e+00
         vertex -1.642692e+01 -4.273310e+00 5.000000e+00
      endloop
   endfacet
   facet normal -4.356070e-01 -9.001370e-01 0.000000e+00
      outer loop
         vertex -1.640476e+01 -4.290196e+00 0.000000e+00
         vertex -1.637968e+01 -4.302333e+00 0.000000e+00
         vertex -1.637968e+01 -4.302333e+00 5.000000e+00
      endloop
   endfacet
   facet normal -4.356070e-01 -9.001370e-01 0.000000e+00
      outer loop
         vertex -1.640476e+01 -4.290196e+00 0.000000e+00
         vertex -1.637968e+01 -4.302333e+00 5.000000e+00
         vertex -1.640476e+01 -4.290196e+00 5.000000e+00
      endloop
   endfacet
   facet normal -2.598421e-01 -9.656511e-01 0.000000e+00
      outer loop
         vertex -1.637968e+01 -4.302333e+00 0.000000e+00
         vertex -1.634900e+01 -4.310589e+00 0.000000e+00
         vertex -1.634900e+01 -4.310589e+00 5.000000e+00
      endloop
   endfacet
   facet normal -2.598421e-01 -9.656511e-01 0.000000e+00
      outer loop
         vertex -1.637968e+01 -4.302333e+00 0.000000e+00
         vertex -1.634900e+01 -4.310589e+00 5.000000e+00
         vertex -1.637968e+01 -4.302333e+00 5.000000e+00
      endloop
   endfacet
   facet normal -8.751099e-02 -9.961636e-01 0.000000e+00
      outer loop
         vertex -1.634900e+01 -4.310589e+00 0.000000e+00
         vertex -1.631735e+01 -4.313370e+00 0.000000e+00
         vertex -1.631735e+01 -4.313370e+00 5.000000e+00
      endloop
   endfacet
   facet normal -8.751099e-02 -9.961636e-01 0.000000e+00
      outer loop
         vertex -1.634900e+01 -4.310589e+00 0.000000e+00
         vertex -1.631735e+01 -4.313370e+00 5.000000e+00
         vertex -1.634900e+01 -4.310589e+00 5.000000e+00
      endloop
   endfacet
   facet normal 8.338026e-02 -9.965178e-01 0.000000e+00
      outer loop
         vertex -1.631735e+01 -4.313370e+00 0.000000e+00
         vertex -1.628164e+01 -4.310382e+00 0.000000e+00
         vertex -1.628164e+01 -4.310382e+00 5.000000e+00
      endloop
   endfacet
   facet normal 8.338026e-02 -9.965178e-01 0.000000e+00
      outer loop
         vertex -1.631735e+01 -4.313370e+00 0.000000e+00
         vertex -1.628164e+01 -4.310382e+00 5.000000e+00
         vertex -1.631735e+01 -4.313370e+00 5.000000e+00
      endloop
   endfacet
   facet normal 2.478547e-01 -9.687972e-01 0.000000e+00
      outer loop
         vertex -1.628164e+01 -4.310382e+00 0.000000e+00
         vertex -1.624692e+01 -4.301500e+00 0.000000e+00
         vertex -1.624692e+01 -4.301500e+00 5.000000e+00
      endloop
   endfacet
   facet normal 2.478547e-01 -9.687972e-01 0.000000e+00
      outer loop
         vertex -1.628164e+01 -4.310382e+00 0.000000e+00
         vertex -1.624692e+01 -4.301500e+00 5.000000e+00
         vertex -1.628164e+01 -4.310382e+00 5.000000e+00
      endloop
   endfacet
   facet normal 3.893283e-01 -9.210991e-01 0.000000e+00
      outer loop
         vertex -1.624692e+01 -4.301500e+00 0.000000e+00
         vertex -1.620528e+01 -4.283898e+00 0.000000e+00
         vertex -1.620528e+01 -4.283898e+00 5.000000e+00
      endloop
   endfacet
   facet normal 3.893283e-01 -9.210991e-01 0.000000e+00
      outer loop
         vertex -1.624692e+01 -4.301500e+00 0.000000e+00
         vertex -1.620528e+01 -4.283898e+00 5.000000e+00
         vertex -1.624692e+01 -4.301500e+00 5.000000e+00
      endloop
   endfacet
   facet normal 5.070989e-01 -8.618879e-01 0.000000e+00
      outer loop
         vertex -1.620528e+01 -4.283898e+00 0.000000e+00
         vertex -1.616631e+01 -4.260970e+00 0.000000e+00
         vertex -1.616631e+01 -4.260970e+00 5.000000e+00
      endloop
   endfacet
   facet normal 5.070989e-01 -8.618879e-01 0.000000e+00
      outer loop
         vertex -1.620528e+01 -4.283898e+00 0.000000e+00
         vertex -1.616631e+01 -4.260970e+00 5.000000e+00
         vertex -1.620528e+01 -4.283898e+00 5.000000e+00
      endloop
   endfacet
   facet normal 6.055542e-01 -7.958041e-01 0.000000e+00
      outer loop
         vertex -1.616631e+01 -4.260970e+00 0.000000e+00
         vertex -1.613016e+01 -4.233459e+00 0.000000e+00
         vertex -1.613016e+01 -4.233459e+00 5.000000e+00
      endloop
   endfacet
   facet normal 6.055542e-01 -7.958041e-01 0.000000e+00
      outer loop
         vertex -1.616631e+01 -4.260970e+00 0.000000e+00
         vertex -1.613016e+01 -4.233459e+00 5.000000e+00
         vertex -1.616631e+01 -4.260970e+00 5.000000e+00
      endloop
   endfacet
   facet normal 6.858730e-01 -7.277213e-01 0.000000e+00
      outer loop
         vertex -1.613016e+01 -4.233459e+00 0.000000e+00
         vertex -1.609710e+01 -4.202301e+00 0.000000e+00
         vertex -1.609710e+01 -4.202301e+00 5.000000e+00
      endloop
   endfacet
   facet normal 6.858730e-01 -7.277213e-01 0.000000e+00
      outer loop
         vertex -1.613016e+01 -4.233459e+00 0.000000e+00
         vertex -1.609710e+01 -4.202301e+00 5.000000e+00
         vertex -1.613016e+01 -4.233459e+00 5.000000e+00
      endloop
   endfacet
   facet normal 7.845525e-01 -6.200624e-01 0.000000e+00
      outer loop
         vertex -1.609710e+01 -4.202301e+00 0.000000e+00
         vertex -1.608112e+01 -4.182084e+00 0.000000e+00
         vertex -1.608112e+01 -4.182084e+00 5.000000e+00
      endloop
   endfacet
   facet normal 7.845525e-01 -6.200624e-01 0.000000e+00
      outer loop
         vertex -1.609710e+01 -4.202301e+00 0.000000e+00
         vertex -1.608112e+01 -4.182084e+00 5.000000e+00
         vertex -1.609710e+01 -4.202301e+00 5.000000e+00
      endloop
   endfacet
   facet normal 8.861634e-01 -4.633728e-01 0.000000e+00
      outer loop
         vertex -1.608112e+01 -4.182084e+00 0.000000e+00
         vertex -1.606918e+01 -4.159250e+00 0.000000e+00
         vertex -1.606918e+01 -4.159250e+00 5.000000e+00
      endloop
   endfacet
   facet normal 8.861634e-01 -4.633728e-01 0.000000e+00
      outer loop
         vertex -1.608112e+01 -4.182084e+00 0.000000e+00
         vertex -1.606918e+01 -4.159250e+00 5.000000e+00
         vertex -1.608112e+01 -4.182084e+00 5.000000e+00
      endloop
   endfacet
   facet normal 0.000000e+00 0.000000e+00 1.000000e+00
      outer loop
         vertex -1.608112e+01 -4.182084e+00 5.000000e+00
         vertex -1.606918e+01 -4.159250e+00 5.000000e+00
         vertex -1.609710e+01 -4.202301e+00 5.000000e+00
      endloop
   endfacet
   facet normal 0.000000e+00 0.000000e+00 1.000000e+00
      outer loop
         vertex -1.606918e+01 -4.159250e+00 5.000000e+00
         vertex -1.537506e+01 -2.460625e+00 5.000000e+00
         vertex -1.609710e+01 -4.202301e+00 5.000000e+00
      endloop
   endfacet
   facet normal 0.000000e+00 0.000000e+00 1.000000e+00
      outer loop
         vertex -1.609710e+01 -4.202301e+00 5.000000e+00
         vertex -1.537506e+01 -2.460625e+00 5.000000e+00
         vertex -1.613016e+01 -4.233459e+00 5.000000e+00
      endloop
   endfacet
   facet normal 0.000000e+00 0.000000e+00 1.000000e+00
      outer loop
         vertex -1.421445e+01 -4.159250e+00 5.000000e+00
         vertex -1.422619e+01 -4.226398e+00 5.000000e+00
         vertex -1.352033e+01 -2.460625e+00 5.000000e+00
      endloop
   endfacet
   facet normal 0.000000e+00 -0.000000e+00 1.000000e+00
      outer loop
         vertex -1.422619e+01 -4.226398e+00 5.000000e+00
         vertex -1.420178e+01 -4.273290e+00 5.000000e+00
         vertex -1.352033e+01 -2.460625e+00 5.000000e+00
      endloop
   endfacet
   facet normal 0.000000e+00 -0.000000e+00 1.000000e+00
      outer loop
         vertex -1.420178e+01 -4.273290e+00 5.000000e+00
         vertex -1.417961e+01 -4.290184e+00 5.000000e+00
         vertex -1.352033e+01 -2.460625e+00 5.000000e+00
      endloop
   endfacet
   facet normal 0.000000e+00 -0.000000e+00 1.000000e+00
      outer loop
         vertex -1.417961e+01 -4.290184e+00 5.000000e+00
         vertex -1.415453e+01 -4.302329e+00 5.000000e+00
         vertex -1.352033e+01 -2.460625e+00 5.000000e+00
      endloop
   endfacet
   facet normal 0.000000e+00 -0.000000e+00 1.000000e+00
      outer loop
         vertex -1.415453e+01 -4.302329e+00 5.000000e+00
         vertex -1.412385e+01 -4.310588e+00 5.000000e+00
         vertex -1.352033e+01 -2.460625e+00 5.000000e+00
      endloop
   endfacet
   facet normal 0.000000e+00 -0.000000e+00 1.000000e+00
      outer loop
         vertex -1.412385e+01 -4.310588e+00 5.000000e+00
         vertex -1.409220e+01 -4.313370e+00 5.000000e+00
         vertex -1.352033e+01 -2.460625e+00 5.000000e+00
      endloop
   endfacet
   facet normal 0.000000e+00 -0.000000e+00 1.000000e+00
      outer loop
         vertex -1.409220e+01 -4.313370e+00 5.000000e+00
         vertex -1.405649e+01 -4.310383e+00 5.000000e+00
         vertex -1.352033e+01 -2.460625e+00 5.000000e+00
      endloop
   endfacet
   facet normal 0.000000e+00 -0.000000e+00 1.000000e+00
      outer loop
         vertex -1.405649e+01 -4.310383e+00 5.000000e+00
         vertex -1.402178e+01 -4.301505e+00 5.000000e+00
         vertex -1.352033e+01 -2.460625e+00 5.000000e+00
      endloop
   endfacet
   facet normal 0.000000e+00 -0.000000e+00 1.000000e+00
      outer loop
         vertex -1.402178e+01 -4.301505e+00 5.000000e+00
         vertex -1.398013e+01 -4.283909e+00 5.000000e+00
         vertex -1.352033e+01 -2.460625e+00 5.000000e+00
      endloop
   endfacet
   facet normal 0.000000e+00 -0.000000e+00 1.000000e+00
      outer loop
         vertex -1.398013e+01 -4.283909e+00 5.000000e+00
         vertex -1.394116e+01 -4.260991e+00 5.000000e+00
         vertex -1.352033e+01 -2.460625e+00 5.000000e+00
      endloop
   endfacet
   facet normal 0.000000e+00 -0.000000e+00 1.000000e+00
      outer loop
         vertex -1.394116e+01 -4.260991e+00 5.000000e+00
         vertex -1.390501e+01 -4.233490e+00 5.000000e+00
         vertex -1.352033e+01 -2.460625e+00 5.000000e+00
      endloop
   endfacet
   facet normal 0.000000e+00 -0.000000e+00 1.000000e+00
      outer loop
         vertex -1.390501e+01 -4.233490e+00 5.000000e+00
         vertex -1.387195e+01 -4.202339e+00 5.000000e+00
         vertex -1.352033e+01 -2.460625e+00 5.000000e+00
      endloop
   endfacet
   facet normal 0.000000e+00 -0.000000e+00 1.000000e+00
      outer loop
         vertex -1.387195e+01 -4.202339e+00 5.000000e+00
         vertex -1.385597e+01 -4.182125e+00 5.000000e+00
         vertex -1.352033e+01 -2.460625e+00 5.000000e+00
      endloop
   endfacet
   facet normal 0.000000e+00 -0.000000e+00 1.000000e+00
      outer loop
         vertex -1.385597e+01 -4.182125e+00 5.000000e+00
         vertex -1.384403e+01 -4.159291e+00 5.000000e+00
         vertex -1.352033e+01 -2.460625e+00 5.000000e+00
      endloop
   endfacet
   facet normal 0.000000e+00 0.000000e+00 1.000000e+00
      outer loop
         vertex -1.384403e+01 -4.159291e+00 5.000000e+00
         vertex -1.220705e+01 -1.534170e-01 5.000000e+00
         vertex -1.352033e+01 -2.460625e+00 5.000000e+00
      endloop
   endfacet
   facet normal 0.000000e+00 0.000000e+00 1.000000e+00
      outer loop
         vertex -1.352033e+01 -2.460625e+00 5.000000e+00
         vertex -1.339490e+01 -2.153708e+00 5.000000e+00
         vertex -1.537506e+01 -2.460625e+00 5.000000e+00
      endloop
   endfacet
   facet normal -0.000000e+00 0.000000e+00 1.000000e+00
      outer loop
         vertex -1.339490e+01 -2.153708e+00 5.000000e+00
         vertex -1.524963e+01 -2.153708e+00 5.000000e+00
         vertex -1.537506e+01 -2.460625e+00 5.000000e+00
      endloop
   endfacet
   facet normal 0.000000e+00 0.000000e+00 1.000000e+00
      outer loop
         vertex -1.537506e+01 -2.460625e+00 5.000000e+00
         vertex -1.524963e+01 -2.153708e+00 5.000000e+00
         vertex -1.613016e+01 -4.233459e+00 5.000000e+00
      endloop
   endfacet
   facet normal 0.000000e+00 0.000000e+00 1.000000e+00
      outer loop
         vertex -1.524963e+01 -2.153708e+00 5.000000e+00
         vertex -1.443223e+01 -1.534583e-01 5.000000e+00
         vertex -1.613016e+01 -4.233459e+00 5.000000e+00
      endloop
   endfacet
   facet normal 0.000000e+00 0.000000e+00 1.000000e+00
      outer loop
         vertex -1.613016e+01 -4.233459e+00 5.000000e+00
         vertex -1.443223e+01 -1.534583e-01 5.000000e+00
         vertex -1.616631e+01 -4.260970e+00 5.000000e+00
      endloop
   endfacet
   facet normal 0.000000e+00 0.000000e+00 1.000000e+00
      outer loop
         vertex -1.443223e+01 -1.534583e-01 5.000000e+00
         vertex -1.441843e+01 -7.781322e-02 5.000000e+00
         vertex -1.616631e+01 -4.260970e+00 5.000000e+00
      endloop
   endfacet
   facet normal 0.000000e+00 0.000000e+00 1.000000e+00
      outer loop
         vertex -1.616631e+01 -4.260970e+00 5.000000e+00
         vertex -1.441843e+01 -7.781322e-02 5.000000e+00
         vertex -1.620528e+01 -4.283898e+00 5.000000e+00
      endloop
   endfacet
   facet normal 0.000000e+00 0.000000e+00 1.000000e+00
      outer loop
         vertex -1.441843e+01 -7.781322e-02 5.000000e+00
         vertex -1.443992e+01 -3.633890e-02 5.000000e+00
         vertex -1.620528e+01 -4.283898e+00 5.000000e+00
      endloop
   endfacet
   facet normal 0.000000e+00 0.000000e+00 1.000000e+00
      outer loop
         vertex -1.620528e+01 -4.283898e+00 5.000000e+00
         vertex -1.443992e+01 -3.633890e-02 5.000000e+00
         vertex -1.624692e+01 -4.301500e+00 5.000000e+00
      endloop
   endfacet
   facet normal 0.000000e+00 0.000000e+00 1.000000e+00
      outer loop
         vertex -1.443992e+01 -3.633890e-02 5.000000e+00
         vertex -1.448061e+01 -1.919262e-02 5.000000e+00
         vertex -1.624692e+01 -4.301500e+00 5.000000e+00
      endloop
   endfacet
   facet normal 0.000000e+00 0.000000e+00 1.000000e+00
      outer loop
         vertex -1.624692e+01 -4.301500e+00 5.000000e+00
         vertex -1.448061e+01 -1.919262e-02 5.000000e+00
         vertex -1.628164e+01 -4.310382e+00 5.000000e+00
      endloop
   endfacet
   facet normal 0.000000e+00 0.000000e+00 1.000000e+00
      outer loop
         vertex -1.448061e+01 -1.919262e-02 5.000000e+00
         vertex -1.452222e+01 -4.414433e-03 5.000000e+00
         vertex -1.628164e+01 -4.310382e+00 5.000000e+00
      endloop
   endfacet
   facet normal 0.000000e+00 0.000000e+00 1.000000e+00
      outer loop
         vertex -1.628164e+01 -4.310382e+00 5.000000e+00
         vertex -1.452222e+01 -4.414433e-03 5.000000e+00
         vertex -1.631735e+01 -4.313370e+00 5.000000e+00
      endloop
   endfacet
   facet normal 0.000000e+00 0.000000e+00 1.000000e+00
      outer loop
         vertex -1.452222e+01 -4.414433e-03 5.000000e+00
         vertex -1.453813e+01 -6.153147e-04 5.000000e+00
         vertex -1.631735e+01 -4.313370e+00 5.000000e+00
      endloop
   endfacet
   facet normal 0.000000e+00 0.000000e+00 1.000000e+00
      outer loop
         vertex -1.631735e+01 -4.313370e+00 5.000000e+00
         vertex -1.453813e+01 -6.153147e-04 5.000000e+00
         vertex -1.634900e+01 -4.310589e+00 5.000000e+00
      endloop
   endfacet
   facet normal 0.000000e+00 0.000000e+00 1.000000e+00
      outer loop
         vertex -1.453813e+01 -6.153147e-04 5.000000e+00
         vertex -1.455444e+01 6.614280e-04 5.000000e+00
         vertex -1.634900e+01 -4.310589e+00 5.000000e+00
      endloop
   endfacet
   facet normal 0.000000e+00 0.000000e+00 1.000000e+00
      outer loop
         vertex -1.634900e+01 -4.310589e+00 5.000000e+00
         vertex -1.455444e+01 6.614280e-04 5.000000e+00
         vertex -1.637968e+01 -4.302333e+00 5.000000e+00
      endloop
   endfacet
   facet normal -0.000000e+00 0.000000e+00 1.000000e+00
      outer loop
         vertex -1.455444e+01 6.614280e-04 5.000000e+00
         vertex -1.459423e+01 -1.768132e-03 5.000000e+00
         vertex -1.637968e+01 -4.302333e+00 5.000000e+00
      endloop
   endfacet
   facet normal 0.000000e+00 0.000000e+00 1.000000e+00
      outer loop
         vertex -1.637968e+01 -4.302333e+00 5.000000e+00
         vertex -1.459423e+01 -1.768132e-03 5.000000e+00
         vertex -1.640476e+01 -4.290196e+00 5.000000e+00
      endloop
   endfacet
   facet normal -0.000000e+00 0.000000e+00 1.000000e+00
      outer loop
         vertex -1.459423e+01 -1.768132e-03 5.000000e+00
         vertex -1.463343e+01 -9.020717e-03 5.000000e+00
         vertex -1.640476e+01 -4.290196e+00 5.000000e+00
      endloop
   endfacet
   facet normal 0.000000e+00 0.000000e+00 1.000000e+00
      outer loop
         vertex -1.640476e+01 -4.290196e+00 5.000000e+00
         vertex -1.463343e+01 -9.020717e-03 5.000000e+00
         vertex -1.642692e+01 -4.273310e+00 5.000000e+00
      endloop
   endfacet
   facet normal -0.000000e+00 0.000000e+00 1.000000e+00
      outer loop
         vertex -1.463343e+01 -9.020717e-03 5.000000e+00
         vertex -1.466907e+01 -2.039634e-02 5.000000e+00
         vertex -1.642692e+01 -4.273310e+00 5.000000e+00
      endloop
   endfacet
   facet normal 0.000000e+00 0.000000e+00 1.000000e+00
      outer loop
         vertex -1.642692e+01 -4.273310e+00 5.000000e+00
         vertex -1.466907e+01 -2.039634e-02 5.000000e+00
         vertex -1.645133e+01 -4.226451e+00 5.000000e+00
      endloop
   endfacet
   facet normal -0.000000e+00 0.000000e+00 1.000000e+00
      outer loop
         vertex -1.466907e+01 -2.039634e-02 5.000000e+00
         vertex -1.470294e+01 -3.629756e-02 5.000000e+00
         vertex -1.645133e+01 -4.226451e+00 5.000000e+00
      endloop
   endfacet
   facet normal 0.000000e+00 0.000000e+00 1.000000e+00
      outer loop
         vertex -1.645133e+01 -4.226451e+00 5.000000e+00
         vertex -1.470294e+01 -3.629756e-02 5.000000e+00
         vertex -1.643959e+01 -4.159291e+00 5.000000e+00
      endloop
   endfacet
   facet normal -0.000000e+00 0.000000e+00 1.000000e+00
      outer loop
         vertex -1.470294e+01 -3.629756e-02 5.000000e+00
         vertex -1.473478e+01 -5.968234e-02 5.000000e+00
         vertex -1.643959e+01 -4.159291e+00 5.000000e+00
      endloop
   endfacet
   facet normal 0.000000e+00 0.000000e+00 1.000000e+00
      outer loop
         vertex -1.643959e+01 -4.159291e+00 5.000000e+00
         vertex -1.473478e+01 -5.968234e-02 5.000000e+00
         vertex -1.480261e+01 -1.534170e-01 5.000000e+00
      endloop
   endfacet
   facet normal -0.000000e+00 0.000000e+00 1.000000e+00
      outer loop
         vertex -1.473478e+01 -5.968234e-02 5.000000e+00
         vertex -1.476263e+01 -8.769795e-02 5.000000e+00
         vertex -1.480261e+01 -1.534170e-01 5.000000e+00
      endloop
   endfacet
   facet normal 0.000000e+00 0.000000e+00 1.000000e+00
      outer loop
         vertex -1.480261e+01 -1.534170e-01 5.000000e+00
         vertex -1.476263e+01 -8.769795e-02 5.000000e+00
         vertex -1.478523e+01 -1.189691e-01 5.000000e+00
      endloop
   endfacet
   facet normal 0.000000e+00 0.000000e+00 1.000000e+00
      outer loop
         vertex -1.352033e+01 -2.460625e+00 5.000000e+00
         vertex -1.220705e+01 -1.534170e-01 5.000000e+00
         vertex -1.339490e+01 -2.153708e+00 5.000000e+00
      endloop
   endfacet
   facet normal 0.000000e+00 0.000000e+00 1.000000e+00
      outer loop
         vertex -1.220705e+01 -1.534170e-01 5.000000e+00
         vertex -1.219326e+01 -7.785489e-02 5.000000e+00
         vertex -1.339490e+01 -2.153708e+00 5.000000e+00
      endloop
   endfacet
   facet normal 0.000000e+00 0.000000e+00 1.000000e+00
      outer loop
         vertex -1.339490e+01 -2.153708e+00 5.000000e+00
         vertex -1.219326e+01 -7.785489e-02 5.000000e+00
         vertex -1.257751e+01 -1.534583e-01 5.000000e+00
      endloop
   endfacet
   facet normal 0.000000e+00 0.000000e+00 1.000000e+00
      outer loop
         vertex -1.219326e+01 -7.785489e-02 5.000000e+00
         vertex -1.221478e+01 -3.629756e-02 5.000000e+00
         vertex -1.257751e+01 -1.534583e-01 5.000000e+00
      endloop
   endfacet
   facet normal 0.000000e+00 0.000000e+00 1.000000e+00
      outer loop
         vertex -1.257751e+01 -1.534583e-01 5.000000e+00
         vertex -1.221478e+01 -3.629756e-02 5.000000e+00
         vertex -1.256011e+01 -1.189920e-01 5.000000e+00
      endloop
   endfacet
   facet normal 0.000000e+00 0.000000e+00 1.000000e+00
      outer loop
         vertex -1.221478e+01 -3.629756e-02 5.000000e+00
         vertex -1.225547e+01 -1.917043e-02 5.000000e+00
         vertex -1.256011e+01 -1.189920e-01 5.000000e+00
      endloop
   endfacet
   facet normal 0.000000e+00 0.000000e+00 1.000000e+00
      outer loop
         vertex -1.256011e+01 -1.189920e-01 5.000000e+00
         vertex -1.225547e+01 -1.917043e-02 5.000000e+00
         vertex -1.253749e+01 -8.770511e-02 5.000000e+00
      endloop
   endfacet
   facet normal 0.000000e+00 0.000000e+00 1.000000e+00
      outer loop
         vertex -1.225547e+01 -1.917043e-02 5.000000e+00
         vertex -1.229707e+01 -4.409384e-03 5.000000e+00
         vertex -1.253749e+01 -8.770511e-02 5.000000e+00
      endloop
   endfacet
   facet normal 0.000000e+00 0.000000e+00 1.000000e+00
      outer loop
         vertex -1.253749e+01 -8.770511e-02 5.000000e+00
         vertex -1.229707e+01 -4.409384e-03 5.000000e+00
         vertex -1.250963e+01 -5.970496e-02 5.000000e+00
      endloop
   endfacet
   facet normal 0.000000e+00 0.000000e+00 1.000000e+00
      outer loop
         vertex -1.229707e+01 -4.409384e-03 5.000000e+00
         vertex -1.231298e+01 -6.140285e-04 5.000000e+00
         vertex -1.250963e+01 -5.970496e-02 5.000000e+00
      endloop
   endfacet
   facet normal 0.000000e+00 0.000000e+00 1.000000e+00
      outer loop
         vertex -1.250963e+01 -5.970496e-02 5.000000e+00
         vertex -1.231298e+01 -6.140285e-04 5.000000e+00
         vertex -1.247779e+01 -3.633890e-02 5.000000e+00
      endloop
   endfacet
   facet normal 0.000000e+00 0.000000e+00 1.000000e+00
      outer loop
         vertex -1.231298e+01 -6.140285e-04 5.000000e+00
         vertex -1.232929e+01 6.614280e-04 5.000000e+00
         vertex -1.247779e+01 -3.633890e-02 5.000000e+00
      endloop
   endfacet
   facet normal 0.000000e+00 0.000000e+00 1.000000e+00
      outer loop
         vertex -1.247779e+01 -3.633890e-02 5.000000e+00
         vertex -1.232929e+01 6.614280e-04 5.000000e+00
         vertex -1.244392e+01 -2.041996e-02 5.000000e+00
      endloop
   endfacet
   facet normal -0.000000e+00 0.000000e+00 1.000000e+00
      outer loop
         vertex -1.232929e+01 6.614280e-04 5.000000e+00
         vertex -1.236908e+01 -1.770635e-03 5.000000e+00
         vertex -1.244392e+01 -2.041996e-02 5.000000e+00
      endloop
   endfacet
   facet normal 0.000000e+00 0.000000e+00 1.000000e+00
      outer loop
         vertex -1.244392e+01 -2.041996e-02 5.000000e+00
         vertex -1.236908e+01 -1.770635e-03 5.000000e+00
         vertex -1.240828e+01 -9.030613e-03 5.000000e+00
      endloop
   endfacet
   facet normal 0.000000e+00 0.000000e+00 -1.000000e+00
      outer loop
         vertex -1.606918e+01 -4.159250e+00 0.000000e+00
         vertex -1.608112e+01 -4.182084e+00 0.000000e+00
         vertex -1.537506e+01 -2.460625e+00 0.000000e+00
      endloop
   endfacet
   facet normal 0.000000e+00 0.000000e+00 -1.000000e+00
      outer loop
         vertex -1.608112e+01 -4.182084e+00 0.000000e+00
         vertex -1.609710e+01 -4.202301e+00 0.000000e+00
         vertex -1.537506e+01 -2.460625e+00 0.000000e+00
      endloop
   endfacet
   facet normal 0.000000e+00 0.000000e+00 -1.000000e+00
      outer loop
         vertex -1.609710e+01 -4.202301e+00 0.000000e+00
         vertex -1.613016e+01 -4.233459e+00 0.000000e+00
         vertex -1.537506e+01 -2.460625e+00 0.000000e+00
      endloop
   endfacet
   facet normal 0.000000e+00 0.000000e+00 -1.000000e+00
      outer loop
         vertex -1.613016e+01 -4.233459e+00 0.000000e+00
         vertex -1.616631e+01 -4.260970e+00 0.000000e+00
         vertex -1.537506e+01 -2.460625e+00 0.000000e+00
      endloop
   endfacet
   facet normal 0.000000e+00 0.000000e+00 -1.000000e+00
      outer loop
         vertex -1.616631e+01 -4.260970e+00 0.000000e+00
         vertex -1.620528e+01 -4.283898e+00 0.000000e+00
         vertex -1.537506e+01 -2.460625e+00 0.000000e+00
      endloop
   endfacet
   facet normal 0.000000e+00 0.000000e+00 -1.000000e+00
      outer loop
         vertex -1.620528e+01 -4.283898e+00 0.000000e+00
         vertex -1.624692e+01 -4.301500e+00 0.000000e+00
         vertex -1.537506e+01 -2.460625e+00 0.000000e+00
      endloop
   endfacet
   facet normal 0.000000e+00 0.000000e+00 -1.000000e+00
      outer loop
         vertex -1.624692e+01 -4.301500e+00 0.000000e+00
         vertex -1.628164e+01 -4.310382e+00 0.000000e+00
         vertex -1.537506e+01 -2.460625e+00 0.000000e+00
      endloop
   endfacet
   facet normal 0.000000e+00 0.000000e+00 -1.000000e+00
      outer loop
         vertex -1.628164e+01 -4.310382e+00 0.000000e+00
         vertex -1.631735e+01 -4.313370e+00 0.000000e+00
         vertex -1.537506e+01 -2.460625e+00 0.000000e+00
      endloop
   endfacet
   facet normal 0.000000e+00 0.000000e+00 -1.000000e+00
      outer loop
         vertex -1.631735e+01 -4.313370e+00 0.000000e+00
         vertex -1.634900e+01 -4.310589e+00 0.000000e+00
         vertex -1.537506e+01 -2.460625e+00 0.000000e+00
      endloop
   endfacet
   facet normal 0.000000e+00 0.000000e+00 -1.000000e+00
      outer loop
         vertex -1.634900e+01 -4.310589e+00 0.000000e+00
         vertex -1.637968e+01 -4.302333e+00 0.000000e+00
         vertex -1.537506e+01 -2.460625e+00 0.000000e+00
      endloop
   endfacet
   facet normal 0.000000e+00 0.000000e+00 -1.000000e+00
      outer loop
         vertex -1.637968e+01 -4.302333e+00 0.000000e+00
         vertex -1.640476e+01 -4.290196e+00 0.000000e+00
         vertex -1.537506e+01 -2.460625e+00 0.000000e+00
      endloop
   endfacet
   facet normal 0.000000e+00 0.000000e+00 -1.000000e+00
      outer loop
         vertex -1.640476e+01 -4.290196e+00 0.000000e+00
         vertex -1.642692e+01 -4.273310e+00 0.000000e+00
         vertex -1.537506e+01 -2.460625e+00 0.000000e+00
      endloop
   endfacet
   facet normal 0.000000e+00 0.000000e+00 -1.000000e+00
      outer loop
         vertex -1.642692e+01 -4.273310e+00 0.000000e+00
         vertex -1.645133e+01 -4.226451e+00 0.000000e+00
         vertex -1.537506e+01 -2.460625e+00 0.000000e+00
      endloop
   endfacet
   facet normal 0.000000e+00 -0.000000e+00 -1.000000e+00
      outer loop
         vertex -1.645133e+01 -4.226451e+00 0.000000e+00
         vertex -1.643959e+01 -4.159291e+00 0.000000e+00
         vertex -1.537506e+01 -2.460625e+00 0.000000e+00
      endloop
   endfacet
   facet normal 0.000000e+00 0.000000e+00 -1.000000e+00
      outer loop
         vertex -1.643959e+01 -4.159291e+00 0.000000e+00
         vertex -1.480261e+01 -1.534170e-01 0.000000e+00
         vertex -1.537506e+01 -2.460625e+00 0.000000e+00
      endloop
   endfacet
   facet normal 0.000000e+00 0.000000e+00 -1.000000e+00
      outer loop
         vertex -1.480261e+01 -1.534170e-01 0.000000e+00
         vertex -1.478523e+01 -1.189691e-01 0.000000e+00
         vertex -1.537506e+01 -2.460625e+00 0.000000e+00
      endloop
   endfacet
   facet normal 0.000000e+00 -0.000000e+00 -1.000000e+00
      outer loop
         vertex -1.537506e+01 -2.460625e+00 0.000000e+00
         vertex -1.524963e+01 -2.153708e+00 0.000000e+00
         vertex -1.352033e+01 -2.460625e+00 0.000000e+00
      endloop
   endfacet
   facet normal -0.000000e+00 0.000000e+00 -1.000000e+00
      outer loop
         vertex -1.524963e+01 -2.153708e+00 0.000000e+00
         vertex -1.339490e+01 -2.153708e+00 0.000000e+00
         vertex -1.352033e+01 -2.460625e+00 0.000000e+00
      endloop
   endfacet
   facet normal 0.000000e+00 0.000000e+00 -1.000000e+00
      outer loop
         vertex -1.352033e+01 -2.460625e+00 0.000000e+00
         vertex -1.339490e+01 -2.153708e+00 0.000000e+00
         vertex -1.421445e+01 -4.159250e+00 0.000000e+00
      endloop
   endfacet
   facet normal 0.000000e+00 0.000000e+00 -1.000000e+00
      outer loop
         vertex -1.339490e+01 -2.153708e+00 0.000000e+00
         vertex -1.257751e+01 -1.534583e-01 0.000000e+00
         vertex -1.421445e+01 -4.159250e+00 0.000000e+00
      endloop
   endfacet
   facet normal 0.000000e+00 0.000000e+00 -1.000000e+00
      outer loop
         vertex -1.421445e+01 -4.159250e+00 0.000000e+00
         vertex -1.257751e+01 -1.534583e-01 0.000000e+00
         vertex -1.422619e+01 -4.226398e+00 0.000000e+00
      endloop
   endfacet
   facet normal 0.000000e+00 0.000000e+00 -1.000000e+00
      outer loop
         vertex -1.257751e+01 -1.534583e-01 0.000000e+00
         vertex -1.256011e+01 -1.189920e-01 0.000000e+00
         vertex -1.422619e+01 -4.226398e+00 0.000000e+00
      endloop
   endfacet
   facet normal 0.000000e+00 0.000000e+00 -1.000000e+00
      outer loop
         vertex -1.422619e+01 -4.226398e+00 0.000000e+00
         vertex -1.256011e+01 -1.189920e-01 0.000000e+00
         vertex -1.420178e+01 -4.273290e+00 0.000000e+00
      endloop
   endfacet
   facet normal 0.000000e+00 0.000000e+00 -1.000000e+00
      outer loop
         vertex -1.256011e+01 -1.189920e-01 0.000000e+00
         vertex -1.253749e+01 -8.770511e-02 0.000000e+00
         vertex -1.420178e+01 -4.273290e+00 0.000000e+00
      endloop
   endfacet
   facet normal 0.000000e+00 0.000000e+00 -1.000000e+00
      outer loop
         vertex -1.420178e+01 -4.273290e+00 0.000000e+00
         vertex -1.253749e+01 -8.770511e-02 0.000000e+00
         vertex -1.417961e+01 -4.290184e+00 0.000000e+00
      endloop
   endfacet
   facet normal 0.000000e+00 0.000000e+00 -1.000000e+00
      outer loop
         vertex -1.253749e+01 -8.770511e-02 0.000000e+00
         vertex -1.250963e+01 -5.970496e-02 0.000000e+00
         vertex -1.417961e+01 -4.290184e+00 0.000000e+00
      endloop
   endfacet
   facet normal 0.000000e+00 0.000000e+00 -1.000000e+00
      outer loop
         vertex -1.417961e+01 -4.290184e+00 0.000000e+00
         vertex -1.250963e+01 -5.970496e-02 0.000000e+00
         vertex -1.415453e+01 -4.302329e+00 0.000000e+00
      endloop
   endfacet
   facet normal 0.000000e+00 0.000000e+00 -1.000000e+00
      outer loop
         vertex -1.250963e+01 -5.970496e-02 0.000000e+00
         vertex -1.247779e+01 -3.633890e-02 0.000000e+00
         vertex -1.415453e+01 -4.302329e+00 0.000000e+00
      endloop
   endfacet
   facet normal 0.000000e+00 0.000000e+00 -1.000000e+00
      outer loop
         vertex -1.415453e+01 -4.302329e+00 0.000000e+00
         vertex -1.247779e+01 -3.633890e-02 0.000000e+00
         vertex -1.412385e+01 -4.310588e+00 0.000000e+00
      endloop
   endfacet
   facet normal 0.000000e+00 0.000000e+00 -1.000000e+00
      outer loop
         vertex -1.247779e+01 -3.633890e-02 0.000000e+00
         vertex -1.244392e+01 -2.041996e-02 0.000000e+00
         vertex -1.412385e+01 -4.310588e+00 0.000000e+00
      endloop
   endfacet
   facet normal 0.000000e+00 0.000000e+00 -1.000000e+00
      outer loop
         vertex -1.412385e+01 -4.310588e+00 0.000000e+00
         vertex -1.244392e+01 -2.041996e-02 0.000000e+00
         vertex -1.409220e+01 -4.313370e+00 0.000000e+00
      endloop
   endfacet
   facet normal 0.000000e+00 0.000000e+00 -1.000000e+00
      outer loop
         vertex -1.244392e+01 -2.041996e-02 0.000000e+00
         vertex -1.240828e+01 -9.030613e-03 0.000000e+00
         vertex -1.409220e+01 -4.313370e+00 0.000000e+00
      endloop
   endfacet
   facet normal 0.000000e+00 0.000000e+00 -1.000000e+00
      outer loop
         vertex -1.409220e+01 -4.313370e+00 0.000000e+00
         vertex -1.240828e+01 -9.030613e-03 0.000000e+00
         vertex -1.405649e+01 -4.310383e+00 0.000000e+00
      endloop
   endfacet
   facet normal 0.000000e+00 0.000000e+00 -1.000000e+00
      outer loop
         vertex -1.240828e+01 -9.030613e-03 0.000000e+00
         vertex -1.236908e+01 -1.770635e-03 0.000000e+00
         vertex -1.405649e+01 -4.310383e+00 0.000000e+00
      endloop
   endfacet
   facet normal 0.000000e+00 0.000000e+00 -1.000000e+00
      outer loop
         vertex -1.405649e+01 -4.310383e+00 0.000000e+00
         vertex -1.236908e+01 -1.770635e-03 0.000000e+00
         vertex -1.402178e+01 -4.301505e+00 0.000000e+00
      endloop
   endfacet
   facet normal 0.000000e+00 0.000000e+00 -1.000000e+00
      outer loop
         vertex -1.236908e+01 -1.770635e-03 0.000000e+00
         vertex -1.232929e+01 6.614280e-04 0.000000e+00
         vertex -1.402178e+01 -4.301505e+00 0.000000e+00
      endloop
   endfacet
   facet normal 0.000000e+00 0.000000e+00 -1.000000e+00
      outer loop
         vertex -1.402178e+01 -4.301505e+00 0.000000e+00
         vertex -1.232929e+01 6.614280e-04 0.000000e+00
         vertex -1.398013e+01 -4.283909e+00 0.000000e+00
      endloop
   endfacet
   facet normal -0.000000e+00 0.000000e+00 -1.000000e+00
      outer loop
         vertex -1.232929e+01 6.614280e-04 0.000000e+00
         vertex -1.231298e+01 -6.140285e-04 0.000000e+00
         vertex -1.398013e+01 -4.283909e+00 0.000000e+00
      endloop
   endfacet
   facet normal 0.000000e+00 0.000000e+00 -1.000000e+00
      outer loop
         vertex -1.398013e+01 -4.283909e+00 0.000000e+00
         vertex -1.231298e+01 -6.140285e-04 0.000000e+00
         vertex -1.394116e+01 -4.260991e+00 0.000000e+00
      endloop
   endfacet
   facet normal -0.000000e+00 0.000000e+00 -1.000000e+00
      outer loop
         vertex -1.231298e+01 -6.140285e-04 0.000000e+00
         vertex -1.229707e+01 -4.409384e-03 0.000000e+00
         vertex -1.394116e+01 -4.260991e+00 0.000000e+00
      endloop
   endfacet
   facet normal 0.000000e+00 0.000000e+00 -1.000000e+00
      outer loop
         vertex -1.394116e+01 -4.260991e+00 0.000000e+00
         vertex -1.229707e+01 -4.409384e-03 0.000000e+00
         vertex -1.390501e+01 -4.233490e+00 0.000000e+00
      endloop
   endfacet
   facet normal -0.000000e+00 0.000000e+00 -1.000000e+00
      outer loop
         vertex -1.229707e+01 -4.409384e-03 0.000000e+00
         vertex -1.225547e+01 -1.917043e-02 0.000000e+00
         vertex -1.390501e+01 -4.233490e+00 0.000000e+00
      endloop
   endfacet
   facet normal 0.000000e+00 0.000000e+00 -1.000000e+00
      outer loop
         vertex -1.390501e+01 -4.233490e+00 0.000000e+00
         vertex -1.225547e+01 -1.917043e-02 0.000000e+00
         vertex -1.387195e+01 -4.202339e+00 0.000000e+00
      endloop
   endfacet
   facet normal -0.000000e+00 0.000000e+00 -1.000000e+00
      outer loop
         vertex -1.225547e+01 -1.917043e-02 0.000000e+00
         vertex -1.221478e+01 -3.629756e-02 0.000000e+00
         vertex -1.387195e+01 -4.202339e+00 0.000000e+00
      endloop
   endfacet
   facet normal 0.000000e+00 0.000000e+00 -1.000000e+00
      outer loop
         vertex -1.387195e+01 -4.202339e+00 0.000000e+00
         vertex -1.221478e+01 -3.629756e-02 0.000000e+00
         vertex -1.385597e+01 -4.182125e+00 0.000000e+00
      endloop
   endfacet
   facet normal -0.000000e+00 0.000000e+00 -1.000000e+00
      outer loop
         vertex -1.221478e+01 -3.629756e-02 0.000000e+00
         vertex -1.219326e+01 -7.785489e-02 0.000000e+00
         vertex -1.385597e+01 -4.182125e+00 0.000000e+00
      endloop
   endfacet
   facet normal 0.000000e+00 0.000000e+00 -1.000000e+00
      outer loop
         vertex -1.385597e+01 -4.182125e+00 0.000000e+00
         vertex -1.219326e+01 -7.785489e-02 0.000000e+00
         vertex -1.384403e+01 -4.159291e+00 0.000000e+00
      endloop
   endfacet
   facet normal -0.000000e+00 0.000000e+00 -1.000000e+00
      outer loop
         vertex -1.219326e+01 -7.785489e-02 0.000000e+00
         vertex -1.220705e+01 -1.534170e-01 0.000000e+00
         vertex -1.384403e+01 -4.159291e+00 0.000000e+00
      endloop
   endfacet
   facet normal 0.000000e+00 0.000000e+00 -1.000000e+00
      outer loop
         vertex -1.524963e+01 -2.153708e+00 0.000000e+00
         vertex -1.537506e+01 -2.460625e+00 0.000000e+00
         vertex -1.443223e+01 -1.534583e-01 0.000000e+00
      endloop
   endfacet
   facet normal 0.000000e+00 -0.000000e+00 -1.000000e+00
      outer loop
         vertex -1.537506e+01 -2.460625e+00 0.000000e+00
         vertex -1.478523e+01 -1.189691e-01 0.000000e+00
         vertex -1.443223e+01 -1.534583e-01 0.000000e+00
      endloop
   endfacet
   facet normal 0.000000e+00 0.000000e+00 -1.000000e+00
      outer loop
         vertex -1.443223e+01 -1.534583e-01 0.000000e+00
         vertex -1.478523e+01 -1.189691e-01 0.000000e+00
         vertex -1.441843e+01 -7.781322e-02 0.000000e+00
      endloop
   endfacet
   facet normal 0.000000e+00 -0.000000e+00 -1.000000e+00
      outer loop
         vertex -1.478523e+01 -1.189691e-01 0.000000e+00
         vertex -1.476263e+01 -8.769795e-02 0.000000e+00
         vertex -1.441843e+01 -7.781322e-02 0.000000e+00
      endloop
   endfacet
   facet normal 0.000000e+00 0.000000e+00 -1.000000e+00
      outer loop
         vertex -1.441843e+01 -7.781322e-02 0.000000e+00
         vertex -1.476263e+01 -8.769795e-02 0.000000e+00
         vertex -1.443992e+01 -3.633890e-02 0.000000e+00
      endloop
   endfacet
   facet normal 0.000000e+00 -0.000000e+00 -1.000000e+00
      outer loop
         vertex -1.476263e+01 -8.769795e-02 0.000000e+00
         vertex -1.473478e+01 -5.968234e-02 0.000000e+00
         vertex -1.443992e+01 -3.633890e-02 0.000000e+00
      endloop
   endfacet
   facet normal 0.000000e+00 0.000000e+00 -1.000000e+00
      outer loop
         vertex -1.443992e+01 -3.633890e-02 0.000000e+00
         vertex -1.473478e+01 -5.968234e-02 0.000000e+00
         vertex -1.448061e+01 -1.919262e-02 0.000000e+00
      endloop
   endfacet
   facet normal 0.000000e+00 -0.000000e+00 -1.000000e+00
      outer loop
         vertex -1.473478e+01 -5.968234e-02 0.000000e+00
         vertex -1.470294e+01 -3.629756e-02 0.000000e+00
         vertex -1.448061e+01 -1.919262e-02 0.000000e+00
      endloop
   endfacet
   facet normal 0.000000e+00 0.000000e+00 -1.000000e+00
      outer loop
         vertex -1.448061e+01 -1.919262e-02 0.000000e+00
         vertex -1.470294e+01 -3.629756e-02 0.000000e+00
         vertex -1.452222e+01 -4.414433e-03 0.000000e+00
      endloop
   endfacet
   facet normal 0.000000e+00 -0.000000e+00 -1.000000e+00
      outer loop
         vertex -1.470294e+01 -3.629756e-02 0.000000e+00
         vertex -1.466907e+01 -2.039634e-02 0.000000e+00
         vertex -1.452222e+01 -4.414433e-03 0.000000e+00
      endloop
   endfacet
   facet normal 0.000000e+00 0.000000e+00 -1.000000e+00
      outer loop
         vertex -1.452222e+01 -4.414433e-03 0.000000e+00
         vertex -1.466907e+01 -2.039634e-02 0.000000e+00
         vertex -1.453813e+01 -6.153147e-04 0.000000e+00
      endloop
   endfacet
   facet normal 0.000000e+00 -0.000000e+00 -1.000000e+00
      outer loop
         vertex -1.466907e+01 -2.039634e-02 0.000000e+00
         vertex -1.463343e+01 -9.020717e-03 0.000000e+00
         vertex -1.453813e+01 -6.153147e-04 0.000000e+00
      endloop
   endfacet
   facet normal 0.000000e+00 0.000000e+00 -1.000000e+00
      outer loop
         vertex -1.453813e+01 -6.153147e-04 0.000000e+00
         vertex -1.463343e+01 -9.020717e-03 0.000000e+00
         vertex -1.455444e+01 6.614280e-04 0.000000e+00
      endloop
   endfacet
   facet normal 0.000000e+00 -0.000000e+00 -1.000000e+00
      outer loop
         vertex -1.463343e+01 -9.020717e-03 0.000000e+00
         vertex -1.459423e+01 -1.768132e-03 0.000000e+00
         vertex -1.455444e+01 6.614280e-04 0.000000e+00
      endloop
   endfacet
   facet normal -8.790832e-01 -4.766683e-01 0.000000e+00
      outer loop
         vertex -4.581405e+00 -4.061023e+00 0.000000e+00
         vertex -4.570000e+00 -4.082057e+00 0.000000e+00
         vertex -4.570000e+00 -4.082057e+00 5.000000e+00
      endloop
   endfacet
   facet normal -8.790832e-01 -4.766683e-01 0.000000e+00
      outer loop
         vertex -4.581405e+00 -4.061023e+00 0.000000e+00
         vertex -4.570000e+00 -4.082057e+00 5.000000e+00
         vertex -4.581405e+00 -4.061023e+00 5.000000e+00
      endloop
   endfacet
   facet normal -6.603875e-01 -7.509250e-01 0.000000e+00
      outer loop
         vertex -4.570000e+00 -4.082057e+00 0.000000e+00
         vertex -4.552032e+00 -4.097858e+00 0.000000e+00
         vertex -4.552032e+00 -4.097858e+00 5.000000e+00
      endloop
   endfacet
   facet normal -6.603875e-01 -7.509250e-01 0.000000e+00
      outer loop
         vertex -4.570000e+00 -4.082057e+00 0.000000e+00
         vertex -4.552032e+00 -4.097858e+00 5.000000e+00
         vertex -4.570000e+00 -4.082057e+00 5.000000e+00
      endloop
   endfacet
   facet normal -5.473048e-01 -8.369334e-01 0.000000e+00
      outer loop
         vertex -4.552032e+00 -4.097858e+00 0.000000e+00
         vertex -4.479092e+00 -4.145557e+00 0.000000e+00
         vertex -4.479092e+00 -4.145557e+00 5.000000e+00
      endloop
   endfacet
   facet normal -5.473048e-01 -8.369334e-01 0.000000e+00
      outer loop
         vertex -4.552032e+00 -4.097858e+00 0.000000e+00
         vertex -4.479092e+00 -4.145557e+00 5.000000e+00
         vertex -4.552032e+00 -4.097858e+00 5.000000e+00
      endloop
   endfacet
   facet normal -4.558744e-01 -8.900441e-01 0.000000e+00
      outer loop
         vertex -4.479092e+00 -4.145557e+00 0.000000e+00
         vertex -4.401522e+00 -4.185288e+00 0.000000e+00
         vertex -4.401522e+00 -4.185288e+00 5.000000e+00
      endloop
   endfacet
   facet normal -4.558744e-01 -8.900441e-01 0.000000e+00
      outer loop
         vertex -4.479092e+00 -4.145557e+00 0.000000e+00
         vertex -4.401522e+00 -4.185288e+00 5.000000e+00
         vertex -4.479092e+00 -4.145557e+00 5.000000e+00
      endloop
   endfacet
   facet normal -3.694239e-01 -9.292610e-01 0.000000e+00
      outer loop
         vertex -4.401522e+00 -4.185288e+00 0.000000e+00
         vertex -4.299827e+00 -4.225717e+00 0.000000e+00
         vertex -4.299827e+00 -4.225717e+00 5.000000e+00
      endloop
   endfacet
   facet normal -3.694239e-01 -9.292610e-01 0.000000e+00
      outer loop
         vertex -4.401522e+00 -4.185288e+00 0.000000e+00
         vertex -4.299827e+00 -4.225717e+00 5.000000e+00
         vertex -4.401522e+00 -4.185288e+00 5.000000e+00
      endloop
   endfacet
   facet normal -2.900214e-01 -9.570202e-01 0.000000e+00
      outer loop
         vertex -4.299827e+00 -4.225717e+00 0.000000e+00
         vertex -4.195093e+00 -4.257456e+00 0.000000e+00
         vertex -4.195093e+00 -4.257456e+00 5.000000e+00
      endloop
   endfacet
   facet normal -2.900214e-01 -9.570202e-01 0.000000e+00
      outer loop
         vertex -4.299827e+00 -4.225717e+00 0.000000e+00
         vertex -4.195093e+00 -4.257456e+00 5.000000e+00
         vertex -4.299827e+00 -4.225717e+00 5.000000e+00
      endloop
   endfacet
   facet normal -2.213256e-01 -9.752000e-01 0.000000e+00
      outer loop
         vertex -4.195093e+00 -4.257456e+00 0.000000e+00
         vertex -4.087682e+00 -4.281833e+00 0.000000e+00
         vertex -4.087682e+00 -4.281833e+00 5.000000e+00
      endloop
   endfacet
   facet normal -2.213256e-01 -9.752000e-01 0.000000e+00
      outer loop
         vertex -4.195093e+00 -4.257456e+00 0.000000e+00
         vertex -4.087682e+00 -4.281833e+00 5.000000e+00
         vertex -4.195093e+00 -4.257456e+00 5.000000e+00
      endloop
   endfacet
   facet normal -1.644127e-01 -9.863916e-01 0.000000e+00
      outer loop
         vertex -4.087682e+00 -4.281833e+00 0.000000e+00
         vertex -3.979038e+00 -4.299942e+00 0.000000e+00
         vertex -3.979038e+00 -4.299942e+00 5.000000e+00
      endloop
   endfacet
   facet normal -1.644127e-01 -9.863916e-01 0.000000e+00
      outer loop
         vertex -4.087682e+00 -4.281833e+00 0.000000e+00
         vertex -3.979038e+00 -4.299942e+00 5.000000e+00
         vertex -4.087682e+00 -4.281833e+00 5.000000e+00
      endloop
   endfacet
   facet normal -1.019438e-01 -9.947902e-01 0.000000e+00
      outer loop
         vertex -3.979038e+00 -4.299942e+00 0.000000e+00
         vertex -3.885641e+00 -4.309513e+00 0.000000e+00
         vertex -3.885641e+00 -4.309513e+00 5.000000e+00
      endloop
   endfacet
   facet normal -1.019438e-01 -9.947902e-01 0.000000e+00
      outer loop
         vertex -3.979038e+00 -4.299942e+00 0.000000e+00
         vertex -3.885641e+00 -4.309513e+00 5.000000e+00
         vertex -3.979038e+00 -4.299942e+00 5.000000e+00
      endloop
   endfacet
   facet normal -3.403370e-02 -9.994207e-01 0.000000e+00
      outer loop
         vertex -3.885641e+00 -4.309513e+00 0.000000e+00
         vertex -3.791810e+00 -4.312708e+00 0.000000e+00
         vertex -3.791810e+00 -4.312708e+00 5.000000e+00
      endloop
   endfacet
   facet normal -3.403370e-02 -9.994207e-01 0.000000e+00
      outer loop
         vertex -3.885641e+00 -4.309513e+00 0.000000e+00
         vertex -3.791810e+00 -4.312708e+00 5.000000e+00
         vertex -3.885641e+00 -4.309513e+00 5.000000e+00
      endloop
   endfacet
   facet normal 0.000000e+00 -1.000000e+00 0.000000e+00
      outer loop
         vertex -3.791810e+00 -4.312708e+00 0.000000e+00
         vertex -3.247430e+00 -4.312708e+00 0.000000e+00
         vertex -3.247430e+00 -4.312708e+00 5.000000e+00
      endloop
   endfacet
   facet normal -0.000000e+00 -1.000000e+00 0.000000e+00
      outer loop
         vertex -3.791810e+00 -4.312708e+00 0.000000e+00
         vertex -3.247430e+00 -4.312708e+00 5.000000e+00
         vertex -3.791810e+00 -4.312708e+00 5.000000e+00
      endloop
   endfacet
   facet normal 7.480182e-02 -9.971984e-01 0.000000e+00
      outer loop
         vertex -3.247430e+00 -4.312708e+00 0.000000e+00
         vertex -3.010867e+00 -4.294963e+00 0.000000e+00
         vertex -3.010867e+00 -4.294963e+00 5.000000e+00
      endloop
   endfacet
   facet normal 7.480182e-02 -9.971984e-01 0.000000e+00
      outer loop
         vertex -3.247430e+00 -4.312708e+00 0.000000e+00
         vertex -3.010867e+00 -4.294963e+00 5.000000e+00
         vertex -3.247430e+00 -4.312708e+00 5.000000e+00
      endloop
   endfacet
   facet normal 2.227332e-01 -9.748794e-01 0.000000e+00
      outer loop
         vertex -3.010867e+00 -4.294963e+00 0.000000e+00
         vertex -2.779599e+00 -4.242125e+00 0.000000e+00
         vertex -2.779599e+00 -4.242125e+00 5.000000e+00
      endloop
   endfacet
   facet normal 2.227332e-01 -9.748794e-01 0.000000e+00
      outer loop
         vertex -3.010867e+00 -4.294963e+00 0.000000e+00
         vertex -2.779599e+00 -4.242125e+00 5.000000e+00
         vertex -3.010867e+00 -4.294963e+00 5.000000e+00
      endloop
   endfacet
   facet normal 3.607985e-01 -9.326438e-01 0.000000e+00
      outer loop
         vertex -2.779599e+00 -4.242125e+00 0.000000e+00
         vertex -2.541928e+00 -4.150180e+00 0.000000e+00
         vertex -2.541928e+00 -4.150180e+00 5.000000e+00
      endloop
   endfacet
   facet normal 3.607985e-01 -9.326438e-01 0.000000e+00
      outer loop
         vertex -2.779599e+00 -4.242125e+00 0.000000e+00
         vertex -2.541928e+00 -4.150180e+00 5.000000e+00
         vertex -2.779599e+00 -4.242125e+00 5.000000e+00
      endloop
   endfacet
   facet normal 4.867770e-01 -8.735263e-01 0.000000e+00
      outer loop
         vertex -2.541928e+00 -4.150180e+00 0.000000e+00
         vertex -2.319321e+00 -4.026132e+00 0.000000e+00
         vertex -2.319321e+00 -4.026132e+00 5.000000e+00
      endloop
   endfacet
   facet normal 4.867770e-01 -8.735263e-01 0.000000e+00
      outer loop
         vertex -2.541928e+00 -4.150180e+00 0.000000e+00
         vertex -2.319321e+00 -4.026132e+00 5.000000e+00
         vertex -2.541928e+00 -4.150180e+00 5.000000e+00
      endloop
   endfacet
   facet normal 5.974937e-01 -8.018736e-01 0.000000e+00
      outer loop
         vertex -2.319321e+00 -4.026132e+00 0.000000e+00
         vertex -2.128911e+00 -3.884253e+00 0.000000e+00
         vertex -2.128911e+00 -3.884253e+00 5.000000e+00
      endloop
   endfacet
   facet normal 5.974937e-01 -8.018736e-01 0.000000e+00
      outer loop
         vertex -2.319321e+00 -4.026132e+00 0.000000e+00
         vertex -2.128911e+00 -3.884253e+00 5.000000e+00
         vertex -2.319321e+00 -4.026132e+00 5.000000e+00
      endloop
   endfacet
   facet normal 7.017069e-01 -7.124658e-01 0.000000e+00
      outer loop
         vertex -2.128911e+00 -3.884253e+00 0.000000e+00
         vertex -1.959731e+00 -3.717628e+00 0.000000e+00
         vertex -1.959731e+00 -3.717628e+00 5.000000e+00
      endloop
   endfacet
   facet normal 7.017069e-01 -7.124658e-01 0.000000e+00
      outer loop
         vertex -2.128911e+00 -3.884253e+00 0.000000e+00
         vertex -1.959731e+00 -3.717628e+00 5.000000e+00
         vertex -2.128911e+00 -3.884253e+00 5.000000e+00
      endloop
   endfacet
   facet normal 8.019667e-01 -5.973688e-01 0.000000e+00
      outer loop
         vertex -1.959731e+00 -3.717628e+00 0.000000e+00
         vertex -1.843494e+00 -3.561580e+00 0.000000e+00
         vertex -1.843494e+00 -3.561580e+00 5.000000e+00
      endloop
   endfacet
   facet normal 8.019667e-01 -5.973688e-01 0.000000e+00
      outer loop
         vertex -1.959731e+00 -3.717628e+00 0.000000e+00
         vertex -1.843494e+00 -3.561580e+00 5.000000e+00
         vertex -1.959731e+00 -3.717628e+00 5.000000e+00
      endloop
   endfacet
   facet normal 8.906347e-01 -4.547196e-01 0.000000e+00
      outer loop
         vertex -1.843494e+00 -3.561580e+00 0.000000e+00
         vertex -1.755014e+00 -3.388279e+00 0.000000e+00
         vertex -1.755014e+00 -3.388279e+00 5.000000e+00
      endloop
   endfacet
   facet normal 8.906347e-01 -4.547196e-01 0.000000e+00
      outer loop
         vertex -1.843494e+00 -3.561580e+00 0.000000e+00
         vertex -1.755014e+00 -3.388279e+00 5.000000e+00
         vertex -1.843494e+00 -3.561580e+00 5.000000e+00
      endloop
   endfacet
   facet normal 9.345778e-01 -3.557587e-01 0.000000e+00
      outer loop
         vertex -1.755014e+00 -3.388279e+00 0.000000e+00
         vertex -1.737610e+00 -3.342558e+00 0.000000e+00
         vertex -1.737610e+00 -3.342558e+00 5.000000e+00
      endloop
   endfacet
   facet normal 9.345778e-01 -3.557587e-01 0.000000e+00
      outer loop
         vertex -1.755014e+00 -3.388279e+00 0.000000e+00
         vertex -1.737610e+00 -3.342558e+00 5.000000e+00
         vertex -1.755014e+00 -3.388279e+00 5.000000e+00
      endloop
   endfacet
   facet normal 9.507239e-01 -3.100388e-01 0.000000e+00
      outer loop
         vertex -1.737610e+00 -3.342558e+00 0.000000e+00
         vertex -1.722443e+00 -3.296047e+00 0.000000e+00
         vertex -1.722443e+00 -3.296047e+00 5.000000e+00
      endloop
   endfacet
   facet normal 9.507239e-01 -3.100388e-01 0.000000e+00
      outer loop
         vertex -1.737610e+00 -3.342558e+00 0.000000e+00
         vertex -1.722443e+00 -3.296047e+00 5.000000e+00
         vertex -1.737610e+00 -3.342558e+00 5.000000e+00
      endloop
   endfacet
   facet normal 9.653313e-01 -2.610278e-01 0.000000e+00
      outer loop
         vertex -1.722443e+00 -3.296047e+00 0.000000e+00
         vertex -1.710931e+00 -3.253476e+00 0.000000e+00
         vertex -1.710931e+00 -3.253476e+00 5.000000e+00
      endloop
   endfacet
   facet normal 9.653313e-01 -2.610278e-01 0.000000e+00
      outer loop
         vertex -1.722443e+00 -3.296047e+00 0.000000e+00
         vertex -1.710931e+00 -3.253476e+00 5.000000e+00
         vertex -1.722443e+00 -3.296047e+00 5.000000e+00
      endloop
   endfacet
   facet normal 9.779715e-01 -2.087385e-01 0.000000e+00
      outer loop
         vertex -1.710931e+00 -3.253476e+00 0.000000e+00
         vertex -1.701726e+00 -3.210347e+00 0.000000e+00
         vertex -1.701726e+00 -3.210347e+00 5.000000e+00
      endloop
   endfacet
   facet normal 9.779715e-01 -2.087385e-01 0.000000e+00
      outer loop
         vertex -1.710931e+00 -3.253476e+00 0.000000e+00
         vertex -1.701726e+00 -3.210347e+00 5.000000e+00
         vertex -1.710931e+00 -3.253476e+00 5.000000e+00
      endloop
   endfacet
   facet normal 9.881521e-01 -1.534780e-01 0.000000e+00
      outer loop
         vertex -1.701726e+00 -3.210347e+00 0.000000e+00
         vertex -1.694966e+00 -3.166823e+00 0.000000e+00
         vertex -1.694966e+00 -3.166823e+00 5.000000e+00
      endloop
   endfacet
   facet normal 9.881521e-01 -1.534780e-01 0.000000e+00
      outer loop
         vertex -1.701726e+00 -3.210347e+00 0.000000e+00
         vertex -1.694966e+00 -3.166823e+00 5.000000e+00
         vertex -1.701726e+00 -3.210347e+00 5.000000e+00
      endloop
   endfacet
   facet normal 9.954441e-01 -9.534717e-02 0.000000e+00
      outer loop
         vertex -1.694966e+00 -3.166823e+00 0.000000e+00
         vertex -1.690766e+00 -3.122978e+00 0.000000e+00
         vertex -1.690766e+00 -3.122978e+00 5.000000e+00
      endloop
   endfacet
   facet normal 9.954441e-01 -9.534717e-02 0.000000e+00
      outer loop
         vertex -1.694966e+00 -3.166823e+00 0.000000e+00
         vertex -1.690766e+00 -3.122978e+00 5.000000e+00
         vertex -1.694966e+00 -3.166823e+00 5.000000e+00
      endloop
   endfacet
   facet normal 9.993851e-01 -3.506322e-02 0.000000e+00
      outer loop
         vertex -1.690766e+00 -3.122978e+00 0.000000e+00
         vertex -1.689312e+00 -3.081546e+00 0.000000e+00
         vertex -1.689312e+00 -3.081546e+00 5.000000e+00
      endloop
   endfacet
   facet normal 9.993851e-01 -3.506322e-02 0.000000e+00
      outer loop
         vertex -1.690766e+00 -3.122978e+00 0.000000e+00
         vertex -1.689312e+00 -3.081546e+00 5.000000e+00
         vertex -1.690766e+00 -3.122978e+00 5.000000e+00
      endloop
   endfacet
   facet normal 9.996304e-01 2.718747e-02 -0.000000e+00
      outer loop
         vertex -1.689312e+00 -3.081546e+00 0.000000e+00
         vertex -1.690439e+00 -3.040104e+00 0.000000e+00
         vertex -1.690439e+00 -3.040104e+00 5.000000e+00
      endloop
   endfacet
   facet normal 9.996304e-01 2.718747e-02 0.000000e+00
      outer loop
         vertex -1.689312e+00 -3.081546e+00 0.000000e+00
         vertex -1.690439e+00 -3.040104e+00 5.000000e+00
         vertex -1.689312e+00 -3.081546e+00 5.000000e+00
      endloop
   endfacet
   facet normal 9.656058e-01 2.600103e-01 -0.000000e+00
      outer loop
         vertex -1.690439e+00 -3.040104e+00 0.000000e+00
         vertex -1.715880e+00 -2.945623e+00 0.000000e+00
         vertex -1.715880e+00 -2.945623e+00 5.000000e+00
      endloop
   endfacet
   facet normal 9.656058e-01 2.600103e-01 0.000000e+00
      outer loop
         vertex -1.690439e+00 -3.040104e+00 0.000000e+00
         vertex -1.715880e+00 -2.945623e+00 5.000000e+00
         vertex -1.690439e+00 -3.040104e+00 5.000000e+00
      endloop
   endfacet
   facet normal 9.375654e-01 3.478090e-01 -0.000000e+00
      outer loop
         vertex -1.715880e+00 -2.945623e+00 0.000000e+00
         vertex -1.749912e+00 -2.853887e+00 0.000000e+00
         vertex -1.749912e+00 -2.853887e+00 5.000000e+00
      endloop
   endfacet
   facet normal 9.375654e-01 3.478090e-01 0.000000e+00
      outer loop
         vertex -1.715880e+00 -2.945623e+00 0.000000e+00
         vertex -1.749912e+00 -2.853887e+00 5.000000e+00
         vertex -1.715880e+00 -2.945623e+00 5.000000e+00
      endloop
   endfacet
   facet normal 8.922988e-01 4.514453e-01 -0.000000e+00
      outer loop
         vertex -1.749912e+00 -2.853887e+00 0.000000e+00
         vertex -1.780367e+00 -2.793691e+00 0.000000e+00
         vertex -1.780367e+00 -2.793691e+00 5.000000e+00
      endloop
   endfacet
   facet normal 8.922988e-01 4.514453e-01 0.000000e+00
      outer loop
         vertex -1.749912e+00 -2.853887e+00 0.000000e+00
         vertex -1.780367e+00 -2.793691e+00 5.000000e+00
         vertex -1.749912e+00 -2.853887e+00 5.000000e+00
      endloop
   endfacet
   facet normal 8.239322e-01 5.666884e-01 -0.000000e+00
      outer loop
         vertex -1.780367e+00 -2.793691e+00 0.000000e+00
         vertex -1.818597e+00 -2.738107e+00 0.000000e+00
         vertex -1.818597e+00 -2.738107e+00 5.000000e+00
      endloop
   endfacet
   facet normal 8.239322e-01 5.666884e-01 0.000000e+00
      outer loop
         vertex -1.780367e+00 -2.793691e+00 0.000000e+00
         vertex -1.818597e+00 -2.738107e+00 5.000000e+00
         vertex -1.780367e+00 -2.793691e+00 5.000000e+00
      endloop
   endfacet
   facet normal 7.838965e-01 6.208916e-01 -0.000000e+00
      outer loop
         vertex -1.818597e+00 -2.738107e+00 0.000000e+00
         vertex -2.909549e+00 -1.360744e+00 0.000000e+00
         vertex -2.909549e+00 -1.360744e+00 5.000000e+00
      endloop
   endfacet
   facet normal 7.838965e-01 6.208916e-01 0.000000e+00
      outer loop
         vertex -1.818597e+00 -2.738107e+00 0.000000e+00
         vertex -2.909549e+00 -1.360744e+00 5.000000e+00
         vertex -1.818597e+00 -2.738107e+00 5.000000e+00
      endloop
   endfacet
   facet normal 8.383057e-01 5.452005e-01 -0.000000e+00
      outer loop
         vertex -2.909549e+00 -1.360744e+00 0.000000e+00
         vertex -2.928360e+00 -1.331819e+00 0.000000e+00
         vertex -2.928360e+00 -1.331819e+00 5.000000e+00
      endloop
   endfacet
   facet normal 8.383057e-01 5.452005e-01 0.000000e+00
      outer loop
         vertex -2.909549e+00 -1.360744e+00 0.000000e+00
         vertex -2.928360e+00 -1.331819e+00 5.000000e+00
         vertex -2.909549e+00 -1.360744e+00 5.000000e+00
      endloop
   endfacet
   facet normal 8.700163e-01 4.930230e-01 -0.000000e+00
      outer loop
         vertex -2.928360e+00 -1.331819e+00 0.000000e+00
         vertex -2.945372e+00 -1.301800e+00 0.000000e+00
         vertex -2.945372e+00 -1.301800e+00 5.000000e+00
      endloop
   endfacet
   facet normal 8.700163e-01 4.930230e-01 0.000000e+00
      outer loop
         vertex -2.928360e+00 -1.331819e+00 0.000000e+00
         vertex -2.945372e+00 -1.301800e+00 5.000000e+00
         vertex -2.928360e+00 -1.331819e+00 5.000000e+00
      endloop
   endfacet
   facet normal 9.011263e-01 4.335567e-01 -0.000000e+00
      outer loop
         vertex -2.945372e+00 -1.301800e+00 0.000000e+00
         vertex -2.957861e+00 -1.275842e+00 0.000000e+00
         vertex -2.957861e+00 -1.275842e+00 5.000000e+00
      endloop
   endfacet
   facet normal 9.011263e-01 4.335567e-01 0.000000e+00
      outer loop
         vertex -2.945372e+00 -1.301800e+00 0.000000e+00
         vertex -2.957861e+00 -1.275842e+00 5.000000e+00
         vertex -2.945372e+00 -1.301800e+00 5.000000e+00
      endloop
   endfacet
   facet normal 9.304149e-01 3.665080e-01 -0.000000e+00
      outer loop
         vertex -2.957861e+00 -1.275842e+00 0.000000e+00
         vertex -2.968418e+00 -1.249040e+00 0.000000e+00
         vertex -2.968418e+00 -1.249040e+00 5.000000e+00
      endloop
   endfacet
   facet normal 9.304149e-01 3.665080e-01 0.000000e+00
      outer loop
         vertex -2.957861e+00 -1.275842e+00 0.000000e+00
         vertex -2.968418e+00 -1.249040e+00 5.000000e+00
         vertex -2.957861e+00 -1.275842e+00 5.000000e+00
      endloop
   endfacet
   facet normal 9.564919e-01 2.917590e-01 -0.000000e+00
      outer loop
         vertex -2.968418e+00 -1.249040e+00 0.000000e+00
         vertex -2.976786e+00 -1.221607e+00 0.000000e+00
         vertex -2.976786e+00 -1.221607e+00 5.000000e+00
      endloop
   endfacet
   facet normal 9.564919e-01 2.917590e-01 0.000000e+00
      outer loop
         vertex -2.968418e+00 -1.249040e+00 0.000000e+00
         vertex -2.976786e+00 -1.221607e+00 5.000000e+00
         vertex -2.968418e+00 -1.249040e+00 5.000000e+00
      endloop
   endfacet
   facet normal 9.778487e-01 2.093131e-01 -0.000000e+00
      outer loop
         vertex -2.976786e+00 -1.221607e+00 0.000000e+00
         vertex -2.982790e+00 -1.193561e+00 0.000000e+00
         vertex -2.982790e+00 -1.193561e+00 5.000000e+00
      endloop
   endfacet
   facet normal 9.778487e-01 2.093131e-01 0.000000e+00
      outer loop
         vertex -2.976786e+00 -1.221607e+00 0.000000e+00
         vertex -2.982790e+00 -1.193561e+00 5.000000e+00
         vertex -2.976786e+00 -1.221607e+00 5.000000e+00
      endloop
   endfacet
   facet normal 9.926791e-01 1.207814e-01 -0.000000e+00
      outer loop
         vertex -2.982790e+00 -1.193561e+00 0.000000e+00
         vertex -2.985918e+00 -1.167854e+00 0.000000e+00
         vertex -2.985918e+00 -1.167854e+00 5.000000e+00
      endloop
   endfacet
   facet normal 9.926791e-01 1.207814e-01 0.000000e+00
      outer loop
         vertex -2.982790e+00 -1.193561e+00 0.000000e+00
         vertex -2.985918e+00 -1.167854e+00 5.000000e+00
         vertex -2.982790e+00 -1.193561e+00 5.000000e+00
      endloop
   endfacet
   facet normal 9.996440e-01 2.668074e-02 -0.000000e+00
      outer loop
         vertex -2.985918e+00 -1.167854e+00 0.000000e+00
         vertex -2.986609e+00 -1.141966e+00 0.000000e+00
         vertex -2.986609e+00 -1.141966e+00 5.000000e+00
      endloop
   endfacet
   facet normal 9.996440e-01 2.668074e-02 0.000000e+00
      outer loop
         vertex -2.985918e+00 -1.167854e+00 0.000000e+00
         vertex -2.986609e+00 -1.141966e+00 5.000000e+00
         vertex -2.985918e+00 -1.167854e+00 5.000000e+00
      endloop
   endfacet
   facet normal 9.931768e-01 1.166182e-01 -0.000000e+00
      outer loop
         vertex -2.986609e+00 -1.141966e+00 0.000000e+00
         vertex -2.987231e+00 -1.136669e+00 0.000000e+00
         vertex -2.987231e+00 -1.136669e+00 5.000000e+00
      endloop
   endfacet
   facet normal 9.931768e-01 1.166182e-01 0.000000e+00
      outer loop
         vertex -2.986609e+00 -1.141966e+00 0.000000e+00
         vertex -2.987231e+00 -1.136669e+00 5.000000e+00
         vertex -2.986609e+00 -1.141966e+00 5.000000e+00
      endloop
   endfacet
   facet normal 9.975704e-01 6.966573e-02 -0.000000e+00
      outer loop
         vertex -2.987231e+00 -1.136669e+00 0.000000e+00
         vertex -2.989205e+00 -1.108401e+00 0.000000e+00
         vertex -2.989205e+00 -1.108401e+00 5.000000e+00
      endloop
   endfacet
   facet normal 9.975704e-01 6.966573e-02 0.000000e+00
      outer loop
         vertex -2.987231e+00 -1.136669e+00 0.000000e+00
         vertex -2.989205e+00 -1.108401e+00 5.000000e+00
         vertex -2.987231e+00 -1.136669e+00 5.000000e+00
      endloop
   endfacet
   facet normal 9.999999e-01 3.559406e-04 -0.000000e+00
      outer loop
         vertex -2.989205e+00 -1.108401e+00 0.000000e+00
         vertex -2.989213e+00 -1.084957e+00 0.000000e+00
         vertex -2.989213e+00 -1.084957e+00 5.000000e+00
      endloop
   endfacet
   facet normal 9.999999e-01 3.559406e-04 0.000000e+00
      outer loop
         vertex -2.989205e+00 -1.108401e+00 0.000000e+00
         vertex -2.989213e+00 -1.084957e+00 5.000000e+00
         vertex -2.989205e+00 -1.108401e+00 5.000000e+00
      endloop
   endfacet
   facet normal 9.994720e-01 -3.249187e-02 0.000000e+00
      outer loop
         vertex -2.989213e+00 -1.084957e+00 0.000000e+00
         vertex -2.989157e+00 -1.083241e+00 0.000000e+00
         vertex -2.989157e+00 -1.083241e+00 5.000000e+00
      endloop
   endfacet
   facet normal 9.994720e-01 -3.249187e-02 0.000000e+00
      outer loop
         vertex -2.989213e+00 -1.084957e+00 0.000000e+00
         vertex -2.989157e+00 -1.083241e+00 5.000000e+00
         vertex -2.989213e+00 -1.084957e+00 5.000000e+00
      endloop
   endfacet
   facet normal 9.980783e-01 -6.196600e-02 0.000000e+00
      outer loop
         vertex -2.989157e+00 -1.083241e+00 0.000000e+00
         vertex -2.988196e+00 -1.067753e+00 0.000000e+00
         vertex -2.988196e+00 -1.067753e+00 5.000000e+00
      endloop
   endfacet
   facet normal 9.980783e-01 -6.196600e-02 0.000000e+00
      outer loop
         vertex -2.989157e+00 -1.083241e+00 0.000000e+00
         vertex -2.988196e+00 -1.067753e+00 5.000000e+00
         vertex -2.989157e+00 -1.083241e+00 5.000000e+00
      endloop
   endfacet
   facet normal 9.901109e-01 -1.402867e-01 0.000000e+00
      outer loop
         vertex -2.988196e+00 -1.067753e+00 0.000000e+00
         vertex -2.984623e+00 -1.042542e+00 0.000000e+00
         vertex -2.984623e+00 -1.042542e+00 5.000000e+00
      endloop
   endfacet
   facet normal 9.901109e-01 -1.402867e-01 0.000000e+00
      outer loop
         vertex -2.988196e+00 -1.067753e+00 0.000000e+00
         vertex -2.984623e+00 -1.042542e+00 5.000000e+00
         vertex -2.988196e+00 -1.067753e+00 5.000000e+00
      endloop
   endfacet
   facet normal 9.752814e-01 -2.209665e-01 0.000000e+00
      outer loop
         vertex -2.984623e+00 -1.042542e+00 0.000000e+00
         vertex -2.982019e+00 -1.031048e+00 0.000000e+00
         vertex -2.982019e+00 -1.031048e+00 5.000000e+00
      endloop
   endfacet
   facet normal 9.752814e-01 -2.209665e-01 0.000000e+00
      outer loop
         vertex -2.984623e+00 -1.042542e+00 0.000000e+00
         vertex -2.982019e+00 -1.031048e+00 5.000000e+00
         vertex -2.984623e+00 -1.042542e+00 5.000000e+00
      endloop
   endfacet
   facet normal 9.570118e-01 -2.900491e-01 0.000000e+00
      outer loop
         vertex -2.982019e+00 -1.031048e+00 0.000000e+00
         vertex -2.950269e+00 -9.262897e-01 0.000000e+00
         vertex -2.950269e+00 -9.262897e-01 5.000000e+00
      endloop
   endfacet
   facet normal 9.570118e-01 -2.900491e-01 0.000000e+00
      outer loop
         vertex -2.982019e+00 -1.031048e+00 0.000000e+00
         vertex -2.950269e+00 -9.262897e-01 5.000000e+00
         vertex -2.982019e+00 -1.031048e+00 5.000000e+00
      endloop
   endfacet
   facet normal 8.884710e-01 -4.589328e-01 0.000000e+00
      outer loop
         vertex -2.950269e+00 -9.262897e-01 0.000000e+00
         vertex -2.890628e+00 -8.108275e-01 0.000000e+00
         vertex -2.890628e+00 -8.108275e-01 5.000000e+00
      endloop
   endfacet
   facet normal 8.884710e-01 -4.589328e-01 0.000000e+00
      outer loop
         vertex -2.950269e+00 -9.262897e-01 0.000000e+00
         vertex -2.890628e+00 -8.108275e-01 5.000000e+00
         vertex -2.950269e+00 -9.262897e-01 5.000000e+00
      endloop
   endfacet
   facet normal 7.932764e-01 -6.088617e-01 0.000000e+00
      outer loop
         vertex -2.890628e+00 -8.108275e-01 0.000000e+00
         vertex -2.811503e+00 -7.077363e-01 0.000000e+00
         vertex -2.811503e+00 -7.077363e-01 5.000000e+00
      endloop
   endfacet
   facet normal 7.932764e-01 -6.088617e-01 0.000000e+00
      outer loop
         vertex -2.890628e+00 -8.108275e-01 0.000000e+00
         vertex -2.811503e+00 -7.077363e-01 5.000000e+00
         vertex -2.890628e+00 -8.108275e-01 5.000000e+00
      endloop
   endfacet
   facet normal 6.885037e-01 -7.252328e-01 0.000000e+00
      outer loop
         vertex -2.811503e+00 -7.077363e-01 0.000000e+00
         vertex -2.688441e+00 -5.909063e-01 0.000000e+00
         vertex -2.688441e+00 -5.909063e-01 5.000000e+00
      endloop
   endfacet
   facet normal 6.885037e-01 -7.252328e-01 0.000000e+00
      outer loop
         vertex -2.811503e+00 -7.077363e-01 0.000000e+00
         vertex -2.688441e+00 -5.909063e-01 5.000000e+00
         vertex -2.811503e+00 -7.077363e-01 5.000000e+00
      endloop
   endfacet
   facet normal 5.840877e-01 -8.116906e-01 0.000000e+00
      outer loop
         vertex -2.688441e+00 -5.909063e-01 0.000000e+00
         vertex -2.550707e+00 -4.917943e-01 0.000000e+00
         vertex -2.550707e+00 -4.917943e-01 5.000000e+00
      endloop
   endfacet
   facet normal 5.840877e-01 -8.116906e-01 0.000000e+00
      outer loop
         vertex -2.688441e+00 -5.909063e-01 0.000000e+00
         vertex -2.550707e+00 -4.917943e-01 5.000000e+00
         vertex -2.688441e+00 -5.909063e-01 5.000000e+00
      endloop
   endfacet
   facet normal 4.723761e-01 -8.813971e-01 0.000000e+00
      outer loop
         vertex -2.550707e+00 -4.917943e-01 0.000000e+00
         vertex -2.400249e+00 -4.111575e-01 0.000000e+00
         vertex -2.400249e+00 -4.111575e-01 5.000000e+00
      endloop
   endfacet
   facet normal 4.723761e-01 -8.813971e-01 0.000000e+00
      outer loop
         vertex -2.550707e+00 -4.917943e-01 0.000000e+00
         vertex -2.400249e+00 -4.111575e-01 5.000000e+00
         vertex -2.550707e+00 -4.917943e-01 5.000000e+00
      endloop
   endfacet
   facet normal 3.561168e-01 -9.344415e-01 0.000000e+00
      outer loop
         vertex -2.400249e+00 -4.111575e-01 0.000000e+00
         vertex -2.240735e+00 -3.503667e-01 0.000000e+00
         vertex -2.240735e+00 -3.503667e-01 5.000000e+00
      endloop
   endfacet
   facet normal 3.561168e-01 -9.344415e-01 0.000000e+00
      outer loop
         vertex -2.400249e+00 -4.111575e-01 0.000000e+00
         vertex -2.240735e+00 -3.503667e-01 5.000000e+00
         vertex -2.400249e+00 -4.111575e-01 5.000000e+00
      endloop
   endfacet
   facet normal 2.232317e-01 -9.747654e-01 0.000000e+00
      outer loop
         vertex -2.240735e+00 -3.503667e-01 0.000000e+00
         vertex -2.098706e+00 -3.178406e-01 0.000000e+00
         vertex -2.098706e+00 -3.178406e-01 5.000000e+00
      endloop
   endfacet
   facet normal 2.232317e-01 -9.747654e-01 0.000000e+00
      outer loop
         vertex -2.240735e+00 -3.503667e-01 0.000000e+00
         vertex -2.098706e+00 -3.178406e-01 5.000000e+00
         vertex -2.240735e+00 -3.503667e-01 5.000000e+00
      endloop
   endfacet
   facet normal 7.497245e-02 -9.971856e-01 0.000000e+00
      outer loop
         vertex -2.098706e+00 -3.178406e-01 0.000000e+00
         vertex -1.953411e+00 -3.069167e-01 0.000000e+00
         vertex -1.953411e+00 -3.069167e-01 5.000000e+00
      endloop
   endfacet
   facet normal 7.497245e-02 -9.971856e-01 0.000000e+00
      outer loop
         vertex -2.098706e+00 -3.178406e-01 0.000000e+00
         vertex -1.953411e+00 -3.069167e-01 5.000000e+00
         vertex -2.098706e+00 -3.178406e-01 5.000000e+00
      endloop
   endfacet
   facet normal 0.000000e+00 -1.000000e+00 0.000000e+00
      outer loop
         vertex -1.953411e+00 -3.069167e-01 0.000000e+00
         vertex -1.413206e+00 -3.069167e-01 0.000000e+00
         vertex -1.413206e+00 -3.069167e-01 5.000000e+00
      endloop
   endfacet
   facet normal -0.000000e+00 -1.000000e+00 0.000000e+00
      outer loop
         vertex -1.953411e+00 -3.069167e-01 0.000000e+00
         vertex -1.413206e+00 -3.069167e-01 5.000000e+00
         vertex -1.953411e+00 -3.069167e-01 5.000000e+00
      endloop
   endfacet
   facet normal -7.055154e-02 -9.975081e-01 0.000000e+00
      outer loop
         vertex -1.413206e+00 -3.069167e-01 0.000000e+00
         vertex -1.247151e+00 -3.186614e-01 0.000000e+00
         vertex -1.247151e+00 -3.186614e-01 5.000000e+00
      endloop
   endfacet
   facet normal -7.055154e-02 -9.975081e-01 0.000000e+00
      outer loop
         vertex -1.413206e+00 -3.069167e-01 0.000000e+00
         vertex -1.247151e+00 -3.186614e-01 5.000000e+00
         vertex -1.413206e+00 -3.069167e-01 5.000000e+00
      endloop
   endfacet
   facet normal -2.102495e-01 -9.776478e-01 0.000000e+00
      outer loop
         vertex -1.247151e+00 -3.186614e-01 0.000000e+00
         vertex -1.084402e+00 -3.536616e-01 0.000000e+00
         vertex -1.084402e+00 -3.536616e-01 5.000000e+00
      endloop
   endfacet
   facet normal -2.102495e-01 -9.776478e-01 0.000000e+00
      outer loop
         vertex -1.247151e+00 -3.186614e-01 0.000000e+00
         vertex -1.084402e+00 -3.536616e-01 5.000000e+00
         vertex -1.247151e+00 -3.186614e-01 5.000000e+00
      endloop
   endfacet
   facet normal -3.617824e-01 -9.322626e-01 0.000000e+00
      outer loop
         vertex -1.084402e+00 -3.536616e-01 0.000000e+00
         vertex -9.591084e-01 -4.022841e-01 0.000000e+00
         vertex -9.591084e-01 -4.022841e-01 5.000000e+00
      endloop
   endfacet
   facet normal -3.617824e-01 -9.322626e-01 0.000000e+00
      outer loop
         vertex -1.084402e+00 -3.536616e-01 0.000000e+00
         vertex -9.591084e-01 -4.022841e-01 5.000000e+00
         vertex -1.084402e+00 -3.536616e-01 5.000000e+00
      endloop
   endfacet
   facet normal -5.189788e-01 -8.547871e-01 0.000000e+00
      outer loop
         vertex -9.591084e-01 -4.022841e-01 0.000000e+00
         vertex -8.442276e-01 -4.720332e-01 0.000000e+00
         vertex -8.442276e-01 -4.720332e-01 5.000000e+00
      endloop
   endfacet
   facet normal -5.189788e-01 -8.547871e-01 0.000000e+00
      outer loop
         vertex -9.591084e-01 -4.022841e-01 0.000000e+00
         vertex -8.442276e-01 -4.720332e-01 5.000000e+00
         vertex -9.591084e-01 -4.022841e-01 5.000000e+00
      endloop
   endfacet
   facet normal -2.806199e-01 -9.598190e-01 0.000000e+00
      outer loop
         vertex -8.442276e-01 -4.720332e-01 0.000000e+00
         vertex -7.483575e-01 -5.000625e-01 0.000000e+00
         vertex -7.483575e-01 -5.000625e-01 5.000000e+00
      endloop
   endfacet
   facet normal -2.806199e-01 -9.598190e-01 0.000000e+00
      outer loop
         vertex -8.442276e-01 -4.720332e-01 0.000000e+00
         vertex -7.483575e-01 -5.000625e-01 5.000000e+00
         vertex -8.442276e-01 -4.720332e-01 5.000000e+00
      endloop
   endfacet
   facet normal 9.243277e-02 -9.957189e-01 0.000000e+00
      outer loop
         vertex -7.483575e-01 -5.000625e-01 0.000000e+00
         vertex -7.160970e-01 -4.970678e-01 0.000000e+00
         vertex -7.160970e-01 -4.970678e-01 5.000000e+00
      endloop
   endfacet
   facet normal 9.243277e-02 -9.957189e-01 0.000000e+00
      outer loop
         vertex -7.483575e-01 -5.000625e-01 0.000000e+00
         vertex -7.160970e-01 -4.970678e-01 5.000000e+00
         vertex -7.483575e-01 -5.000625e-01 5.000000e+00
      endloop
   endfacet
   facet normal 2.741378e-01 -9.616904e-01 0.000000e+00
      outer loop
         vertex -7.160970e-01 -4.970678e-01 0.000000e+00
         vertex -6.849390e-01 -4.881859e-01 0.000000e+00
         vertex -6.849390e-01 -4.881859e-01 5.000000e+00
      endloop
   endfacet
   facet normal 2.741378e-01 -9.616904e-01 0.000000e+00
      outer loop
         vertex -7.160970e-01 -4.970678e-01 0.000000e+00
         vertex -6.849390e-01 -4.881859e-01 5.000000e+00
         vertex -7.160970e-01 -4.970678e-01 5.000000e+00
      endloop
   endfacet
   facet normal 4.221038e-01 -9.065475e-01 0.000000e+00
      outer loop
         vertex -6.849390e-01 -4.881859e-01 0.000000e+00
         vertex -6.436434e-01 -4.689580e-01 0.000000e+00
         vertex -6.436434e-01 -4.689580e-01 5.000000e+00
      endloop
   endfacet
   facet normal 4.221038e-01 -9.065475e-01 0.000000e+00
      outer loop
         vertex -6.849390e-01 -4.881859e-01 0.000000e+00
         vertex -6.436434e-01 -4.689580e-01 5.000000e+00
         vertex -6.849390e-01 -4.881859e-01 5.000000e+00
      endloop
   endfacet
   facet normal 5.369188e-01 -8.436339e-01 0.000000e+00
      outer loop
         vertex -6.436434e-01 -4.689580e-01 0.000000e+00
         vertex -6.052138e-01 -4.445000e-01 0.000000e+00
         vertex -6.052138e-01 -4.445000e-01 5.000000e+00
      endloop
   endfacet
   facet normal 5.369188e-01 -8.436339e-01 0.000000e+00
      outer loop
         vertex -6.436434e-01 -4.689580e-01 0.000000e+00
         vertex -6.052138e-01 -4.445000e-01 5.000000e+00
         vertex -6.436434e-01 -4.689580e-01 5.000000e+00
      endloop
   endfacet
   facet normal 6.284628e-01 -7.778396e-01 0.000000e+00
      outer loop
         vertex -6.052138e-01 -4.445000e-01 0.000000e+00
         vertex -5.694030e-01 -4.155664e-01 0.000000e+00
         vertex -5.694030e-01 -4.155664e-01 5.000000e+00
      endloop
   endfacet
   facet normal 6.284628e-01 -7.778396e-01 0.000000e+00
      outer loop
         vertex -6.052138e-01 -4.445000e-01 0.000000e+00
         vertex -5.694030e-01 -4.155664e-01 5.000000e+00
         vertex -6.052138e-01 -4.445000e-01 5.000000e+00
      endloop
   endfacet
   facet normal 6.991089e-01 -7.150152e-01 0.000000e+00
      outer loop
         vertex -5.694030e-01 -4.155664e-01 0.000000e+00
         vertex -5.364846e-01 -3.833803e-01 0.000000e+00
         vertex -5.364846e-01 -3.833803e-01 5.000000e+00
      endloop
   endfacet
   facet normal 6.991089e-01 -7.150152e-01 0.000000e+00
      outer loop
         vertex -5.694030e-01 -4.155664e-01 0.000000e+00
         vertex -5.364846e-01 -3.833803e-01 5.000000e+00
         vertex -5.694030e-01 -4.155664e-01 5.000000e+00
      endloop
   endfacet
   facet normal 7.905662e-01 -6.123766e-01 0.000000e+00
      outer loop
         vertex -5.364846e-01 -3.833803e-01 0.000000e+00
         vertex -5.216174e-01 -3.641869e-01 0.000000e+00
         vertex -5.216174e-01 -3.641869e-01 5.000000e+00
      endloop
   endfacet
   facet normal 7.905662e-01 -6.123766e-01 0.000000e+00
      outer loop
         vertex -5.364846e-01 -3.833803e-01 0.000000e+00
         vertex -5.216174e-01 -3.641869e-01 5.000000e+00
         vertex -5.364846e-01 -3.833803e-01 5.000000e+00
      endloop
   endfacet
   facet normal 8.876984e-01 -4.604254e-01 0.000000e+00
      outer loop
         vertex -5.216174e-01 -3.641869e-01 0.000000e+00
         vertex -5.104392e-01 -3.426354e-01 0.000000e+00
         vertex -5.104392e-01 -3.426354e-01 5.000000e+00
      endloop
   endfacet
   facet normal 8.876984e-01 -4.604254e-01 0.000000e+00
      outer loop
         vertex -5.216174e-01 -3.641869e-01 0.000000e+00
         vertex -5.104392e-01 -3.426354e-01 5.000000e+00
         vertex -5.216174e-01 -3.641869e-01 5.000000e+00
      endloop
   endfacet
   facet normal 9.906717e-01 -1.362700e-01 0.000000e+00
      outer loop
         vertex -5.104392e-01 -3.426354e-01 0.000000e+00
         vertex -5.010961e-01 -2.747119e-01 0.000000e+00
         vertex -5.010961e-01 -2.747119e-01 5.000000e+00
      endloop
   endfacet
   facet normal 9.906717e-01 -1.362700e-01 0.000000e+00
      outer loop
         vertex -5.104392e-01 -3.426354e-01 0.000000e+00
         vertex -5.010961e-01 -2.747119e-01 5.000000e+00
         vertex -5.104392e-01 -3.426354e-01 5.000000e+00
      endloop
   endfacet
   facet normal 8.117290e-01 5.840343e-01 -0.000000e+00
      outer loop
         vertex -5.010961e-01 -2.747119e-01 0.000000e+00
         vertex -5.410730e-01 -2.191494e-01 0.000000e+00
         vertex -5.410730e-01 -2.191494e-01 5.000000e+00
      endloop
   endfacet
   facet normal 8.117290e-01 5.840343e-01 0.000000e+00
      outer loop
         vertex -5.010961e-01 -2.747119e-01 0.000000e+00
         vertex -5.410730e-01 -2.191494e-01 5.000000e+00
         vertex -5.010961e-01 -2.747119e-01 5.000000e+00
      endloop
   endfacet
   facet normal 5.358649e-01 8.443037e-01 -0.000000e+00
      outer loop
         vertex -5.410730e-01 -2.191494e-01 0.000000e+00
         vertex -6.860427e-01 -1.271397e-01 0.000000e+00
         vertex -6.860427e-01 -1.271397e-01 5.000000e+00
      endloop
   endfacet
   facet normal 5.358649e-01 8.443037e-01 0.000000e+00
      outer loop
         vertex -5.410730e-01 -2.191494e-01 0.000000e+00
         vertex -6.860427e-01 -1.271397e-01 5.000000e+00
         vertex -5.410730e-01 -2.191494e-01 5.000000e+00
      endloop
   endfacet
   facet normal 3.689077e-01 9.294660e-01 -0.000000e+00
      outer loop
         vertex -6.860427e-01 -1.271397e-01 0.000000e+00
         vertex -8.456351e-01 -6.379702e-02 0.000000e+00
         vertex -8.456351e-01 -6.379702e-02 5.000000e+00
      endloop
   endfacet
   facet normal 3.689077e-01 9.294660e-01 0.000000e+00
      outer loop
         vertex -6.860427e-01 -1.271397e-01 0.000000e+00
         vertex -8.456351e-01 -6.379702e-02 5.000000e+00
         vertex -6.860427e-01 -1.271397e-01 5.000000e+00
      endloop
   endfacet
   facet normal 2.113816e-01 9.774036e-01 -0.000000e+00
      outer loop
         vertex -8.456351e-01 -6.379702e-02 0.000000e+00
         vertex -1.066504e+00 -1.602992e-02 0.000000e+00
         vertex -1.066504e+00 -1.602992e-02 5.000000e+00
      endloop
   endfacet
   facet normal 2.113816e-01 9.774036e-01 0.000000e+00
      outer loop
         vertex -8.456351e-01 -6.379702e-02 0.000000e+00
         vertex -1.066504e+00 -1.602992e-02 5.000000e+00
         vertex -8.456351e-01 -6.379702e-02 5.000000e+00
      endloop
   endfacet
   facet normal 7.093651e-02 9.974808e-01 -0.000000e+00
      outer loop
         vertex -1.066504e+00 -1.602992e-02 0.000000e+00
         vertex -1.291911e+00 0.000000e+00 0.000000e+00
         vertex -1.291911e+00 0.000000e+00 5.000000e+00
      endloop
   endfacet
   facet normal 7.093651e-02 9.974808e-01 0.000000e+00
      outer loop
         vertex -1.066504e+00 -1.602992e-02 0.000000e+00
         vertex -1.291911e+00 0.000000e+00 5.000000e+00
         vertex -1.066504e+00 -1.602992e-02 5.000000e+00
      endloop
   endfacet
   facet normal 1.224647e-16 1.000000e+00 -0.000000e+00
      outer loop
         vertex -1.291911e+00 1.582134e-16 0.000000e+00
         vertex -1.830049e+00 2.241163e-16 0.000000e+00
         vertex -1.830049e+00 2.241163e-16 5.000000e+00
      endloop
   endfacet
   facet normal 1.224647e-16 1.000000e+00 0.000000e+00
      outer loop
         vertex -1.291911e+00 1.582134e-16 0.000000e+00
         vertex -1.830049e+00 2.241163e-16 5.000000e+00
         vertex -1.291911e+00 1.582134e-16 5.000000e+00
      endloop
   endfacet
   facet normal -7.508795e-02 9.971769e-01 0.000000e+00
      outer loop
         vertex -1.830049e+00 2.220446e-16 0.000000e+00
         vertex -2.065463e+00 -1.772682e-02 0.000000e+00
         vertex -2.065463e+00 -1.772682e-02 5.000000e+00
      endloop
   endfacet
   facet normal -7.508795e-02 9.971769e-01 0.000000e+00
      outer loop
         vertex -1.830049e+00 2.220446e-16 0.000000e+00
         vertex -2.065463e+00 -1.772682e-02 5.000000e+00
         vertex -1.830049e+00 2.220446e-16 5.000000e+00
      endloop
   endfacet
   facet normal -2.235703e-01 9.746878e-01 0.000000e+00
      outer loop
         vertex -2.065463e+00 -1.772682e-02 0.000000e+00
         vertex -2.295568e+00 -7.050748e-02 0.000000e+00
         vertex -2.295568e+00 -7.050748e-02 5.000000e+00
      endloop
   endfacet
   facet normal -2.235703e-01 9.746878e-01 0.000000e+00
      outer loop
         vertex -2.065463e+00 -1.772682e-02 0.000000e+00
         vertex -2.295568e+00 -7.050748e-02 5.000000e+00
         vertex -2.065463e+00 -1.772682e-02 5.000000e+00
      endloop
   endfacet
   facet normal -3.619633e-01 9.321923e-01 0.000000e+00
      outer loop
         vertex -2.295568e+00 -7.050748e-02 0.000000e+00
         vertex -2.532528e+00 -1.625172e-01 0.000000e+00
         vertex -2.532528e+00 -1.625172e-01 5.000000e+00
      endloop
   endfacet
   facet normal -3.619633e-01 9.321923e-01 0.000000e+00
      outer loop
         vertex -2.295568e+00 -7.050748e-02 0.000000e+00
         vertex -2.532528e+00 -1.625172e-01 5.000000e+00
         vertex -2.295568e+00 -7.050748e-02 5.000000e+00
      endloop
   endfacet
   facet normal -4.880459e-01 8.728180e-01 0.000000e+00
      outer loop
         vertex -2.532528e+00 -1.625172e-01 0.000000e+00
         vertex -2.754395e+00 -2.865768e-01 0.000000e+00
         vertex -2.754395e+00 -2.865768e-01 5.000000e+00
      endloop
   endfacet
   facet normal -4.880459e-01 8.728180e-01 0.000000e+00
      outer loop
         vertex -2.532528e+00 -1.625172e-01 0.000000e+00
         vertex -2.754395e+00 -2.865768e-01 5.000000e+00
         vertex -2.532528e+00 -1.625172e-01 5.000000e+00
      endloop
   endfacet
   facet normal -5.986768e-01 8.009907e-01 0.000000e+00
      outer loop
         vertex -2.754395e+00 -2.865768e-01 0.000000e+00
         vertex -2.944162e+00 -4.284126e-01 0.000000e+00
         vertex -2.944162e+00 -4.284126e-01 5.000000e+00
      endloop
   endfacet
   facet normal -5.986768e-01 8.009907e-01 0.000000e+00
      outer loop
         vertex -2.754395e+00 -2.865768e-01 0.000000e+00
         vertex -2.944162e+00 -4.284126e-01 5.000000e+00
         vertex -2.754395e+00 -2.865768e-01 5.000000e+00
      endloop
   endfacet
   facet normal -7.026453e-01 7.115403e-01 0.000000e+00
      outer loop
         vertex -2.944162e+00 -4.284126e-01 0.000000e+00
         vertex -3.112737e+00 -5.948801e-01 0.000000e+00
         vertex -3.112737e+00 -5.948801e-01 5.000000e+00
      endloop
   endfacet
   facet normal -7.026453e-01 7.115403e-01 0.000000e+00
      outer loop
         vertex -2.944162e+00 -4.284126e-01 0.000000e+00
         vertex -3.112737e+00 -5.948801e-01 5.000000e+00
         vertex -2.944162e+00 -4.284126e-01 5.000000e+00
      endloop
   endfacet
   facet normal -8.025205e-01 5.966245e-01 0.000000e+00
      outer loop
         vertex -3.112737e+00 -5.948801e-01 0.000000e+00
         vertex -3.228852e+00 -7.510667e-01 0.000000e+00
         vertex -3.228852e+00 -7.510667e-01 5.000000e+00
      endloop
   endfacet
   facet normal -8.025205e-01 5.966245e-01 0.000000e+00
      outer loop
         vertex -3.112737e+00 -5.948801e-01 0.000000e+00
         vertex -3.228852e+00 -7.510667e-01 5.000000e+00
         vertex -3.112737e+00 -5.948801e-01 5.000000e+00
      endloop
   endfacet
   facet normal -8.907751e-01 4.544445e-01 0.000000e+00
      outer loop
         vertex -3.228852e+00 -7.510667e-01 0.000000e+00
         vertex -3.317296e+00 -9.244294e-01 0.000000e+00
         vertex -3.317296e+00 -9.244294e-01 5.000000e+00
      endloop
   endfacet
   facet normal -8.907751e-01 4.544445e-01 0.000000e+00
      outer loop
         vertex -3.228852e+00 -7.510667e-01 0.000000e+00
         vertex -3.317296e+00 -9.244294e-01 5.000000e+00
         vertex -3.228852e+00 -7.510667e-01 5.000000e+00
      endloop
   endfacet
   facet normal -9.257037e-01 3.782494e-01 0.000000e+00
      outer loop
         vertex -3.317296e+00 -9.244294e-01 0.000000e+00
         vertex -3.353801e+00 -1.013768e+00 0.000000e+00
         vertex -3.353801e+00 -1.013768e+00 5.000000e+00
      endloop
   endfacet
   facet normal -9.257037e-01 3.782494e-01 0.000000e+00
      outer loop
         vertex -3.317296e+00 -9.244294e-01 0.000000e+00
         vertex -3.353801e+00 -1.013768e+00 5.000000e+00
         vertex -3.317296e+00 -9.244294e-01 5.000000e+00
      endloop
   endfacet
   facet normal -9.806685e-01 1.956764e-01 0.000000e+00
      outer loop
         vertex -3.353801e+00 -1.013768e+00 0.000000e+00
         vertex -3.367939e+00 -1.084626e+00 0.000000e+00
         vertex -3.367939e+00 -1.084626e+00 5.000000e+00
      endloop
   endfacet
   facet normal -9.806685e-01 1.956764e-01 0.000000e+00
      outer loop
         vertex -3.353801e+00 -1.013768e+00 0.000000e+00
         vertex -3.367939e+00 -1.084626e+00 5.000000e+00
         vertex -3.353801e+00 -1.013768e+00 5.000000e+00
      endloop
   endfacet
   facet normal -9.957508e-01 9.208832e-02 0.000000e+00
      outer loop
         vertex -3.367939e+00 -1.084626e+00 0.000000e+00
         vertex -3.378771e+00 -1.201746e+00 0.000000e+00
         vertex -3.378771e+00 -1.201746e+00 5.000000e+00
      endloop
   endfacet
   facet normal -9.957508e-01 9.208832e-02 0.000000e+00
      outer loop
         vertex -3.367939e+00 -1.084626e+00 0.000000e+00
         vertex -3.378771e+00 -1.201746e+00 5.000000e+00
         vertex -3.367939e+00 -1.084626e+00 5.000000e+00
      endloop
   endfacet
   facet normal -9.999508e-01 -9.918642e-03 0.000000e+00
      outer loop
         vertex -3.378771e+00 -1.201746e+00 0.000000e+00
         vertex -3.378068e+00 -1.272605e+00 0.000000e+00
         vertex -3.378068e+00 -1.272605e+00 5.000000e+00
      endloop
   endfacet
   facet normal -9.999508e-01 -9.918642e-03 0.000000e+00
      outer loop
         vertex -3.378771e+00 -1.201746e+00 0.000000e+00
         vertex -3.378068e+00 -1.272605e+00 5.000000e+00
         vertex -3.378771e+00 -1.201746e+00 5.000000e+00
      endloop
   endfacet
   facet normal -9.940196e-01 -1.092015e-01 0.000000e+00
      outer loop
         vertex -3.378068e+00 -1.272605e+00 0.000000e+00
         vertex -3.373466e+00 -1.314490e+00 0.000000e+00
         vertex -3.373466e+00 -1.314490e+00 5.000000e+00
      endloop
   endfacet
   facet normal -9.940196e-01 -1.092015e-01 0.000000e+00
      outer loop
         vertex -3.378068e+00 -1.272605e+00 0.000000e+00
         vertex -3.373466e+00 -1.314490e+00 5.000000e+00
         vertex -3.378068e+00 -1.272605e+00 5.000000e+00
      endloop
   endfacet
   facet normal -9.829185e-01 -1.840414e-01 0.000000e+00
      outer loop
         vertex -3.373466e+00 -1.314490e+00 0.000000e+00
         vertex -3.365711e+00 -1.355908e+00 0.000000e+00
         vertex -3.365711e+00 -1.355908e+00 5.000000e+00
      endloop
   endfacet
   facet normal -9.829185e-01 -1.840414e-01 0.000000e+00
      outer loop
         vertex -3.373466e+00 -1.314490e+00 0.000000e+00
         vertex -3.365711e+00 -1.355908e+00 5.000000e+00
         vertex -3.373466e+00 -1.314490e+00 5.000000e+00
      endloop
   endfacet
   facet normal -9.657510e-01 -2.594707e-01 0.000000e+00
      outer loop
         vertex -3.365711e+00 -1.355908e+00 0.000000e+00
         vertex -3.355247e+00 -1.394855e+00 0.000000e+00
         vertex -3.355247e+00 -1.394855e+00 5.000000e+00
      endloop
   endfacet
   facet normal -9.657510e-01 -2.594707e-01 0.000000e+00
      outer loop
         vertex -3.365711e+00 -1.355908e+00 0.000000e+00
         vertex -3.355247e+00 -1.394855e+00 5.000000e+00
         vertex -3.365711e+00 -1.355908e+00 5.000000e+00
      endloop
   endfacet
   facet normal -9.422341e-01 -3.349552e-01 0.000000e+00
      outer loop
         vertex -3.355247e+00 -1.394855e+00 0.000000e+00
         vertex -3.341739e+00 -1.432853e+00 0.000000e+00
         vertex -3.341739e+00 -1.432853e+00 5.000000e+00
      endloop
   endfacet
   facet normal -9.422341e-01 -3.349552e-01 0.000000e+00
      outer loop
         vertex -3.355247e+00 -1.394855e+00 0.000000e+00
         vertex -3.341739e+00 -1.432853e+00 5.000000e+00
         vertex -3.355247e+00 -1.394855e+00 5.000000e+00
      endloop
   endfacet
   facet normal -9.129074e-01 -4.081668e-01 0.000000e+00
      outer loop
         vertex -3.341739e+00 -1.432853e+00 0.000000e+00
         vertex -3.325276e+00 -1.469674e+00 0.000000e+00
         vertex -3.325276e+00 -1.469674e+00 5.000000e+00
      endloop
   endfacet
   facet normal -9.129074e-01 -4.081668e-01 0.000000e+00
      outer loop
         vertex -3.341739e+00 -1.432853e+00 0.000000e+00
         vertex -3.325276e+00 -1.469674e+00 5.000000e+00
         vertex -3.341739e+00 -1.432853e+00 5.000000e+00
      endloop
   endfacet
   facet normal -8.779954e-01 -4.786691e-01 0.000000e+00
      outer loop
         vertex -3.325276e+00 -1.469674e+00 0.000000e+00
         vertex -3.305970e+00 -1.505087e+00 0.000000e+00
         vertex -3.305970e+00 -1.505087e+00 5.000000e+00
      endloop
   endfacet
   facet normal -8.779954e-01 -4.786691e-01 0.000000e+00
      outer loop
         vertex -3.325276e+00 -1.469674e+00 0.000000e+00
         vertex -3.305970e+00 -1.505087e+00 5.000000e+00
         vertex -3.325276e+00 -1.469674e+00 5.000000e+00
      endloop
   endfacet
   facet normal -8.387589e-01 -5.445030e-01 0.000000e+00
      outer loop
         vertex -3.305970e+00 -1.505087e+00 0.000000e+00
         vertex -3.282814e+00 -1.540757e+00 0.000000e+00
         vertex -3.282814e+00 -1.540757e+00 5.000000e+00
      endloop
   endfacet
   facet normal -8.387589e-01 -5.445030e-01 0.000000e+00
      outer loop
         vertex -3.305970e+00 -1.505087e+00 0.000000e+00
         vertex -3.282814e+00 -1.540757e+00 5.000000e+00
         vertex -3.305970e+00 -1.505087e+00 5.000000e+00
      endloop
   endfacet
   facet normal -7.958283e-01 -6.055223e-01 0.000000e+00
      outer loop
         vertex -3.282814e+00 -1.540757e+00 0.000000e+00
         vertex -3.257062e+00 -1.574602e+00 0.000000e+00
         vertex -3.257062e+00 -1.574602e+00 5.000000e+00
      endloop
   endfacet
   facet normal -7.958283e-01 -6.055223e-01 0.000000e+00
      outer loop
         vertex -3.282814e+00 -1.540757e+00 0.000000e+00
         vertex -3.257062e+00 -1.574602e+00 5.000000e+00
         vertex -3.282814e+00 -1.540757e+00 5.000000e+00
      endloop
   endfacet
   facet normal -7.855233e-01 -6.188321e-01 0.000000e+00
      outer loop
         vertex -3.257062e+00 -1.574602e+00 0.000000e+00
         vertex -2.171981e+00 -2.951965e+00 0.000000e+00
         vertex -2.171981e+00 -2.951965e+00 5.000000e+00
      endloop
   endfacet
   facet normal -7.855233e-01 -6.188321e-01 0.000000e+00
      outer loop
         vertex -3.257062e+00 -1.574602e+00 0.000000e+00
         vertex -2.171981e+00 -2.951965e+00 5.000000e+00
         vertex -3.257062e+00 -1.574602e+00 5.000000e+00
      endloop
   endfacet
   facet normal -8.708650e-01 -4.915223e-01 0.000000e+00
      outer loop
         vertex -2.171981e+00 -2.951965e+00 0.000000e+00
         vertex -2.137723e+00 -3.012662e+00 0.000000e+00
         vertex -2.137723e+00 -3.012662e+00 5.000000e+00
      endloop
   endfacet
   facet normal -8.708650e-01 -4.915223e-01 0.000000e+00
      outer loop
         vertex -2.171981e+00 -2.951965e+00 0.000000e+00
         vertex -2.137723e+00 -3.012662e+00 5.000000e+00
         vertex -2.171981e+00 -2.951965e+00 5.000000e+00
      endloop
   endfacet
   facet normal -9.010207e-01 -4.337761e-01 0.000000e+00
      outer loop
         vertex -2.137723e+00 -3.012662e+00 0.000000e+00
         vertex -2.107490e+00 -3.075462e+00 0.000000e+00
         vertex -2.107490e+00 -3.075462e+00 5.000000e+00
      endloop
   endfacet
   facet normal -9.010207e-01 -4.337761e-01 0.000000e+00
      outer loop
         vertex -2.137723e+00 -3.012662e+00 0.000000e+00
         vertex -2.107490e+00 -3.075462e+00 5.000000e+00
         vertex -2.137723e+00 -3.012662e+00 5.000000e+00
      endloop
   endfacet
   facet normal -9.360364e-01 -3.519033e-01 0.000000e+00
      outer loop
         vertex -2.107490e+00 -3.075462e+00 0.000000e+00
         vertex -2.093308e+00 -3.113183e+00 0.000000e+00
         vertex -2.093308e+00 -3.113183e+00 5.000000e+00
      endloop
   endfacet
   facet normal -9.360364e-01 -3.519033e-01 0.000000e+00
      outer loop
         vertex -2.107490e+00 -3.075462e+00 0.000000e+00
         vertex -2.093308e+00 -3.113183e+00 5.000000e+00
         vertex -2.107490e+00 -3.075462e+00 5.000000e+00
      endloop
   endfacet
   facet normal -9.697399e-01 -2.441403e-01 0.000000e+00
      outer loop
         vertex -2.093308e+00 -3.113183e+00 0.000000e+00
         vertex -2.083470e+00 -3.152262e+00 0.000000e+00
         vertex -2.083470e+00 -3.152262e+00 5.000000e+00
      endloop
   endfacet
   facet normal -9.697399e-01 -2.441403e-01 0.000000e+00
      outer loop
         vertex -2.093308e+00 -3.113183e+00 0.000000e+00
         vertex -2.083470e+00 -3.152262e+00 5.000000e+00
         vertex -2.093308e+00 -3.113183e+00 5.000000e+00
      endloop
   endfacet
   facet normal -9.982693e-01 -5.880759e-02 0.000000e+00
      outer loop
         vertex -2.083470e+00 -3.152262e+00 0.000000e+00
         vertex -2.080204e+00 -3.207701e+00 0.000000e+00
         vertex -2.080204e+00 -3.207701e+00 5.000000e+00
      endloop
   endfacet
   facet normal -9.982693e-01 -5.880759e-02 0.000000e+00
      outer loop
         vertex -2.083470e+00 -3.152262e+00 0.000000e+00
         vertex -2.080204e+00 -3.207701e+00 5.000000e+00
         vertex -2.083470e+00 -3.152262e+00 5.000000e+00
      endloop
   endfacet
   facet normal -9.880551e-01 1.541011e-01 0.000000e+00
      outer loop
         vertex -2.080204e+00 -3.207701e+00 0.000000e+00
         vertex -2.089340e+00 -3.266281e+00 0.000000e+00
         vertex -2.089340e+00 -3.266281e+00 5.000000e+00
      endloop
   endfacet
   facet normal -9.880551e-01 1.541011e-01 0.000000e+00
      outer loop
         vertex -2.080204e+00 -3.207701e+00 0.000000e+00
         vertex -2.089340e+00 -3.266281e+00 5.000000e+00
         vertex -2.080204e+00 -3.207701e+00 5.000000e+00
      endloop
   endfacet
   facet normal -9.528796e-01 3.033489e-01 0.000000e+00
      outer loop
         vertex -2.089340e+00 -3.266281e+00 0.000000e+00
         vertex -2.128573e+00 -3.389519e+00 0.000000e+00
         vertex -2.128573e+00 -3.389519e+00 5.000000e+00
      endloop
   endfacet
   facet normal -9.528796e-01 3.033489e-01 0.000000e+00
      outer loop
         vertex -2.089340e+00 -3.266281e+00 0.000000e+00
         vertex -2.128573e+00 -3.389519e+00 5.000000e+00
         vertex -2.089340e+00 -3.266281e+00 5.000000e+00
      endloop
   endfacet
   facet normal -8.901927e-01 4.555843e-01 0.000000e+00
      outer loop
         vertex -2.128573e+00 -3.389519e+00 0.000000e+00
         vertex -2.187906e+00 -3.505454e+00 0.000000e+00
         vertex -2.187906e+00 -3.505454e+00 5.000000e+00
      endloop
   endfacet
   facet normal -8.901927e-01 4.555843e-01 0.000000e+00
      outer loop
         vertex -2.128573e+00 -3.389519e+00 0.000000e+00
         vertex -2.187906e+00 -3.505454e+00 5.000000e+00
         vertex -2.128573e+00 -3.389519e+00 5.000000e+00
      endloop
   endfacet
   facet normal -8.001772e-01 5.997636e-01 0.000000e+00
      outer loop
         vertex -2.187906e+00 -3.505454e+00 0.000000e+00
         vertex -2.266016e+00 -3.609665e+00 0.000000e+00
         vertex -2.266016e+00 -3.609665e+00 5.000000e+00
      endloop
   endfacet
   facet normal -8.001772e-01 5.997636e-01 0.000000e+00
      outer loop
         vertex -2.187906e+00 -3.505454e+00 0.000000e+00
         vertex -2.266016e+00 -3.609665e+00 5.000000e+00
         vertex -2.187906e+00 -3.505454e+00 5.000000e+00
      endloop
   endfacet
   facet normal -6.998193e-01 7.143199e-01 0.000000e+00
      outer loop
         vertex -2.266016e+00 -3.609665e+00 0.000000e+00
         vertex -2.383171e+00 -3.724441e+00 0.000000e+00
         vertex -2.383171e+00 -3.724441e+00 5.000000e+00
      endloop
   endfacet
   facet normal -6.998193e-01 7.143199e-01 0.000000e+00
      outer loop
         vertex -2.266016e+00 -3.609665e+00 0.000000e+00
         vertex -2.383171e+00 -3.724441e+00 5.000000e+00
         vertex -2.266016e+00 -3.609665e+00 5.000000e+00
      endloop
   endfacet
   facet normal -5.975464e-01 8.018344e-01 0.000000e+00
      outer loop
         vertex -2.383171e+00 -3.724441e+00 0.000000e+00
         vertex -2.514678e+00 -3.822444e+00 0.000000e+00
         vertex -2.514678e+00 -3.822444e+00 5.000000e+00
      endloop
   endfacet
   facet normal -5.975464e-01 8.018344e-01 0.000000e+00
      outer loop
         vertex -2.383171e+00 -3.724441e+00 0.000000e+00
         vertex -2.514678e+00 -3.822444e+00 5.000000e+00
         vertex -2.383171e+00 -3.724441e+00 5.000000e+00
      endloop
   endfacet
   facet normal -4.822643e-01 8.760258e-01 0.000000e+00
      outer loop
         vertex -2.514678e+00 -3.822444e+00 0.000000e+00
         vertex -2.658646e+00 -3.901700e+00 0.000000e+00
         vertex -2.658646e+00 -3.901700e+00 5.000000e+00
      endloop
   endfacet
   facet normal -4.822643e-01 8.760258e-01 0.000000e+00
      outer loop
         vertex -2.514678e+00 -3.822444e+00 0.000000e+00
         vertex -2.658646e+00 -3.901700e+00 5.000000e+00
         vertex -2.514678e+00 -3.822444e+00 5.000000e+00
      endloop
   endfacet
   facet normal -3.555934e-01 9.346407e-01 0.000000e+00
      outer loop
         vertex -2.658646e+00 -3.901700e+00 0.000000e+00
         vertex -2.812247e+00 -3.960139e+00 0.000000e+00
         vertex -2.812247e+00 -3.960139e+00 5.000000e+00
      endloop
   endfacet
   facet normal -3.555934e-01 9.346407e-01 0.000000e+00
      outer loop
         vertex -2.658646e+00 -3.901700e+00 0.000000e+00
         vertex -2.812247e+00 -3.960139e+00 5.000000e+00
         vertex -2.658646e+00 -3.901700e+00 5.000000e+00
      endloop
   endfacet
   facet normal -2.185015e-01 9.758366e-01 0.000000e+00
      outer loop
         vertex -2.812247e+00 -3.960139e+00 0.000000e+00
         vertex -2.964887e+00 -3.994317e+00 0.000000e+00
         vertex -2.964887e+00 -3.994317e+00 5.000000e+00
      endloop
   endfacet
   facet normal -2.185015e-01 9.758366e-01 0.000000e+00
      outer loop
         vertex -2.812247e+00 -3.960139e+00 0.000000e+00
         vertex -2.964887e+00 -3.994317e+00 5.000000e+00
         vertex -2.812247e+00 -3.960139e+00 5.000000e+00
      endloop
   endfacet
   facet normal -7.335958e-02 9.973056e-01 0.000000e+00
      outer loop
         vertex -2.964887e+00 -3.994317e+00 0.000000e+00
         vertex -3.120884e+00 -4.005792e+00 0.000000e+00
         vertex -3.120884e+00 -4.005792e+00 5.000000e+00
      endloop
   endfacet
   facet normal -7.335958e-02 9.973056e-01 0.000000e+00
      outer loop
         vertex -2.964887e+00 -3.994317e+00 0.000000e+00
         vertex -3.120884e+00 -4.005792e+00 5.000000e+00
         vertex -2.964887e+00 -3.994317e+00 5.000000e+00
      endloop
   endfacet
   facet normal 0.000000e+00 1.000000e+00 0.000000e+00
      outer loop
         vertex -3.120884e+00 -4.005792e+00 0.000000e+00
         vertex -3.665099e+00 -4.005792e+00 0.000000e+00
         vertex -3.665099e+00 -4.005792e+00 5.000000e+00
      endloop
   endfacet
   facet normal -0.000000e+00 1.000000e+00 0.000000e+00
      outer loop
         vertex -3.120884e+00 -4.005792e+00 0.000000e+00
         vertex -3.665099e+00 -4.005792e+00 5.000000e+00
         vertex -3.120884e+00 -4.005792e+00 5.000000e+00
      endloop
   endfacet
   facet normal 7.061917e-02 9.975034e-01 -0.000000e+00
      outer loop
         vertex -3.665099e+00 -4.005792e+00 0.000000e+00
         vertex -3.836353e+00 -3.993668e+00 0.000000e+00
         vertex -3.836353e+00 -3.993668e+00 5.000000e+00
      endloop
   endfacet
   facet normal 7.061917e-02 9.975034e-01 0.000000e+00
      outer loop
         vertex -3.665099e+00 -4.005792e+00 0.000000e+00
         vertex -3.836353e+00 -3.993668e+00 5.000000e+00
         vertex -3.665099e+00 -4.005792e+00 5.000000e+00
      endloop
   endfacet
   facet normal 2.104468e-01 9.776053e-01 -0.000000e+00
      outer loop
         vertex -3.836353e+00 -3.993668e+00 0.000000e+00
         vertex -4.004190e+00 -3.957538e+00 0.000000e+00
         vertex -4.004190e+00 -3.957538e+00 5.000000e+00
      endloop
   endfacet
   facet normal 2.104468e-01 9.776053e-01 0.000000e+00
      outer loop
         vertex -3.836353e+00 -3.993668e+00 0.000000e+00
         vertex -4.004190e+00 -3.957538e+00 5.000000e+00
         vertex -3.836353e+00 -3.993668e+00 5.000000e+00
      endloop
   endfacet
   facet normal 3.667090e-01 9.303357e-01 -0.000000e+00
      outer loop
         vertex -4.004190e+00 -3.957538e+00 0.000000e+00
         vertex -4.126403e+00 -3.909365e+00 0.000000e+00
         vertex -4.126403e+00 -3.909365e+00 5.000000e+00
      endloop
   endfacet
   facet normal 3.667090e-01 9.303357e-01 0.000000e+00
      outer loop
         vertex -4.004190e+00 -3.957538e+00 0.000000e+00
         vertex -4.126403e+00 -3.909365e+00 5.000000e+00
         vertex -4.004190e+00 -3.957538e+00 5.000000e+00
      endloop
   endfacet
   facet normal 5.320253e-01 8.467285e-01 -0.000000e+00
      outer loop
         vertex -4.126403e+00 -3.909365e+00 0.000000e+00
         vertex -4.237633e+00 -3.839476e+00 0.000000e+00
         vertex -4.237633e+00 -3.839476e+00 5.000000e+00
      endloop
   endfacet
   facet normal 5.320253e-01 8.467285e-01 0.000000e+00
      outer loop
         vertex -4.126403e+00 -3.909365e+00 0.000000e+00
         vertex -4.237633e+00 -3.839476e+00 5.000000e+00
         vertex -4.126403e+00 -3.909365e+00 5.000000e+00
      endloop
   endfacet
   facet normal 2.872708e-01 9.578494e-01 -0.000000e+00
      outer loop
         vertex -4.237633e+00 -3.839476e+00 0.000000e+00
         vertex -4.329989e+00 -3.811778e+00 0.000000e+00
         vertex -4.329989e+00 -3.811778e+00 5.000000e+00
      endloop
   endfacet
   facet normal 2.872708e-01 9.578494e-01 0.000000e+00
      outer loop
         vertex -4.237633e+00 -3.839476e+00 0.000000e+00
         vertex -4.329989e+00 -3.811778e+00 5.000000e+00
         vertex -4.237633e+00 -3.839476e+00 5.000000e+00
      endloop
   endfacet
   facet normal -8.087558e-02 9.967242e-01 0.000000e+00
      outer loop
         vertex -4.329989e+00 -3.811778e+00 0.000000e+00
         vertex -4.364288e+00 -3.814561e+00 0.000000e+00
         vertex -4.364288e+00 -3.814561e+00 5.000000e+00
      endloop
   endfacet
   facet normal -8.087558e-02 9.967242e-01 0.000000e+00
      outer loop
         vertex -4.329989e+00 -3.811778e+00 0.000000e+00
         vertex -4.364288e+00 -3.814561e+00 5.000000e+00
         vertex -4.329989e+00 -3.811778e+00 5.000000e+00
      endloop
   endfacet
   facet normal -2.404973e-01 9.706498e-01 0.000000e+00
      outer loop
         vertex -4.364288e+00 -3.814561e+00 0.000000e+00
         vertex -4.397690e+00 -3.822837e+00 0.000000e+00
         vertex -4.397690e+00 -3.822837e+00 5.000000e+00
      endloop
   endfacet
   facet normal -2.404973e-01 9.706498e-01 0.000000e+00
      outer loop
         vertex -4.364288e+00 -3.814561e+00 0.000000e+00
         vertex -4.397690e+00 -3.822837e+00 5.000000e+00
         vertex -4.364288e+00 -3.814561e+00 5.000000e+00
      endloop
   endfacet
   facet normal -3.743310e-01 9.272951e-01 0.000000e+00
      outer loop
         vertex -4.397690e+00 -3.822837e+00 0.000000e+00
         vertex -4.440715e+00 -3.840205e+00 0.000000e+00
         vertex -4.440715e+00 -3.840205e+00 5.000000e+00
      endloop
   endfacet
   facet normal -3.743310e-01 9.272951e-01 0.000000e+00
      outer loop
         vertex -4.397690e+00 -3.822837e+00 0.000000e+00
         vertex -4.440715e+00 -3.840205e+00 5.000000e+00
         vertex -4.397690e+00 -3.822837e+00 5.000000e+00
      endloop
   endfacet
   facet normal -4.823578e-01 8.759743e-01 0.000000e+00
      outer loop
         vertex -4.440715e+00 -3.840205e+00 0.000000e+00
         vertex -4.481359e+00 -3.862586e+00 0.000000e+00
         vertex -4.481359e+00 -3.862586e+00 5.000000e+00
      endloop
   endfacet
   facet normal -4.823578e-01 8.759743e-01 0.000000e+00
      outer loop
         vertex -4.440715e+00 -3.840205e+00 0.000000e+00
         vertex -4.481359e+00 -3.862586e+00 5.000000e+00
         vertex -4.440715e+00 -3.840205e+00 5.000000e+00
      endloop
   endfacet
   facet normal -5.847405e-01 8.112204e-01 0.000000e+00
      outer loop
         vertex -4.481359e+00 -3.862586e+00 0.000000e+00
         vertex -4.518845e+00 -3.889606e+00 0.000000e+00
         vertex -4.518845e+00 -3.889606e+00 5.000000e+00
      endloop
   endfacet
   facet normal -5.847405e-01 8.112204e-01 0.000000e+00
      outer loop
         vertex -4.481359e+00 -3.862586e+00 0.000000e+00
         vertex -4.518845e+00 -3.889606e+00 5.000000e+00
         vertex -4.481359e+00 -3.862586e+00 5.000000e+00
      endloop
   endfacet
   facet normal -6.796793e-01 7.335094e-01 0.000000e+00
      outer loop
         vertex -4.518845e+00 -3.889606e+00 0.000000e+00
         vertex -4.552740e+00 -3.921013e+00 0.000000e+00
         vertex -4.552740e+00 -3.921013e+00 5.000000e+00
      endloop
   endfacet
   facet normal -6.796793e-01 7.335094e-01 0.000000e+00
      outer loop
         vertex -4.518845e+00 -3.889606e+00 0.000000e+00
         vertex -4.552740e+00 -3.921013e+00 5.000000e+00
         vertex -4.518845e+00 -3.889606e+00 5.000000e+00
      endloop
   endfacet
   facet normal -7.847774e-01 6.197777e-01 0.000000e+00
      outer loop
         vertex -4.552740e+00 -3.921013e+00 0.000000e+00
         vertex -4.571623e+00 -3.944924e+00 0.000000e+00
         vertex -4.571623e+00 -3.944924e+00 5.000000e+00
      endloop
   endfacet
   facet normal -7.847774e-01 6.197777e-01 0.000000e+00
      outer loop
         vertex -4.552740e+00 -3.921013e+00 0.000000e+00
         vertex -4.571623e+00 -3.944924e+00 5.000000e+00
         vertex -4.552740e+00 -3.921013e+00 5.000000e+00
      endloop
   endfacet
   facet normal -8.864458e-01 4.628323e-01 0.000000e+00
      outer loop
         vertex -4.571623e+00 -3.944924e+00 0.000000e+00
         vertex -4.585725e+00 -3.971933e+00 0.000000e+00
         vertex -4.585725e+00 -3.971933e+00 5.000000e+00
      endloop
   endfacet
   facet normal -8.864458e-01 4.628323e-01 0.000000e+00
      outer loop
         vertex -4.571623e+00 -3.944924e+00 0.000000e+00
         vertex -4.585725e+00 -3.971933e+00 5.000000e+00
         vertex -4.571623e+00 -3.944924e+00 5.000000e+00
      endloop
   endfacet
   facet normal -9.983535e-01 5.736075e-02 0.000000e+00
      outer loop
         vertex -4.585725e+00 -3.971933e+00 0.000000e+00
         vertex -4.588298e+00 -4.016708e+00 0.000000e+00
         vertex -4.588298e+00 -4.016708e+00 5.000000e+00
      endloop
   endfacet
   facet normal -9.983535e-01 5.736075e-02 0.000000e+00
      outer loop
         vertex -4.585725e+00 -3.971933e+00 0.000000e+00
         vertex -4.588298e+00 -4.016708e+00 5.000000e+00
         vertex -4.585725e+00 -3.971933e+00 5.000000e+00
      endloop
   endfacet
   facet normal -9.881192e-01 -1.536892e-01 0.000000e+00
      outer loop
         vertex -4.588298e+00 -4.016708e+00 0.000000e+00
         vertex -4.581405e+00 -4.061023e+00 0.000000e+00
         vertex -4.581405e+00 -4.061023e+00 5.000000e+00
      endloop
   endfacet
   facet normal -9.881192e-01 -1.536892e-01 0.000000e+00
      outer loop
         vertex -4.588298e+00 -4.016708e+00 0.000000e+00
         vertex -4.581405e+00 -4.061023e+00 5.000000e+00
         vertex -4.588298e+00 -4.016708e+00 5.000000e+00
      endloop
   endfacet
   facet normal 0.000000e+00 0.000000e+00 1.000000e+00
      outer loop
         vertex -4.588298e+00 -4.016708e+00 5.000000e+00
         vertex -4.581405e+00 -4.061023e+00 5.000000e+00
         vertex -4.585725e+00 -3.971933e+00 5.000000e+00
      endloop
   endfacet
   facet normal 0.000000e+00 0.000000e+00 1.000000e+00
      outer loop
         vertex -4.581405e+00 -4.061023e+00 5.000000e+00
         vertex -4.570000e+00 -4.082057e+00 5.000000e+00
         vertex -4.585725e+00 -3.971933e+00 5.000000e+00
      endloop
   endfacet
   facet normal 0.000000e+00 0.000000e+00 1.000000e+00
      outer loop
         vertex -4.585725e+00 -3.971933e+00 5.000000e+00
         vertex -4.570000e+00 -4.082057e+00 5.000000e+00
         vertex -4.571623e+00 -3.944924e+00 5.000000e+00
      endloop
   endfacet
   facet normal 0.000000e+00 0.000000e+00 1.000000e+00
      outer loop
         vertex -4.570000e+00 -4.082057e+00 5.000000e+00
         vertex -4.552032e+00 -4.097858e+00 5.000000e+00
         vertex -4.571623e+00 -3.944924e+00 5.000000e+00
      endloop
   endfacet
   facet normal 0.000000e+00 0.000000e+00 1.000000e+00
      outer loop
         vertex -4.571623e+00 -3.944924e+00 5.000000e+00
         vertex -4.552032e+00 -4.097858e+00 5.000000e+00
         vertex -4.552740e+00 -3.921013e+00 5.000000e+00
      endloop
   endfacet
   facet normal 0.000000e+00 0.000000e+00 1.000000e+00
      outer loop
         vertex -4.552032e+00 -4.097858e+00 5.000000e+00
         vertex -4.479092e+00 -4.145557e+00 5.000000e+00
         vertex -4.552740e+00 -3.921013e+00 5.000000e+00
      endloop
   endfacet
   facet normal 0.000000e+00 0.000000e+00 1.000000e+00
      outer loop
         vertex -4.552740e+00 -3.921013e+00 5.000000e+00
         vertex -4.479092e+00 -4.145557e+00 5.000000e+00
         vertex -4.518845e+00 -3.889606e+00 5.000000e+00
      endloop
   endfacet
   facet normal 0.000000e+00 0.000000e+00 1.000000e+00
      outer loop
         vertex -4.479092e+00 -4.145557e+00 5.000000e+00
         vertex -4.401522e+00 -4.185288e+00 5.000000e+00
         vertex -4.518845e+00 -3.889606e+00 5.000000e+00
      endloop
   endfacet
   facet normal 0.000000e+00 0.000000e+00 1.000000e+00
      outer loop
         vertex -4.518845e+00 -3.889606e+00 5.000000e+00
         vertex -4.401522e+00 -4.185288e+00 5.000000e+00
         vertex -4.481359e+00 -3.862586e+00 5.000000e+00
      endloop
   endfacet
   facet normal 0.000000e+00 0.000000e+00 1.000000e+00
      outer loop
         vertex -4.401522e+00 -4.185288e+00 5.000000e+00
         vertex -4.299827e+00 -4.225717e+00 5.000000e+00
         vertex -4.481359e+00 -3.862586e+00 5.000000e+00
      endloop
   endfacet
   facet normal 0.000000e+00 0.000000e+00 1.000000e+00
      outer loop
         vertex -4.481359e+00 -3.862586e+00 5.000000e+00
         vertex -4.299827e+00 -4.225717e+00 5.000000e+00
         vertex -4.440715e+00 -3.840205e+00 5.000000e+00
      endloop
   endfacet
   facet normal 0.000000e+00 0.000000e+00 1.000000e+00
      outer loop
         vertex -4.299827e+00 -4.225717e+00 5.000000e+00
         vertex -4.195093e+00 -4.257456e+00 5.000000e+00
         vertex -4.440715e+00 -3.840205e+00 5.000000e+00
      endloop
   endfacet
   facet normal 0.000000e+00 0.000000e+00 1.000000e+00
      outer loop
         vertex -4.440715e+00 -3.840205e+00 5.000000e+00
         vertex -4.195093e+00 -4.257456e+00 5.000000e+00
         vertex -4.397690e+00 -3.822837e+00 5.000000e+00
      endloop
   endfacet
   facet normal 0.000000e+00 0.000000e+00 1.000000e+00
      outer loop
         vertex -4.195093e+00 -4.257456e+00 5.000000e+00
         vertex -4.087682e+00 -4.281833e+00 5.000000e+00
         vertex -4.397690e+00 -3.822837e+00 5.000000e+00
      endloop
   endfacet
   facet normal 0.000000e+00 0.000000e+00 1.000000e+00
      outer loop
         vertex -4.397690e+00 -3.822837e+00 5.000000e+00
         vertex -4.087682e+00 -4.281833e+00 5.000000e+00
         vertex -4.364288e+00 -3.814561e+00 5.000000e+00
      endloop
   endfacet
   facet normal 0.000000e+00 0.000000e+00 1.000000e+00
      outer loop
         vertex -4.087682e+00 -4.281833e+00 5.000000e+00
         vertex -3.979038e+00 -4.299942e+00 5.000000e+00
         vertex -4.364288e+00 -3.814561e+00 5.000000e+00
      endloop
   endfacet
   facet normal 0.000000e+00 0.000000e+00 1.000000e+00
      outer loop
         vertex -4.364288e+00 -3.814561e+00 5.000000e+00
         vertex -3.979038e+00 -4.299942e+00 5.000000e+00
         vertex -4.329989e+00 -3.811778e+00 5.000000e+00
      endloop
   endfacet
   facet normal 0.000000e+00 0.000000e+00 1.000000e+00
      outer loop
         vertex -3.979038e+00 -4.299942e+00 5.000000e+00
         vertex -3.885641e+00 -4.309513e+00 5.000000e+00
         vertex -4.329989e+00 -3.811778e+00 5.000000e+00
      endloop
   endfacet
   facet normal 0.000000e+00 0.000000e+00 1.000000e+00
      outer loop
         vertex -4.329989e+00 -3.811778e+00 5.000000e+00
         vertex -3.885641e+00 -4.309513e+00 5.000000e+00
         vertex -4.237633e+00 -3.839476e+00 5.000000e+00
      endloop
   endfacet
   facet normal 0.000000e+00 0.000000e+00 1.000000e+00
      outer loop
         vertex -3.885641e+00 -4.309513e+00 5.000000e+00
         vertex -3.791810e+00 -4.312708e+00 5.000000e+00
         vertex -4.237633e+00 -3.839476e+00 5.000000e+00
      endloop
   endfacet
   facet normal 0.000000e+00 0.000000e+00 1.000000e+00
      outer loop
         vertex -4.237633e+00 -3.839476e+00 5.000000e+00
         vertex -3.791810e+00 -4.312708e+00 5.000000e+00
         vertex -4.126403e+00 -3.909365e+00 5.000000e+00
      endloop
   endfacet
   facet normal 0.000000e+00 0.000000e+00 1.000000e+00
      outer loop
         vertex -3.791810e+00 -4.312708e+00 5.000000e+00
         vertex -3.247430e+00 -4.312708e+00 5.000000e+00
         vertex -4.126403e+00 -3.909365e+00 5.000000e+00
      endloop
   endfacet
   facet normal 0.000000e+00 0.000000e+00 1.000000e+00
      outer loop
         vertex -4.126403e+00 -3.909365e+00 5.000000e+00
         vertex -3.247430e+00 -4.312708e+00 5.000000e+00
         vertex -4.004190e+00 -3.957538e+00 5.000000e+00
      endloop
   endfacet
   facet normal 0.000000e+00 0.000000e+00 1.000000e+00
      outer loop
         vertex -3.247430e+00 -4.312708e+00 5.000000e+00
         vertex -3.010867e+00 -4.294963e+00 5.000000e+00
         vertex -4.004190e+00 -3.957538e+00 5.000000e+00
      endloop
   endfacet
   facet normal 0.000000e+00 0.000000e+00 1.000000e+00
      outer loop
         vertex -4.004190e+00 -3.957538e+00 5.000000e+00
         vertex -3.010867e+00 -4.294963e+00 5.000000e+00
         vertex -3.836353e+00 -3.993668e+00 5.000000e+00
      endloop
   endfacet
   facet normal 0.000000e+00 0.000000e+00 1.000000e+00
      outer loop
         vertex -3.010867e+00 -4.294963e+00 5.000000e+00
         vertex -2.779599e+00 -4.242125e+00 5.000000e+00
         vertex -3.836353e+00 -3.993668e+00 5.000000e+00
      endloop
   endfacet
   facet normal 0.000000e+00 0.000000e+00 1.000000e+00
      outer loop
         vertex -3.836353e+00 -3.993668e+00 5.000000e+00
         vertex -2.779599e+00 -4.242125e+00 5.000000e+00
         vertex -3.665099e+00 -4.005792e+00 5.000000e+00
      endloop
   endfacet
   facet normal 0.000000e+00 0.000000e+00 1.000000e+00
      outer loop
         vertex -2.779599e+00 -4.242125e+00 5.000000e+00
         vertex -2.541928e+00 -4.150180e+00 5.000000e+00
         vertex -3.665099e+00 -4.005792e+00 5.000000e+00
      endloop
   endfacet
   facet normal 0.000000e+00 0.000000e+00 1.000000e+00
      outer loop
         vertex -3.665099e+00 -4.005792e+00 5.000000e+00
         vertex -2.541928e+00 -4.150180e+00 5.000000e+00
         vertex -3.120884e+00 -4.005792e+00 5.000000e+00
      endloop
   endfacet
   facet normal 0.000000e+00 0.000000e+00 1.000000e+00
      outer loop
         vertex -2.541928e+00 -4.150180e+00 5.000000e+00
         vertex -2.319321e+00 -4.026132e+00 5.000000e+00
         vertex -3.120884e+00 -4.005792e+00 5.000000e+00
      endloop
   endfacet
   facet normal 0.000000e+00 0.000000e+00 1.000000e+00
      outer loop
         vertex -3.120884e+00 -4.005792e+00 5.000000e+00
         vertex -2.319321e+00 -4.026132e+00 5.000000e+00
         vertex -2.964887e+00 -3.994317e+00 5.000000e+00
      endloop
   endfacet
   facet normal 0.000000e+00 0.000000e+00 1.000000e+00
      outer loop
         vertex -2.319321e+00 -4.026132e+00 5.000000e+00
         vertex -2.128911e+00 -3.884253e+00 5.000000e+00
         vertex -2.964887e+00 -3.994317e+00 5.000000e+00
      endloop
   endfacet
   facet normal 0.000000e+00 0.000000e+00 1.000000e+00
      outer loop
         vertex -2.964887e+00 -3.994317e+00 5.000000e+00
         vertex -2.128911e+00 -3.884253e+00 5.000000e+00
         vertex -2.812247e+00 -3.960139e+00 5.000000e+00
      endloop
   endfacet
   facet normal 0.000000e+00 0.000000e+00 1.000000e+00
      outer loop
         vertex -2.128911e+00 -3.884253e+00 5.000000e+00
         vertex -1.959731e+00 -3.717628e+00 5.000000e+00
         vertex -2.812247e+00 -3.960139e+00 5.000000e+00
      endloop
   endfacet
   facet normal 0.000000e+00 0.000000e+00 1.000000e+00
      outer loop
         vertex -2.812247e+00 -3.960139e+00 5.000000e+00
         vertex -1.959731e+00 -3.717628e+00 5.000000e+00
         vertex -2.658646e+00 -3.901700e+00 5.000000e+00
      endloop
   endfacet
   facet normal 0.000000e+00 0.000000e+00 1.000000e+00
      outer loop
         vertex -1.959731e+00 -3.717628e+00 5.000000e+00
         vertex -1.843494e+00 -3.561580e+00 5.000000e+00
         vertex -2.658646e+00 -3.901700e+00 5.000000e+00
      endloop
   endfacet
   facet normal 0.000000e+00 0.000000e+00 1.000000e+00
      outer loop
         vertex -2.658646e+00 -3.901700e+00 5.000000e+00
         vertex -1.843494e+00 -3.561580e+00 5.000000e+00
         vertex -2.514678e+00 -3.822444e+00 5.000000e+00
      endloop
   endfacet
   facet normal 0.000000e+00 0.000000e+00 1.000000e+00
      outer loop
         vertex -1.843494e+00 -3.561580e+00 5.000000e+00
         vertex -1.755014e+00 -3.388279e+00 5.000000e+00
         vertex -2.514678e+00 -3.822444e+00 5.000000e+00
      endloop
   endfacet
   facet normal 0.000000e+00 0.000000e+00 1.000000e+00
      outer loop
         vertex -2.514678e+00 -3.822444e+00 5.000000e+00
         vertex -1.755014e+00 -3.388279e+00 5.000000e+00
         vertex -2.383171e+00 -3.724441e+00 5.000000e+00
      endloop
   endfacet
   facet normal 0.000000e+00 0.000000e+00 1.000000e+00
      outer loop
         vertex -1.755014e+00 -3.388279e+00 5.000000e+00
         vertex -1.737610e+00 -3.342558e+00 5.000000e+00
         vertex -2.383171e+00 -3.724441e+00 5.000000e+00
      endloop
   endfacet
   facet normal 0.000000e+00 0.000000e+00 1.000000e+00
      outer loop
         vertex -2.383171e+00 -3.724441e+00 5.000000e+00
         vertex -1.737610e+00 -3.342558e+00 5.000000e+00
         vertex -2.266016e+00 -3.609665e+00 5.000000e+00
      endloop
   endfacet
   facet normal 0.000000e+00 0.000000e+00 1.000000e+00
      outer loop
         vertex -1.737610e+00 -3.342558e+00 5.000000e+00
         vertex -1.722443e+00 -3.296047e+00 5.000000e+00
         vertex -2.266016e+00 -3.609665e+00 5.000000e+00
      endloop
   endfacet
   facet normal 0.000000e+00 0.000000e+00 1.000000e+00
      outer loop
         vertex -2.266016e+00 -3.609665e+00 5.000000e+00
         vertex -1.722443e+00 -3.296047e+00 5.000000e+00
         vertex -2.187906e+00 -3.505454e+00 5.000000e+00
      endloop
   endfacet
   facet normal 0.000000e+00 0.000000e+00 1.000000e+00
      outer loop
         vertex -1.722443e+00 -3.296047e+00 5.000000e+00
         vertex -1.710931e+00 -3.253476e+00 5.000000e+00
         vertex -2.187906e+00 -3.505454e+00 5.000000e+00
      endloop
   endfacet
   facet normal 0.000000e+00 0.000000e+00 1.000000e+00
      outer loop
         vertex -2.187906e+00 -3.505454e+00 5.000000e+00
         vertex -1.710931e+00 -3.253476e+00 5.000000e+00
         vertex -2.128573e+00 -3.389519e+00 5.000000e+00
      endloop
   endfacet
   facet normal 0.000000e+00 0.000000e+00 1.000000e+00
      outer loop
         vertex -1.710931e+00 -3.253476e+00 5.000000e+00
         vertex -1.701726e+00 -3.210347e+00 5.000000e+00
         vertex -2.128573e+00 -3.389519e+00 5.000000e+00
      endloop
   endfacet
   facet normal 0.000000e+00 0.000000e+00 1.000000e+00
      outer loop
         vertex -2.128573e+00 -3.389519e+00 5.000000e+00
         vertex -1.701726e+00 -3.210347e+00 5.000000e+00
         vertex -2.089340e+00 -3.266281e+00 5.000000e+00
      endloop
   endfacet
   facet normal 0.000000e+00 0.000000e+00 1.000000e+00
      outer loop
         vertex -1.701726e+00 -3.210347e+00 5.000000e+00
         vertex -1.694966e+00 -3.166823e+00 5.000000e+00
         vertex -2.089340e+00 -3.266281e+00 5.000000e+00
      endloop
   endfacet
   facet normal 0.000000e+00 0.000000e+00 1.000000e+00
      outer loop
         vertex -2.089340e+00 -3.266281e+00 5.000000e+00
         vertex -1.694966e+00 -3.166823e+00 5.000000e+00
         vertex -2.080204e+00 -3.207701e+00 5.000000e+00
      endloop
   endfacet
   facet normal 0.000000e+00 0.000000e+00 1.000000e+00
      outer loop
         vertex -1.694966e+00 -3.166823e+00 5.000000e+00
         vertex -1.690766e+00 -3.122978e+00 5.000000e+00
         vertex -2.080204e+00 -3.207701e+00 5.000000e+00
      endloop
   endfacet
   facet normal 0.000000e+00 0.000000e+00 1.000000e+00
      outer loop
         vertex -2.080204e+00 -3.207701e+00 5.000000e+00
         vertex -1.690766e+00 -3.122978e+00 5.000000e+00
         vertex -2.083470e+00 -3.152262e+00 5.000000e+00
      endloop
   endfacet
   facet normal 0.000000e+00 0.000000e+00 1.000000e+00
      outer loop
         vertex -1.690766e+00 -3.122978e+00 5.000000e+00
         vertex -1.689312e+00 -3.081546e+00 5.000000e+00
         vertex -2.083470e+00 -3.152262e+00 5.000000e+00
      endloop
   endfacet
   facet normal 0.000000e+00 0.000000e+00 1.000000e+00
      outer loop
         vertex -2.083470e+00 -3.152262e+00 5.000000e+00
         vertex -1.689312e+00 -3.081546e+00 5.000000e+00
         vertex -2.093308e+00 -3.113183e+00 5.000000e+00
      endloop
   endfacet
   facet normal 0.000000e+00 0.000000e+00 1.000000e+00
      outer loop
         vertex -1.689312e+00 -3.081546e+00 5.000000e+00
         vertex -1.690439e+00 -3.040104e+00 5.000000e+00
         vertex -2.093308e+00 -3.113183e+00 5.000000e+00
      endloop
   endfacet
   facet normal 0.000000e+00 0.000000e+00 1.000000e+00
      outer loop
         vertex -2.093308e+00 -3.113183e+00 5.000000e+00
         vertex -1.690439e+00 -3.040104e+00 5.000000e+00
         vertex -2.107490e+00 -3.075462e+00 5.000000e+00
      endloop
   endfacet
   facet normal 0.000000e+00 0.000000e+00 1.000000e+00
      outer loop
         vertex -1.690439e+00 -3.040104e+00 5.000000e+00
         vertex -1.715880e+00 -2.945623e+00 5.000000e+00
         vertex -2.107490e+00 -3.075462e+00 5.000000e+00
      endloop
   endfacet
   facet normal 0.000000e+00 0.000000e+00 1.000000e+00
      outer loop
         vertex -2.107490e+00 -3.075462e+00 5.000000e+00
         vertex -1.715880e+00 -2.945623e+00 5.000000e+00
         vertex -2.137723e+00 -3.012662e+00 5.000000e+00
      endloop
   endfacet
   facet normal 0.000000e+00 0.000000e+00 1.000000e+00
      outer loop
         vertex -1.715880e+00 -2.945623e+00 5.000000e+00
         vertex -1.749912e+00 -2.853887e+00 5.000000e+00
         vertex -2.137723e+00 -3.012662e+00 5.000000e+00
      endloop
   endfacet
   facet normal 0.000000e+00 0.000000e+00 1.000000e+00
      outer loop
         vertex -2.137723e+00 -3.012662e+00 5.000000e+00
         vertex -1.749912e+00 -2.853887e+00 5.000000e+00
         vertex -2.171981e+00 -2.951965e+00 5.000000e+00
      endloop
   endfacet
   facet normal 0.000000e+00 0.000000e+00 1.000000e+00
      outer loop
         vertex -1.749912e+00 -2.853887e+00 5.000000e+00
         vertex -1.780367e+00 -2.793691e+00 5.000000e+00
         vertex -2.171981e+00 -2.951965e+00 5.000000e+00
      endloop
   endfacet
   facet normal 0.000000e+00 0.000000e+00 1.000000e+00
      outer loop
         vertex -2.171981e+00 -2.951965e+00 5.000000e+00
         vertex -1.780367e+00 -2.793691e+00 5.000000e+00
         vertex -3.257062e+00 -1.574602e+00 5.000000e+00
      endloop
   endfacet
   facet normal 0.000000e+00 0.000000e+00 1.000000e+00
      outer loop
         vertex -1.780367e+00 -2.793691e+00 5.000000e+00
         vertex -1.818597e+00 -2.738107e+00 5.000000e+00
         vertex -3.257062e+00 -1.574602e+00 5.000000e+00
      endloop
   endfacet
   facet normal 0.000000e+00 0.000000e+00 1.000000e+00
      outer loop
         vertex -3.257062e+00 -1.574602e+00 5.000000e+00
         vertex -1.818597e+00 -2.738107e+00 5.000000e+00
         vertex -3.282814e+00 -1.540757e+00 5.000000e+00
      endloop
   endfacet
   facet normal 0.000000e+00 0.000000e+00 1.000000e+00
      outer loop
         vertex -1.818597e+00 -2.738107e+00 5.000000e+00
         vertex -2.909549e+00 -1.360744e+00 5.000000e+00
         vertex -3.282814e+00 -1.540757e+00 5.000000e+00
      endloop
   endfacet
   facet normal 0.000000e+00 0.000000e+00 1.000000e+00
      outer loop
         vertex -3.282814e+00 -1.540757e+00 5.000000e+00
         vertex -2.909549e+00 -1.360744e+00 5.000000e+00
         vertex -3.305970e+00 -1.505087e+00 5.000000e+00
      endloop
   endfacet
   facet normal 0.000000e+00 0.000000e+00 1.000000e+00
      outer loop
         vertex -2.909549e+00 -1.360744e+00 5.000000e+00
         vertex -2.928360e+00 -1.331819e+00 5.000000e+00
         vertex -3.305970e+00 -1.505087e+00 5.000000e+00
      endloop
   endfacet
   facet normal 0.000000e+00 0.000000e+00 1.000000e+00
      outer loop
         vertex -3.305970e+00 -1.505087e+00 5.000000e+00
         vertex -2.928360e+00 -1.331819e+00 5.000000e+00
         vertex -3.325276e+00 -1.469674e+00 5.000000e+00
      endloop
   endfacet
   facet normal 0.000000e+00 0.000000e+00 1.000000e+00
      outer loop
         vertex -2.928360e+00 -1.331819e+00 5.000000e+00
         vertex -2.945372e+00 -1.301800e+00 5.000000e+00
         vertex -3.325276e+00 -1.469674e+00 5.000000e+00
      endloop
   endfacet
   facet normal 0.000000e+00 0.000000e+00 1.000000e+00
      outer loop
         vertex -3.325276e+00 -1.469674e+00 5.000000e+00
         vertex -2.945372e+00 -1.301800e+00 5.000000e+00
         vertex -3.341739e+00 -1.432853e+00 5.000000e+00
      endloop
   endfacet
   facet normal 0.000000e+00 0.000000e+00 1.000000e+00
      outer loop
         vertex -2.945372e+00 -1.301800e+00 5.000000e+00
         vertex -2.957861e+00 -1.275842e+00 5.000000e+00
         vertex -3.341739e+00 -1.432853e+00 5.000000e+00
      endloop
   endfacet
   facet normal 0.000000e+00 0.000000e+00 1.000000e+00
      outer loop
         vertex -3.341739e+00 -1.432853e+00 5.000000e+00
         vertex -2.957861e+00 -1.275842e+00 5.000000e+00
         vertex -3.355247e+00 -1.394855e+00 5.000000e+00
      endloop
   endfacet
   facet normal 0.000000e+00 0.000000e+00 1.000000e+00
      outer loop
         vertex -2.957861e+00 -1.275842e+00 5.000000e+00
         vertex -2.968418e+00 -1.249040e+00 5.000000e+00
         vertex -3.355247e+00 -1.394855e+00 5.000000e+00
      endloop
   endfacet
   facet normal 0.000000e+00 0.000000e+00 1.000000e+00
      outer loop
         vertex -3.355247e+00 -1.394855e+00 5.000000e+00
         vertex -2.968418e+00 -1.249040e+00 5.000000e+00
         vertex -3.365711e+00 -1.355908e+00 5.000000e+00
      endloop
   endfacet
   facet normal 0.000000e+00 0.000000e+00 1.000000e+00
      outer loop
         vertex -2.968418e+00 -1.249040e+00 5.000000e+00
         vertex -2.976786e+00 -1.221607e+00 5.000000e+00
         vertex -3.365711e+00 -1.355908e+00 5.000000e+00
      endloop
   endfacet
   facet normal 0.000000e+00 0.000000e+00 1.000000e+00
      outer loop
         vertex -3.365711e+00 -1.355908e+00 5.000000e+00
         vertex -2.976786e+00 -1.221607e+00 5.000000e+00
         vertex -3.373466e+00 -1.314490e+00 5.000000e+00
      endloop
   endfacet
   facet normal 0.000000e+00 0.000000e+00 1.000000e+00
      outer loop
         vertex -2.976786e+00 -1.221607e+00 5.000000e+00
         vertex -2.982790e+00 -1.193561e+00 5.000000e+00
         vertex -3.373466e+00 -1.314490e+00 5.000000e+00
      endloop
   endfacet
   facet normal 0.000000e+00 0.000000e+00 1.000000e+00
      outer loop
         vertex -3.373466e+00 -1.314490e+00 5.000000e+00
         vertex -2.982790e+00 -1.193561e+00 5.000000e+00
         vertex -3.378068e+00 -1.272605e+00 5.000000e+00
      endloop
   endfacet
   facet normal 0.000000e+00 0.000000e+00 1.000000e+00
      outer loop
         vertex -2.982790e+00 -1.193561e+00 5.000000e+00
         vertex -2.985918e+00 -1.167854e+00 5.000000e+00
         vertex -3.378068e+00 -1.272605e+00 5.000000e+00
      endloop
   endfacet
   facet normal 0.000000e+00 0.000000e+00 1.000000e+00
      outer loop
         vertex -3.378068e+00 -1.272605e+00 5.000000e+00
         vertex -2.985918e+00 -1.167854e+00 5.000000e+00
         vertex -3.378771e+00 -1.201746e+00 5.000000e+00
      endloop
   endfacet
   facet normal 0.000000e+00 0.000000e+00 1.000000e+00
      outer loop
         vertex -2.985918e+00 -1.167854e+00 5.000000e+00
         vertex -2.986609e+00 -1.141966e+00 5.000000e+00
         vertex -3.378771e+00 -1.201746e+00 5.000000e+00
      endloop
   endfacet
   facet normal 0.000000e+00 0.000000e+00 1.000000e+00
      outer loop
         vertex -3.378771e+00 -1.201746e+00 5.000000e+00
         vertex -2.986609e+00 -1.141966e+00 5.000000e+00
         vertex -3.367939e+00 -1.084626e+00 5.000000e+00
      endloop
   endfacet
   facet normal 0.000000e+00 0.000000e+00 1.000000e+00
      outer loop
         vertex -2.986609e+00 -1.141966e+00 5.000000e+00
         vertex -2.987231e+00 -1.136669e+00 5.000000e+00
         vertex -3.367939e+00 -1.084626e+00 5.000000e+00
      endloop
   endfacet
   facet normal 0.000000e+00 0.000000e+00 1.000000e+00
      outer loop
         vertex -3.367939e+00 -1.084626e+00 5.000000e+00
         vertex -2.987231e+00 -1.136669e+00 5.000000e+00
         vertex -3.353801e+00 -1.013768e+00 5.000000e+00
      endloop
   endfacet
   facet normal 0.000000e+00 0.000000e+00 1.000000e+00
      outer loop
         vertex -2.987231e+00 -1.136669e+00 5.000000e+00
         vertex -2.989205e+00 -1.108401e+00 5.000000e+00
         vertex -3.353801e+00 -1.013768e+00 5.000000e+00
      endloop
   endfacet
   facet normal 0.000000e+00 0.000000e+00 1.000000e+00
      outer loop
         vertex -3.353801e+00 -1.013768e+00 5.000000e+00
         vertex -2.989205e+00 -1.108401e+00 5.000000e+00
         vertex -3.317296e+00 -9.244294e-01 5.000000e+00
      endloop
   endfacet
   facet normal 0.000000e+00 0.000000e+00 1.000000e+00
      outer loop
         vertex -2.989205e+00 -1.108401e+00 5.000000e+00
         vertex -2.989213e+00 -1.084957e+00 5.000000e+00
         vertex -3.317296e+00 -9.244294e-01 5.000000e+00
      endloop
   endfacet
   facet normal 0.000000e+00 0.000000e+00 1.000000e+00
      outer loop
         vertex -3.317296e+00 -9.244294e-01 5.000000e+00
         vertex -2.989213e+00 -1.084957e+00 5.000000e+00
         vertex -3.228852e+00 -7.510667e-01 5.000000e+00
      endloop
   endfacet
   facet normal 0.000000e+00 0.000000e+00 1.000000e+00
      outer loop
         vertex -2.989213e+00 -1.084957e+00 5.000000e+00
         vertex -2.989157e+00 -1.083241e+00 5.000000e+00
         vertex -3.228852e+00 -7.510667e-01 5.000000e+00
      endloop
   endfacet
   facet normal 0.000000e+00 0.000000e+00 1.000000e+00
      outer loop
         vertex -3.228852e+00 -7.510667e-01 5.000000e+00
         vertex -2.989157e+00 -1.083241e+00 5.000000e+00
         vertex -3.112737e+00 -5.948801e-01 5.000000e+00
      endloop
   endfacet
   facet normal 0.000000e+00 0.000000e+00 1.000000e+00
      outer loop
         vertex -2.989157e+00 -1.083241e+00 5.000000e+00
         vertex -2.988196e+00 -1.067753e+00 5.000000e+00
         vertex -3.112737e+00 -5.948801e-01 5.000000e+00
      endloop
   endfacet
   facet normal 0.000000e+00 -0.000000e+00 1.000000e+00
      outer loop
         vertex -3.112737e+00 -5.948801e-01 5.000000e+00
         vertex -2.988196e+00 -1.067753e+00 5.000000e+00
         vertex -2.944162e+00 -4.284126e-01 5.000000e+00
      endloop
   endfacet
   facet normal 0.000000e+00 -0.000000e+00 1.000000e+00
      outer loop
         vertex -2.988196e+00 -1.067753e+00 5.000000e+00
         vertex -2.984623e+00 -1.042542e+00 5.000000e+00
         vertex -2.944162e+00 -4.284126e-01 5.000000e+00
      endloop
   endfacet
   facet normal 0.000000e+00 0.000000e+00 1.000000e+00
      outer loop
         vertex -2.944162e+00 -4.284126e-01 5.000000e+00
         vertex -2.950269e+00 -9.262897e-01 5.000000e+00
         vertex -2.754395e+00 -2.865768e-01 5.000000e+00
      endloop
   endfacet
   facet normal 0.000000e+00 -0.000000e+00 1.000000e+00
      outer loop
         vertex -2.950269e+00 -9.262897e-01 5.000000e+00
         vertex -2.890628e+00 -8.108275e-01 5.000000e+00
         vertex -2.754395e+00 -2.865768e-01 5.000000e+00
      endloop
   endfacet
   facet normal 0.000000e+00 0.000000e+00 1.000000e+00
      outer loop
         vertex -2.754395e+00 -2.865768e-01 5.000000e+00
         vertex -2.890628e+00 -8.108275e-01 5.000000e+00
         vertex -2.532528e+00 -1.625172e-01 5.000000e+00
      endloop
   endfacet
   facet normal 0.000000e+00 -0.000000e+00 1.000000e+00
      outer loop
         vertex -2.890628e+00 -8.108275e-01 5.000000e+00
         vertex -2.811503e+00 -7.077363e-01 5.000000e+00
         vertex -2.532528e+00 -1.625172e-01 5.000000e+00
      endloop
   endfacet
   facet normal 0.000000e+00 0.000000e+00 1.000000e+00
      outer loop
         vertex -2.532528e+00 -1.625172e-01 5.000000e+00
         vertex -2.811503e+00 -7.077363e-01 5.000000e+00
         vertex -2.295568e+00 -7.050748e-02 5.000000e+00
      endloop
   endfacet
   facet normal 0.000000e+00 -0.000000e+00 1.000000e+00
      outer loop
         vertex -2.811503e+00 -7.077363e-01 5.000000e+00
         vertex -2.688441e+00 -5.909063e-01 5.000000e+00
         vertex -2.295568e+00 -7.050748e-02 5.000000e+00
      endloop
   endfacet
   facet normal 0.000000e+00 0.000000e+00 1.000000e+00
      outer loop
         vertex -2.295568e+00 -7.050748e-02 5.000000e+00
         vertex -2.688441e+00 -5.909063e-01 5.000000e+00
         vertex -2.065463e+00 -1.772682e-02 5.000000e+00
      endloop
   endfacet
   facet normal 0.000000e+00 -0.000000e+00 1.000000e+00
      outer loop
         vertex -2.688441e+00 -5.909063e-01 5.000000e+00
         vertex -2.550707e+00 -4.917943e-01 5.000000e+00
         vertex -2.065463e+00 -1.772682e-02 5.000000e+00
      endloop
   endfacet
   facet normal 0.000000e+00 0.000000e+00 1.000000e+00
      outer loop
         vertex -2.065463e+00 -1.772682e-02 5.000000e+00
         vertex -2.550707e+00 -4.917943e-01 5.000000e+00
         vertex -1.830049e+00 2.220446e-16 5.000000e+00
      endloop
   endfacet
   facet normal 0.000000e+00 -0.000000e+00 1.000000e+00
      outer loop
         vertex -2.550707e+00 -4.917943e-01 5.000000e+00
         vertex -2.400249e+00 -4.111575e-01 5.000000e+00
         vertex -1.830049e+00 2.220446e-16 5.000000e+00
      endloop
   endfacet
   facet normal 0.000000e+00 0.000000e+00 1.000000e+00
      outer loop
         vertex -1.830049e+00 2.220446e-16 5.000000e+00
         vertex -2.240735e+00 -3.503667e-01 5.000000e+00
         vertex -1.291911e+00 1.582134e-16 5.000000e+00
      endloop
   endfacet
   facet normal 0.000000e+00 -0.000000e+00 1.000000e+00
      outer loop
         vertex -2.240735e+00 -3.503667e-01 5.000000e+00
         vertex -2.098706e+00 -3.178406e-01 5.000000e+00
         vertex -1.291911e+00 1.582134e-16 5.000000e+00
      endloop
   endfacet
   facet normal 0.000000e+00 0.000000e+00 1.000000e+00
      outer loop
         vertex -1.291911e+00 1.582134e-16 5.000000e+00
         vertex -2.098706e+00 -3.178406e-01 5.000000e+00
         vertex -1.066504e+00 -1.602992e-02 5.000000e+00
      endloop
   endfacet
   facet normal 0.000000e+00 -0.000000e+00 1.000000e+00
      outer loop
         vertex -2.098706e+00 -3.178406e-01 5.000000e+00
         vertex -1.953411e+00 -3.069167e-01 5.000000e+00
         vertex -1.066504e+00 -1.602992e-02 5.000000e+00
      endloop
   endfacet
   facet normal 0.000000e+00 0.000000e+00 1.000000e+00
      outer loop
         vertex -1.066504e+00 -1.602992e-02 5.000000e+00
         vertex -1.953411e+00 -3.069167e-01 5.000000e+00
         vertex -8.456351e-01 -6.379702e-02 5.000000e+00
      endloop
   endfacet
   facet normal 0.000000e+00 -0.000000e+00 1.000000e+00
      outer loop
         vertex -1.953411e+00 -3.069167e-01 5.000000e+00
         vertex -1.413206e+00 -3.069167e-01 5.000000e+00
         vertex -8.456351e-01 -6.379702e-02 5.000000e+00
      endloop
   endfacet
   facet normal 0.000000e+00 0.000000e+00 1.000000e+00
      outer loop
         vertex -8.456351e-01 -6.379702e-02 5.000000e+00
         vertex -1.413206e+00 -3.069167e-01 5.000000e+00
         vertex -6.860427e-01 -1.271397e-01 5.000000e+00
      endloop
   endfacet
   facet normal 0.000000e+00 -0.000000e+00 1.000000e+00
      outer loop
         vertex -1.413206e+00 -3.069167e-01 5.000000e+00
         vertex -1.247151e+00 -3.186614e-01 5.000000e+00
         vertex -6.860427e-01 -1.271397e-01 5.000000e+00
      endloop
   endfacet
   facet normal 0.000000e+00 0.000000e+00 1.000000e+00
      outer loop
         vertex -6.860427e-01 -1.271397e-01 5.000000e+00
         vertex -1.247151e+00 -3.186614e-01 5.000000e+00
         vertex -5.410730e-01 -2.191494e-01 5.000000e+00
      endloop
   endfacet
   facet normal 0.000000e+00 -0.000000e+00 1.000000e+00
      outer loop
         vertex -1.247151e+00 -3.186614e-01 5.000000e+00
         vertex -1.084402e+00 -3.536616e-01 5.000000e+00
         vertex -5.410730e-01 -2.191494e-01 5.000000e+00
      endloop
   endfacet
   facet normal 0.000000e+00 0.000000e+00 1.000000e+00
      outer loop
         vertex -5.410730e-01 -2.191494e-01 5.000000e+00
         vertex -1.084402e+00 -3.536616e-01 5.000000e+00
         vertex -5.010961e-01 -2.747119e-01 5.000000e+00
      endloop
   endfacet
   facet normal 0.000000e+00 -0.000000e+00 1.000000e+00
      outer loop
         vertex -1.084402e+00 -3.536616e-01 5.000000e+00
         vertex -9.591084e-01 -4.022841e-01 5.000000e+00
         vertex -5.010961e-01 -2.747119e-01 5.000000e+00
      endloop
   endfacet
   facet normal 0.000000e+00 0.000000e+00 1.000000e+00
      outer loop
         vertex -5.010961e-01 -2.747119e-01 5.000000e+00
         vertex -9.591084e-01 -4.022841e-01 5.000000e+00
         vertex -5.104392e-01 -3.426354e-01 5.000000e+00
      endloop
   endfacet
   facet normal 0.000000e+00 -0.000000e+00 1.000000e+00
      outer loop
         vertex -9.591084e-01 -4.022841e-01 5.000000e+00
         vertex -8.442276e-01 -4.720332e-01 5.000000e+00
         vertex -5.104392e-01 -3.426354e-01 5.000000e+00
      endloop
   endfacet
   facet normal 0.000000e+00 0.000000e+00 1.000000e+00
      outer loop
         vertex -5.104392e-01 -3.426354e-01 5.000000e+00
         vertex -8.442276e-01 -4.720332e-01 5.000000e+00
         vertex -5.216174e-01 -3.641869e-01 5.000000e+00
      endloop
   endfacet
   facet normal 0.000000e+00 -0.000000e+00 1.000000e+00
      outer loop
         vertex -8.442276e-01 -4.720332e-01 5.000000e+00
         vertex -7.483575e-01 -5.000625e-01 5.000000e+00
         vertex -5.216174e-01 -3.641869e-01 5.000000e+00
      endloop
   endfacet
   facet normal 0.000000e+00 0.000000e+00 1.000000e+00
      outer loop
         vertex -5.216174e-01 -3.641869e-01 5.000000e+00
         vertex -7.483575e-01 -5.000625e-01 5.000000e+00
         vertex -5.364846e-01 -3.833803e-01 5.000000e+00
      endloop
   endfacet
   facet normal 0.000000e+00 -0.000000e+00 1.000000e+00
      outer loop
         vertex -7.483575e-01 -5.000625e-01 5.000000e+00
         vertex -7.160970e-01 -4.970678e-01 5.000000e+00
         vertex -5.364846e-01 -3.833803e-01 5.000000e+00
      endloop
   endfacet
   facet normal 0.000000e+00 0.000000e+00 1.000000e+00
      outer loop
         vertex -5.364846e-01 -3.833803e-01 5.000000e+00
         vertex -7.160970e-01 -4.970678e-01 5.000000e+00
         vertex -5.694030e-01 -4.155664e-01 5.000000e+00
      endloop
   endfacet
   facet normal 0.000000e+00 -0.000000e+00 1.000000e+00
      outer loop
         vertex -7.160970e-01 -4.970678e-01 5.000000e+00
         vertex -6.849390e-01 -4.881859e-01 5.000000e+00
         vertex -5.694030e-01 -4.155664e-01 5.000000e+00
      endloop
   endfacet
   facet normal 0.000000e+00 0.000000e+00 1.000000e+00
      outer loop
         vertex -5.694030e-01 -4.155664e-01 5.000000e+00
         vertex -6.849390e-01 -4.881859e-01 5.000000e+00
         vertex -6.052138e-01 -4.445000e-01 5.000000e+00
      endloop
   endfacet
   facet normal 0.000000e+00 -0.000000e+00 1.000000e+00
      outer loop
         vertex -6.849390e-01 -4.881859e-01 5.000000e+00
         vertex -6.436434e-01 -4.689580e-01 5.000000e+00
         vertex -6.052138e-01 -4.445000e-01 5.000000e+00
      endloop
   endfacet
   facet normal 0.000000e+00 0.000000e+00 1.000000e+00
      outer loop
         vertex -2.240735e+00 -3.503667e-01 5.000000e+00
         vertex -1.830049e+00 2.220446e-16 5.000000e+00
         vertex -2.400249e+00 -4.111575e-01 5.000000e+00
      endloop
   endfacet
   facet normal 0.000000e+00 0.000000e+00 1.000000e+00
      outer loop
         vertex -2.950269e+00 -9.262897e-01 5.000000e+00
         vertex -2.944162e+00 -4.284126e-01 5.000000e+00
         vertex -2.982019e+00 -1.031048e+00 5.000000e+00
      endloop
   endfacet
   facet normal 0.000000e+00 0.000000e+00 1.000000e+00
      outer loop
         vertex -2.944162e+00 -4.284126e-01 5.000000e+00
         vertex -2.984623e+00 -1.042542e+00 5.000000e+00
         vertex -2.982019e+00 -1.031048e+00 5.000000e+00
      endloop
   endfacet
   facet normal 0.000000e+00 0.000000e+00 -1.000000e+00
      outer loop
         vertex -4.570000e+00 -4.082057e+00 0.000000e+00
         vertex -4.581405e+00 -4.061023e+00 0.000000e+00
         vertex -4.552032e+00 -4.097858e+00 0.000000e+00
      endloop
   endfacet
   facet normal 0.000000e+00 0.000000e+00 -1.000000e+00
      outer loop
         vertex -4.581405e+00 -4.061023e+00 0.000000e+00
         vertex -4.588298e+00 -4.016708e+00 0.000000e+00
         vertex -4.552032e+00 -4.097858e+00 0.000000e+00
      endloop
   endfacet
   facet normal 0.000000e+00 0.000000e+00 -1.000000e+00
      outer loop
         vertex -4.552032e+00 -4.097858e+00 0.000000e+00
         vertex -4.588298e+00 -4.016708e+00 0.000000e+00
         vertex -4.479092e+00 -4.145557e+00 0.000000e+00
      endloop
   endfacet
   facet normal 0.000000e+00 -0.000000e+00 -1.000000e+00
      outer loop
         vertex -4.588298e+00 -4.016708e+00 0.000000e+00
         vertex -4.585725e+00 -3.971933e+00 0.000000e+00
         vertex -4.479092e+00 -4.145557e+00 0.000000e+00
      endloop
   endfacet
   facet normal 0.000000e+00 0.000000e+00 -1.000000e+00
      outer loop
         vertex -4.479092e+00 -4.145557e+00 0.000000e+00
         vertex -4.585725e+00 -3.971933e+00 0.000000e+00
         vertex -4.401522e+00 -4.185288e+00 0.000000e+00
      endloop
   endfacet
   facet normal 0.000000e+00 -0.000000e+00 -1.000000e+00
      outer loop
         vertex -4.585725e+00 -3.971933e+00 0.000000e+00
         vertex -4.571623e+00 -3.944924e+00 0.000000e+00
         vertex -4.401522e+00 -4.185288e+00 0.000000e+00
      endloop
   endfacet
   facet normal 0.000000e+00 0.000000e+00 -1.000000e+00
      outer loop
         vertex -4.401522e+00 -4.185288e+00 0.000000e+00
         vertex -4.571623e+00 -3.944924e+00 0.000000e+00
         vertex -4.299827e+00 -4.225717e+00 0.000000e+00
      endloop
   endfacet
   facet normal 0.000000e+00 -0.000000e+00 -1.000000e+00
      outer loop
         vertex -4.571623e+00 -3.944924e+00 0.000000e+00
         vertex -4.552740e+00 -3.921013e+00 0.000000e+00
         vertex -4.299827e+00 -4.225717e+00 0.000000e+00
      endloop
   endfacet
   facet normal 0.000000e+00 0.000000e+00 -1.000000e+00
      outer loop
         vertex -4.299827e+00 -4.225717e+00 0.000000e+00
         vertex -4.552740e+00 -3.921013e+00 0.000000e+00
         vertex -4.195093e+00 -4.257456e+00 0.000000e+00
      endloop
   endfacet
   facet normal 0.000000e+00 -0.000000e+00 -1.000000e+00
      outer loop
         vertex -4.552740e+00 -3.921013e+00 0.000000e+00
         vertex -4.518845e+00 -3.889606e+00 0.000000e+00
         vertex -4.195093e+00 -4.257456e+00 0.000000e+00
      endloop
   endfacet
   facet normal 0.000000e+00 0.000000e+00 -1.000000e+00
      outer loop
         vertex -4.195093e+00 -4.257456e+00 0.000000e+00
         vertex -4.518845e+00 -3.889606e+00 0.000000e+00
         vertex -4.087682e+00 -4.281833e+00 0.000000e+00
      endloop
   endfacet
   facet normal 0.000000e+00 -0.000000e+00 -1.000000e+00
      outer loop
         vertex -4.518845e+00 -3.889606e+00 0.000000e+00
         vertex -4.481359e+00 -3.862586e+00 0.000000e+00
         vertex -4.087682e+00 -4.281833e+00 0.000000e+00
      endloop
   endfacet
   facet normal 0.000000e+00 0.000000e+00 -1.000000e+00
      outer loop
         vertex -4.087682e+00 -4.281833e+00 0.000000e+00
         vertex -4.481359e+00 -3.862586e+00 0.000000e+00
         vertex -3.979038e+00 -4.299942e+00 0.000000e+00
      endloop
   endfacet
   facet normal 0.000000e+00 -0.000000e+00 -1.000000e+00
      outer loop
         vertex -4.481359e+00 -3.862586e+00 0.000000e+00
         vertex -4.440715e+00 -3.840205e+00 0.000000e+00
         vertex -3.979038e+00 -4.299942e+00 0.000000e+00
      endloop
   endfacet
   facet normal 0.000000e+00 0.000000e+00 -1.000000e+00
      outer loop
         vertex -3.979038e+00 -4.299942e+00 0.000000e+00
         vertex -4.440715e+00 -3.840205e+00 0.000000e+00
         vertex -3.885641e+00 -4.309513e+00 0.000000e+00
      endloop
   endfacet
   facet normal 0.000000e+00 -0.000000e+00 -1.000000e+00
      outer loop
         vertex -4.440715e+00 -3.840205e+00 0.000000e+00
         vertex -4.397690e+00 -3.822837e+00 0.000000e+00
         vertex -3.885641e+00 -4.309513e+00 0.000000e+00
      endloop
   endfacet
   facet normal 0.000000e+00 0.000000e+00 -1.000000e+00
      outer loop
         vertex -3.885641e+00 -4.309513e+00 0.000000e+00
         vertex -4.397690e+00 -3.822837e+00 0.000000e+00
         vertex -3.791810e+00 -4.312708e+00 0.000000e+00
      endloop
   endfacet
   facet normal 0.000000e+00 -0.000000e+00 -1.000000e+00
      outer loop
         vertex -4.397690e+00 -3.822837e+00 0.000000e+00
         vertex -4.364288e+00 -3.814561e+00 0.000000e+00
         vertex -3.791810e+00 -4.312708e+00 0.000000e+00
      endloop
   endfacet
   facet normal 0.000000e+00 0.000000e+00 -1.000000e+00
      outer loop
         vertex -3.791810e+00 -4.312708e+00 0.000000e+00
         vertex -4.364288e+00 -3.814561e+00 0.000000e+00
         vertex -3.247430e+00 -4.312708e+00 0.000000e+00
      endloop
   endfacet
   facet normal -0.000000e+00 -0.000000e+00 -1.000000e+00
      outer loop
         vertex -4.364288e+00 -3.814561e+00 0.000000e+00
         vertex -4.126403e+00 -3.909365e+00 0.000000e+00
         vertex -3.247430e+00 -4.312708e+00 0.000000e+00
      endloop
   endfacet
   facet normal 0.000000e+00 0.000000e+00 -1.000000e+00
      outer loop
         vertex -3.247430e+00 -4.312708e+00 0.000000e+00
         vertex -4.004190e+00 -3.957538e+00 0.000000e+00
         vertex -3.010867e+00 -4.294963e+00 0.000000e+00
      endloop
   endfacet
   facet normal -0.000000e+00 -0.000000e+00 -1.000000e+00
      outer loop
         vertex -4.004190e+00 -3.957538e+00 0.000000e+00
         vertex -3.836353e+00 -3.993668e+00 0.000000e+00
         vertex -3.010867e+00 -4.294963e+00 0.000000e+00
      endloop
   endfacet
   facet normal 0.000000e+00 0.000000e+00 -1.000000e+00
      outer loop
         vertex -3.010867e+00 -4.294963e+00 0.000000e+00
         vertex -3.836353e+00 -3.993668e+00 0.000000e+00
         vertex -2.779599e+00 -4.242125e+00 0.000000e+00
      endloop
   endfacet
   facet normal -0.000000e+00 -0.000000e+00 -1.000000e+00
      outer loop
         vertex -3.836353e+00 -3.993668e+00 0.000000e+00
         vertex -3.665099e+00 -4.005792e+00 0.000000e+00
         vertex -2.779599e+00 -4.242125e+00 0.000000e+00
      endloop
   endfacet
   facet normal 0.000000e+00 0.000000e+00 -1.000000e+00
      outer loop
         vertex -2.779599e+00 -4.242125e+00 0.000000e+00
         vertex -3.665099e+00 -4.005792e+00 0.000000e+00
         vertex -2.541928e+00 -4.150180e+00 0.000000e+00
      endloop
   endfacet
   facet normal -0.000000e+00 -0.000000e+00 -1.000000e+00
      outer loop
         vertex -3.665099e+00 -4.005792e+00 0.000000e+00
         vertex -3.120884e+00 -4.005792e+00 0.000000e+00
         vertex -2.541928e+00 -4.150180e+00 0.000000e+00
      endloop
   endfacet
   facet normal 0.000000e+00 0.000000e+00 -1.000000e+00
      outer loop
         vertex -2.541928e+00 -4.150180e+00 0.000000e+00
         vertex -3.120884e+00 -4.005792e+00 0.000000e+00
         vertex -2.319321e+00 -4.026132e+00 0.000000e+00
      endloop
   endfacet
   facet normal 0.000000e+00 -0.000000e+00 -1.000000e+00
      outer loop
         vertex -3.120884e+00 -4.005792e+00 0.000000e+00
         vertex -2.964887e+00 -3.994317e+00 0.000000e+00
         vertex -2.319321e+00 -4.026132e+00 0.000000e+00
      endloop
   endfacet
   facet normal 0.000000e+00 0.000000e+00 -1.000000e+00
      outer loop
         vertex -2.319321e+00 -4.026132e+00 0.000000e+00
         vertex -2.964887e+00 -3.994317e+00 0.000000e+00
         vertex -2.128911e+00 -3.884253e+00 0.000000e+00
      endloop
   endfacet
   facet normal 0.000000e+00 -0.000000e+00 -1.000000e+00
      outer loop
         vertex -2.964887e+00 -3.994317e+00 0.000000e+00
         vertex -2.812247e+00 -3.960139e+00 0.000000e+00
         vertex -2.128911e+00 -3.884253e+00 0.000000e+00
      endloop
   endfacet
   facet normal 0.000000e+00 0.000000e+00 -1.000000e+00
      outer loop
         vertex -2.128911e+00 -3.884253e+00 0.000000e+00
         vertex -2.812247e+00 -3.960139e+00 0.000000e+00
         vertex -1.959731e+00 -3.717628e+00 0.000000e+00
      endloop
   endfacet
   facet normal 0.000000e+00 -0.000000e+00 -1.000000e+00
      outer loop
         vertex -2.812247e+00 -3.960139e+00 0.000000e+00
         vertex -2.658646e+00 -3.901700e+00 0.000000e+00
         vertex -1.959731e+00 -3.717628e+00 0.000000e+00
      endloop
   endfacet
   facet normal 0.000000e+00 0.000000e+00 -1.000000e+00
      outer loop
         vertex -1.959731e+00 -3.717628e+00 0.000000e+00
         vertex -2.658646e+00 -3.901700e+00 0.000000e+00
         vertex -1.843494e+00 -3.561580e+00 0.000000e+00
      endloop
   endfacet
   facet normal 0.000000e+00 -0.000000e+00 -1.000000e+00
      outer loop
         vertex -2.658646e+00 -3.901700e+00 0.000000e+00
         vertex -2.514678e+00 -3.822444e+00 0.000000e+00
         vertex -1.843494e+00 -3.561580e+00 0.000000e+00
      endloop
   endfacet
   facet normal 0.000000e+00 0.000000e+00 -1.000000e+00
      outer loop
         vertex -1.843494e+00 -3.561580e+00 0.000000e+00
         vertex -2.514678e+00 -3.822444e+00 0.000000e+00
         vertex -1.755014e+00 -3.388279e+00 0.000000e+00
      endloop
   endfacet
   facet normal 0.000000e+00 -0.000000e+00 -1.000000e+00
      outer loop
         vertex -2.514678e+00 -3.822444e+00 0.000000e+00
         vertex -2.383171e+00 -3.724441e+00 0.000000e+00
         vertex -1.755014e+00 -3.388279e+00 0.000000e+00
      endloop
   endfacet
   facet normal 0.000000e+00 0.000000e+00 -1.000000e+00
      outer loop
         vertex -1.755014e+00 -3.388279e+00 0.000000e+00
         vertex -2.383171e+00 -3.724441e+00 0.000000e+00
         vertex -1.737610e+00 -3.342558e+00 0.000000e+00
      endloop
   endfacet
   facet normal 0.000000e+00 -0.000000e+00 -1.000000e+00
      outer loop
         vertex -2.383171e+00 -3.724441e+00 0.000000e+00
         vertex -2.266016e+00 -3.609665e+00 0.000000e+00
         vertex -1.737610e+00 -3.342558e+00 0.000000e+00
      endloop
   endfacet
   facet normal 0.000000e+00 0.000000e+00 -1.000000e+00
      outer loop
         vertex -1.737610e+00 -3.342558e+00 0.000000e+00
         vertex -2.266016e+00 -3.609665e+00 0.000000e+00
         vertex -1.722443e+00 -3.296047e+00 0.000000e+00
      endloop
   endfacet
   facet normal 0.000000e+00 -0.000000e+00 -1.000000e+00
      outer loop
         vertex -2.266016e+00 -3.609665e+00 0.000000e+00
         vertex -2.187906e+00 -3.505454e+00 0.000000e+00
         vertex -1.722443e+00 -3.296047e+00 0.000000e+00
      endloop
   endfacet
   facet normal 0.000000e+00 0.000000e+00 -1.000000e+00
      outer loop
         vertex -1.722443e+00 -3.296047e+00 0.000000e+00
         vertex -2.187906e+00 -3.505454e+00 0.000000e+00
         vertex -1.710931e+00 -3.253476e+00 0.000000e+00
      endloop
   endfacet
   facet normal 0.000000e+00 -0.000000e+00 -1.000000e+00
      outer loop
         vertex -2.187906e+00 -3.505454e+00 0.000000e+00
         vertex -2.128573e+00 -3.389519e+00 0.000000e+00
         vertex -1.710931e+00 -3.253476e+00 0.000000e+00
      endloop
   endfacet
   facet normal 0.000000e+00 0.000000e+00 -1.000000e+00
      outer loop
         vertex -1.710931e+00 -3.253476e+00 0.000000e+00
         vertex -2.128573e+00 -3.389519e+00 0.000000e+00
         vertex -1.701726e+00 -3.210347e+00 0.000000e+00
      endloop
   endfacet
   facet normal 0.000000e+00 -0.000000e+00 -1.000000e+00
      outer loop
         vertex -2.128573e+00 -3.389519e+00 0.000000e+00
         vertex -2.089340e+00 -3.266281e+00 0.000000e+00
         vertex -1.701726e+00 -3.210347e+00 0.000000e+00
      endloop
   endfacet
   facet normal 0.000000e+00 0.000000e+00 -1.000000e+00
      outer loop
         vertex -1.701726e+00 -3.210347e+00 0.000000e+00
         vertex -2.089340e+00 -3.266281e+00 0.000000e+00
         vertex -1.694966e+00 -3.166823e+00 0.000000e+00
      endloop
   endfacet
   facet normal 0.000000e+00 -0.000000e+00 -1.000000e+00
      outer loop
         vertex -2.089340e+00 -3.266281e+00 0.000000e+00
         vertex -2.080204e+00 -3.207701e+00 0.000000e+00
         vertex -1.694966e+00 -3.166823e+00 0.000000e+00
      endloop
   endfacet
   facet normal 0.000000e+00 0.000000e+00 -1.000000e+00
      outer loop
         vertex -1.694966e+00 -3.166823e+00 0.000000e+00
         vertex -2.080204e+00 -3.207701e+00 0.000000e+00
         vertex -1.690766e+00 -3.122978e+00 0.000000e+00
      endloop
   endfacet
   facet normal 0.000000e+00 0.000000e+00 -1.000000e+00
      outer loop
         vertex -2.080204e+00 -3.207701e+00 0.000000e+00
         vertex -2.083470e+00 -3.152262e+00 0.000000e+00
         vertex -1.690766e+00 -3.122978e+00 0.000000e+00
      endloop
   endfacet
   facet normal 0.000000e+00 0.000000e+00 -1.000000e+00
      outer loop
         vertex -1.690766e+00 -3.122978e+00 0.000000e+00
         vertex -2.083470e+00 -3.152262e+00 0.000000e+00
         vertex -1.689312e+00 -3.081546e+00 0.000000e+00
      endloop
   endfacet
   facet normal 0.000000e+00 0.000000e+00 -1.000000e+00
      outer loop
         vertex -2.083470e+00 -3.152262e+00 0.000000e+00
         vertex -2.093308e+00 -3.113183e+00 0.000000e+00
         vertex -1.689312e+00 -3.081546e+00 0.000000e+00
      endloop
   endfacet
   facet normal 0.000000e+00 0.000000e+00 -1.000000e+00
      outer loop
         vertex -1.689312e+00 -3.081546e+00 0.000000e+00
         vertex -2.093308e+00 -3.113183e+00 0.000000e+00
         vertex -1.690439e+00 -3.040104e+00 0.000000e+00
      endloop
   endfacet
   facet normal 0.000000e+00 0.000000e+00 -1.000000e+00
      outer loop
         vertex -2.093308e+00 -3.113183e+00 0.000000e+00
         vertex -2.107490e+00 -3.075462e+00 0.000000e+00
         vertex -1.690439e+00 -3.040104e+00 0.000000e+00
      endloop
   endfacet
   facet normal 0.000000e+00 0.000000e+00 -1.000000e+00
      outer loop
         vertex -1.690439e+00 -3.040104e+00 0.000000e+00
         vertex -2.107490e+00 -3.075462e+00 0.000000e+00
         vertex -1.715880e+00 -2.945623e+00 0.000000e+00
      endloop
   endfacet
   facet normal 0.000000e+00 0.000000e+00 -1.000000e+00
      outer loop
         vertex -2.107490e+00 -3.075462e+00 0.000000e+00
         vertex -2.137723e+00 -3.012662e+00 0.000000e+00
         vertex -1.715880e+00 -2.945623e+00 0.000000e+00
      endloop
   endfacet
   facet normal 0.000000e+00 0.000000e+00 -1.000000e+00
      outer loop
         vertex -1.715880e+00 -2.945623e+00 0.000000e+00
         vertex -2.137723e+00 -3.012662e+00 0.000000e+00
         vertex -1.749912e+00 -2.853887e+00 0.000000e+00
      endloop
   endfacet
   facet normal 0.000000e+00 0.000000e+00 -1.000000e+00
      outer loop
         vertex -2.137723e+00 -3.012662e+00 0.000000e+00
         vertex -2.171981e+00 -2.951965e+00 0.000000e+00
         vertex -1.749912e+00 -2.853887e+00 0.000000e+00
      endloop
   endfacet
   facet normal 0.000000e+00 0.000000e+00 -1.000000e+00
      outer loop
         vertex -1.749912e+00 -2.853887e+00 0.000000e+00
         vertex -2.171981e+00 -2.951965e+00 0.000000e+00
         vertex -1.780367e+00 -2.793691e+00 0.000000e+00
      endloop
   endfacet
   facet normal 0.000000e+00 0.000000e+00 -1.000000e+00
      outer loop
         vertex -2.171981e+00 -2.951965e+00 0.000000e+00
         vertex -3.257062e+00 -1.574602e+00 0.000000e+00
         vertex -1.780367e+00 -2.793691e+00 0.000000e+00
      endloop
   endfacet
   facet normal 0.000000e+00 0.000000e+00 -1.000000e+00
      outer loop
         vertex -1.780367e+00 -2.793691e+00 0.000000e+00
         vertex -3.257062e+00 -1.574602e+00 0.000000e+00
         vertex -1.818597e+00 -2.738107e+00 0.000000e+00
      endloop
   endfacet
   facet normal 0.000000e+00 0.000000e+00 -1.000000e+00
      outer loop
         vertex -3.257062e+00 -1.574602e+00 0.000000e+00
         vertex -3.282814e+00 -1.540757e+00 0.000000e+00
         vertex -1.818597e+00 -2.738107e+00 0.000000e+00
      endloop
   endfacet
   facet normal 0.000000e+00 0.000000e+00 -1.000000e+00
      outer loop
         vertex -1.818597e+00 -2.738107e+00 0.000000e+00
         vertex -3.282814e+00 -1.540757e+00 0.000000e+00
         vertex -2.909549e+00 -1.360744e+00 0.000000e+00
      endloop
   endfacet
   facet normal 0.000000e+00 0.000000e+00 -1.000000e+00
      outer loop
         vertex -3.282814e+00 -1.540757e+00 0.000000e+00
         vertex -3.305970e+00 -1.505087e+00 0.000000e+00
         vertex -2.909549e+00 -1.360744e+00 0.000000e+00
      endloop
   endfacet
   facet normal 0.000000e+00 0.000000e+00 -1.000000e+00
      outer loop
         vertex -2.909549e+00 -1.360744e+00 0.000000e+00
         vertex -3.305970e+00 -1.505087e+00 0.000000e+00
         vertex -2.928360e+00 -1.331819e+00 0.000000e+00
      endloop
   endfacet
   facet normal 0.000000e+00 0.000000e+00 -1.000000e+00
      outer loop
         vertex -3.305970e+00 -1.505087e+00 0.000000e+00
         vertex -3.325276e+00 -1.469674e+00 0.000000e+00
         vertex -2.928360e+00 -1.331819e+00 0.000000e+00
      endloop
   endfacet
   facet normal 0.000000e+00 0.000000e+00 -1.000000e+00
      outer loop
         vertex -2.928360e+00 -1.331819e+00 0.000000e+00
         vertex -3.325276e+00 -1.469674e+00 0.000000e+00
         vertex -2.945372e+00 -1.301800e+00 0.000000e+00
      endloop
   endfacet
   facet normal 0.000000e+00 0.000000e+00 -1.000000e+00
      outer loop
         vertex -3.325276e+00 -1.469674e+00 0.000000e+00
         vertex -3.341739e+00 -1.432853e+00 0.000000e+00
         vertex -2.945372e+00 -1.301800e+00 0.000000e+00
      endloop
   endfacet
   facet normal 0.000000e+00 0.000000e+00 -1.000000e+00
      outer loop
         vertex -2.945372e+00 -1.301800e+00 0.000000e+00
         vertex -3.341739e+00 -1.432853e+00 0.000000e+00
         vertex -2.957861e+00 -1.275842e+00 0.000000e+00
      endloop
   endfacet
   facet normal 0.000000e+00 0.000000e+00 -1.000000e+00
      outer loop
         vertex -3.341739e+00 -1.432853e+00 0.000000e+00
         vertex -3.355247e+00 -1.394855e+00 0.000000e+00
         vertex -2.957861e+00 -1.275842e+00 0.000000e+00
      endloop
   endfacet
   facet normal 0.000000e+00 0.000000e+00 -1.000000e+00
      outer loop
         vertex -2.957861e+00 -1.275842e+00 0.000000e+00
         vertex -3.355247e+00 -1.394855e+00 0.000000e+00
         vertex -2.968418e+00 -1.249040e+00 0.000000e+00
      endloop
   endfacet
   facet normal 0.000000e+00 0.000000e+00 -1.000000e+00
      outer loop
         vertex -3.355247e+00 -1.394855e+00 0.000000e+00
         vertex -3.365711e+00 -1.355908e+00 0.000000e+00
         vertex -2.968418e+00 -1.249040e+00 0.000000e+00
      endloop
   endfacet
   facet normal 0.000000e+00 0.000000e+00 -1.000000e+00
      outer loop
         vertex -2.968418e+00 -1.249040e+00 0.000000e+00
         vertex -3.365711e+00 -1.355908e+00 0.000000e+00
         vertex -2.976786e+00 -1.221607e+00 0.000000e+00
      endloop
   endfacet
   facet normal 0.000000e+00 0.000000e+00 -1.000000e+00
      outer loop
         vertex -3.365711e+00 -1.355908e+00 0.000000e+00
         vertex -3.373466e+00 -1.314490e+00 0.000000e+00
         vertex -2.976786e+00 -1.221607e+00 0.000000e+00
      endloop
   endfacet
   facet normal 0.000000e+00 0.000000e+00 -1.000000e+00
      outer loop
         vertex -2.976786e+00 -1.221607e+00 0.000000e+00
         vertex -3.373466e+00 -1.314490e+00 0.000000e+00
         vertex -2.982790e+00 -1.193561e+00 0.000000e+00
      endloop
   endfacet
   facet normal 0.000000e+00 0.000000e+00 -1.000000e+00
      outer loop
         vertex -3.373466e+00 -1.314490e+00 0.000000e+00
         vertex -3.378068e+00 -1.272605e+00 0.000000e+00
         vertex -2.982790e+00 -1.193561e+00 0.000000e+00
      endloop
   endfacet
   facet normal 0.000000e+00 0.000000e+00 -1.000000e+00
      outer loop
         vertex -2.982790e+00 -1.193561e+00 0.000000e+00
         vertex -3.378068e+00 -1.272605e+00 0.000000e+00
         vertex -2.985918e+00 -1.167854e+00 0.000000e+00
      endloop
   endfacet
   facet normal 0.000000e+00 0.000000e+00 -1.000000e+00
      outer loop
         vertex -3.378068e+00 -1.272605e+00 0.000000e+00
         vertex -3.378771e+00 -1.201746e+00 0.000000e+00
         vertex -2.985918e+00 -1.167854e+00 0.000000e+00
      endloop
   endfacet
   facet normal 0.000000e+00 0.000000e+00 -1.000000e+00
      outer loop
         vertex -2.985918e+00 -1.167854e+00 0.000000e+00
         vertex -3.378771e+00 -1.201746e+00 0.000000e+00
         vertex -2.986609e+00 -1.141966e+00 0.000000e+00
      endloop
   endfacet
   facet normal 0.000000e+00 -0.000000e+00 -1.000000e+00
      outer loop
         vertex -3.378771e+00 -1.201746e+00 0.000000e+00
         vertex -3.367939e+00 -1.084626e+00 0.000000e+00
         vertex -2.986609e+00 -1.141966e+00 0.000000e+00
      endloop
   endfacet
   facet normal 0.000000e+00 0.000000e+00 -1.000000e+00
      outer loop
         vertex -2.986609e+00 -1.141966e+00 0.000000e+00
         vertex -3.367939e+00 -1.084626e+00 0.000000e+00
         vertex -2.987231e+00 -1.136669e+00 0.000000e+00
      endloop
   endfacet
   facet normal 0.000000e+00 -0.000000e+00 -1.000000e+00
      outer loop
         vertex -3.367939e+00 -1.084626e+00 0.000000e+00
         vertex -3.353801e+00 -1.013768e+00 0.000000e+00
         vertex -2.987231e+00 -1.136669e+00 0.000000e+00
      endloop
   endfacet
   facet normal 0.000000e+00 0.000000e+00 -1.000000e+00
      outer loop
         vertex -2.987231e+00 -1.136669e+00 0.000000e+00
         vertex -3.353801e+00 -1.013768e+00 0.000000e+00
         vertex -2.989205e+00 -1.108401e+00 0.000000e+00
      endloop
   endfacet
   facet normal 0.000000e+00 -0.000000e+00 -1.000000e+00
      outer loop
         vertex -3.353801e+00 -1.013768e+00 0.000000e+00
         vertex -3.317296e+00 -9.244294e-01 0.000000e+00
         vertex -2.989205e+00 -1.108401e+00 0.000000e+00
      endloop
   endfacet
   facet normal 0.000000e+00 0.000000e+00 -1.000000e+00
      outer loop
         vertex -2.989205e+00 -1.108401e+00 0.000000e+00
         vertex -3.317296e+00 -9.244294e-01 0.000000e+00
         vertex -2.989213e+00 -1.084957e+00 0.000000e+00
      endloop
   endfacet
   facet normal 0.000000e+00 -0.000000e+00 -1.000000e+00
      outer loop
         vertex -3.317296e+00 -9.244294e-01 0.000000e+00
         vertex -3.228852e+00 -7.510667e-01 0.000000e+00
         vertex -2.989213e+00 -1.084957e+00 0.000000e+00
      endloop
   endfacet
   facet normal 0.000000e+00 0.000000e+00 -1.000000e+00
      outer loop
         vertex -2.989213e+00 -1.084957e+00 0.000000e+00
         vertex -3.228852e+00 -7.510667e-01 0.000000e+00
         vertex -2.989157e+00 -1.083241e+00 0.000000e+00
      endloop
   endfacet
   facet normal 0.000000e+00 -0.000000e+00 -1.000000e+00
      outer loop
         vertex -3.228852e+00 -7.510667e-01 0.000000e+00
         vertex -3.112737e+00 -5.948801e-01 0.000000e+00
         vertex -2.989157e+00 -1.083241e+00 0.000000e+00
      endloop
   endfacet
   facet normal 0.000000e+00 0.000000e+00 -1.000000e+00
      outer loop
         vertex -2.989157e+00 -1.083241e+00 0.000000e+00
         vertex -3.112737e+00 -5.948801e-01 0.000000e+00
         vertex -2.988196e+00 -1.067753e+00 0.000000e+00
      endloop
   endfacet
   facet normal 0.000000e+00 0.000000e+00 -1.000000e+00
      outer loop
         vertex -3.112737e+00 -5.948801e-01 0.000000e+00
         vertex -2.944162e+00 -4.284126e-01 0.000000e+00
         vertex -2.988196e+00 -1.067753e+00 0.000000e+00
      endloop
   endfacet
   facet normal 0.000000e+00 0.000000e+00 -1.000000e+00
      outer loop
         vertex -2.988196e+00 -1.067753e+00 0.000000e+00
         vertex -2.944162e+00 -4.284126e-01 0.000000e+00
         vertex -2.984623e+00 -1.042542e+00 0.000000e+00
      endloop
   endfacet
   facet normal -0.000000e+00 0.000000e+00 -1.000000e+00
      outer loop
         vertex -2.944162e+00 -4.284126e-01 0.000000e+00
         vertex -2.982019e+00 -1.031048e+00 0.000000e+00
         vertex -2.984623e+00 -1.042542e+00 0.000000e+00
      endloop
   endfacet
   facet normal 0.000000e+00 0.000000e+00 -1.000000e+00
      outer loop
         vertex -2.982019e+00 -1.031048e+00 0.000000e+00
         vertex -2.944162e+00 -4.284126e-01 0.000000e+00
         vertex -2.950269e+00 -9.262897e-01 0.000000e+00
      endloop
   endfacet
   facet normal 0.000000e+00 -0.000000e+00 -1.000000e+00
      outer loop
         vertex -2.950269e+00 -9.262897e-01 0.000000e+00
         vertex -2.944162e+00 -4.284126e-01 0.000000e+00
         vertex -2.890628e+00 -8.108275e-01 0.000000e+00
      endloop
   endfacet
   facet normal 0.000000e+00 0.000000e+00 -1.000000e+00
      outer loop
         vertex -2.944162e+00 -4.284126e-01 0.000000e+00
         vertex -2.754395e+00 -2.865768e-01 0.000000e+00
         vertex -2.890628e+00 -8.108275e-01 0.000000e+00
      endloop
   endfacet
   facet normal 0.000000e+00 0.000000e+00 -1.000000e+00
      outer loop
         vertex -2.890628e+00 -8.108275e-01 0.000000e+00
         vertex -2.754395e+00 -2.865768e-01 0.000000e+00
         vertex -2.811503e+00 -7.077363e-01 0.000000e+00
      endloop
   endfacet
   facet normal 0.000000e+00 0.000000e+00 -1.000000e+00
      outer loop
         vertex -2.754395e+00 -2.865768e-01 0.000000e+00
         vertex -2.532528e+00 -1.625172e-01 0.000000e+00
         vertex -2.811503e+00 -7.077363e-01 0.000000e+00
      endloop
   endfacet
   facet normal 0.000000e+00 0.000000e+00 -1.000000e+00
      outer loop
         vertex -2.811503e+00 -7.077363e-01 0.000000e+00
         vertex -2.532528e+00 -1.625172e-01 0.000000e+00
         vertex -2.688441e+00 -5.909063e-01 0.000000e+00
      endloop
   endfacet
   facet normal 0.000000e+00 0.000000e+00 -1.000000e+00
      outer loop
         vertex -2.532528e+00 -1.625172e-01 0.000000e+00
         vertex -2.295568e+00 -7.050748e-02 0.000000e+00
         vertex -2.688441e+00 -5.909063e-01 0.000000e+00
      endloop
   endfacet
   facet normal 0.000000e+00 0.000000e+00 -1.000000e+00
      outer loop
         vertex -2.688441e+00 -5.909063e-01 0.000000e+00
         vertex -2.295568e+00 -7.050748e-02 0.000000e+00
         vertex -2.550707e+00 -4.917943e-01 0.000000e+00
      endloop
   endfacet
   facet normal 0.000000e+00 0.000000e+00 -1.000000e+00
      outer loop
         vertex -2.295568e+00 -7.050748e-02 0.000000e+00
         vertex -2.065463e+00 -1.772682e-02 0.000000e+00
         vertex -2.550707e+00 -4.917943e-01 0.000000e+00
      endloop
   endfacet
   facet normal 0.000000e+00 0.000000e+00 -1.000000e+00
      outer loop
         vertex -2.550707e+00 -4.917943e-01 0.000000e+00
         vertex -2.065463e+00 -1.772682e-02 0.000000e+00
         vertex -2.400249e+00 -4.111575e-01 0.000000e+00
      endloop
   endfacet
   facet normal 0.000000e+00 0.000000e+00 -1.000000e+00
      outer loop
         vertex -2.065463e+00 -1.772682e-02 0.000000e+00
         vertex -1.830049e+00 2.220446e-16 0.000000e+00
         vertex -2.400249e+00 -4.111575e-01 0.000000e+00
      endloop
   endfacet
   facet normal 0.000000e+00 0.000000e+00 -1.000000e+00
      outer loop
         vertex -2.400249e+00 -4.111575e-01 0.000000e+00
         vertex -1.830049e+00 2.220446e-16 0.000000e+00
         vertex -2.240735e+00 -3.503667e-01 0.000000e+00
      endloop
   endfacet
   facet normal -0.000000e+00 0.000000e+00 -1.000000e+00
      outer loop
         vertex -1.830049e+00 2.220446e-16 0.000000e+00
         vertex -1.291911e+00 1.582134e-16 0.000000e+00
         vertex -2.240735e+00 -3.503667e-01 0.000000e+00
      endloop
   endfacet
   facet normal 0.000000e+00 0.000000e+00 -1.000000e+00
      outer loop
         vertex -2.240735e+00 -3.503667e-01 0.000000e+00
         vertex -1.291911e+00 1.582134e-16 0.000000e+00
         vertex -2.098706e+00 -3.178406e-01 0.000000e+00
      endloop
   endfacet
   facet normal -0.000000e+00 0.000000e+00 -1.000000e+00
      outer loop
         vertex -1.291911e+00 1.582134e-16 0.000000e+00
         vertex -1.066504e+00 -1.602992e-02 0.000000e+00
         vertex -2.098706e+00 -3.178406e-01 0.000000e+00
      endloop
   endfacet
   facet normal 0.000000e+00 0.000000e+00 -1.000000e+00
      outer loop
         vertex -2.098706e+00 -3.178406e-01 0.000000e+00
         vertex -1.066504e+00 -1.602992e-02 0.000000e+00
         vertex -1.953411e+00 -3.069167e-01 0.000000e+00
      endloop
   endfacet
   facet normal -0.000000e+00 0.000000e+00 -1.000000e+00
      outer loop
         vertex -1.066504e+00 -1.602992e-02 0.000000e+00
         vertex -8.456351e-01 -6.379702e-02 0.000000e+00
         vertex -1.953411e+00 -3.069167e-01 0.000000e+00
      endloop
   endfacet
   facet normal 0.000000e+00 0.000000e+00 -1.000000e+00
      outer loop
         vertex -1.953411e+00 -3.069167e-01 0.000000e+00
         vertex -8.456351e-01 -6.379702e-02 0.000000e+00
         vertex -1.413206e+00 -3.069167e-01 0.000000e+00
      endloop
   endfacet
   facet normal -0.000000e+00 0.000000e+00 -1.000000e+00
      outer loop
         vertex -8.456351e-01 -6.379702e-02 0.000000e+00
         vertex -6.860427e-01 -1.271397e-01 0.000000e+00
         vertex -1.413206e+00 -3.069167e-01 0.000000e+00
      endloop
   endfacet
   facet normal 0.000000e+00 0.000000e+00 -1.000000e+00
      outer loop
         vertex -1.413206e+00 -3.069167e-01 0.000000e+00
         vertex -6.860427e-01 -1.271397e-01 0.000000e+00
         vertex -1.247151e+00 -3.186614e-01 0.000000e+00
      endloop
   endfacet
   facet normal -0.000000e+00 0.000000e+00 -1.000000e+00
      outer loop
         vertex -6.860427e-01 -1.271397e-01 0.000000e+00
         vertex -5.410730e-01 -2.191494e-01 0.000000e+00
         vertex -1.247151e+00 -3.186614e-01 0.000000e+00
      endloop
   endfacet
   facet normal 0.000000e+00 0.000000e+00 -1.000000e+00
      outer loop
         vertex -1.247151e+00 -3.186614e-01 0.000000e+00
         vertex -5.410730e-01 -2.191494e-01 0.000000e+00
         vertex -1.084402e+00 -3.536616e-01 0.000000e+00
      endloop
   endfacet
   facet normal -0.000000e+00 0.000000e+00 -1.000000e+00
      outer loop
         vertex -5.410730e-01 -2.191494e-01 0.000000e+00
         vertex -5.010961e-01 -2.747119e-01 0.000000e+00
         vertex -1.084402e+00 -3.536616e-01 0.000000e+00
      endloop
   endfacet
   facet normal 0.000000e+00 0.000000e+00 -1.000000e+00
      outer loop
         vertex -1.084402e+00 -3.536616e-01 0.000000e+00
         vertex -5.010961e-01 -2.747119e-01 0.000000e+00
         vertex -9.591084e-01 -4.022841e-01 0.000000e+00
      endloop
   endfacet
   facet normal -0.000000e+00 0.000000e+00 -1.000000e+00
      outer loop
         vertex -5.010961e-01 -2.747119e-01 0.000000e+00
         vertex -5.104392e-01 -3.426354e-01 0.000000e+00
         vertex -9.591084e-01 -4.022841e-01 0.000000e+00
      endloop
   endfacet
   facet normal 0.000000e+00 0.000000e+00 -1.000000e+00
      outer loop
         vertex -9.591084e-01 -4.022841e-01 0.000000e+00
         vertex -5.104392e-01 -3.426354e-01 0.000000e+00
         vertex -8.442276e-01 -4.720332e-01 0.000000e+00
      endloop
   endfacet
   facet normal -0.000000e+00 0.000000e+00 -1.000000e+00
      outer loop
         vertex -5.104392e-01 -3.426354e-01 0.000000e+00
         vertex -5.216174e-01 -3.641869e-01 0.000000e+00
         vertex -8.442276e-01 -4.720332e-01 0.000000e+00
      endloop
   endfacet
   facet normal 0.000000e+00 0.000000e+00 -1.000000e+00
      outer loop
         vertex -8.442276e-01 -4.720332e-01 0.000000e+00
         vertex -5.216174e-01 -3.641869e-01 0.000000e+00
         vertex -7.483575e-01 -5.000625e-01 0.000000e+00
      endloop
   endfacet
   facet normal -0.000000e+00 0.000000e+00 -1.000000e+00
      outer loop
         vertex -5.216174e-01 -3.641869e-01 0.000000e+00
         vertex -5.364846e-01 -3.833803e-01 0.000000e+00
         vertex -7.483575e-01 -5.000625e-01 0.000000e+00
      endloop
   endfacet
   facet normal 0.000000e+00 0.000000e+00 -1.000000e+00
      outer loop
         vertex -7.483575e-01 -5.000625e-01 0.000000e+00
         vertex -5.364846e-01 -3.833803e-01 0.000000e+00
         vertex -7.160970e-01 -4.970678e-01 0.000000e+00
      endloop
   endfacet
   facet normal -0.000000e+00 0.000000e+00 -1.000000e+00
      outer loop
         vertex -5.364846e-01 -3.833803e-01 0.000000e+00
         vertex -5.694030e-01 -4.155664e-01 0.000000e+00
         vertex -7.160970e-01 -4.970678e-01 0.000000e+00
      endloop
   endfacet
   facet normal 0.000000e+00 0.000000e+00 -1.000000e+00
      outer loop
         vertex -7.160970e-01 -4.970678e-01 0.000000e+00
         vertex -5.694030e-01 -4.155664e-01 0.000000e+00
         vertex -6.849390e-01 -4.881859e-01 0.000000e+00
      endloop
   endfacet
   facet normal -0.000000e+00 0.000000e+00 -1.000000e+00
      outer loop
         vertex -5.694030e-01 -4.155664e-01 0.000000e+00
         vertex -6.052138e-01 -4.445000e-01 0.000000e+00
         vertex -6.849390e-01 -4.881859e-01 0.000000e+00
      endloop
   endfacet
   facet normal 0.000000e+00 0.000000e+00 -1.000000e+00
      outer loop
         vertex -6.849390e-01 -4.881859e-01 0.000000e+00
         vertex -6.052138e-01 -4.445000e-01 0.000000e+00
         vertex -6.436434e-01 -4.689580e-01 0.000000e+00
      endloop
   endfacet
   facet normal 0.000000e+00 0.000000e+00 -1.000000e+00
      outer loop
         vertex -4.004190e+00 -3.957538e+00 0.000000e+00
         vertex -3.247430e+00 -4.312708e+00 0.000000e+00
         vertex -4.126403e+00 -3.909365e+00 0.000000e+00
      endloop
   endfacet
   facet normal 0.000000e+00 0.000000e+00 -1.000000e+00
      outer loop
         vertex -4.126403e+00 -3.909365e+00 0.000000e+00
         vertex -4.364288e+00 -3.814561e+00 0.000000e+00
         vertex -4.237633e+00 -3.839476e+00 0.000000e+00
      endloop
   endfacet
   facet normal 0.000000e+00 -0.000000e+00 -1.000000e+00
      outer loop
         vertex -4.364288e+00 -3.814561e+00 0.000000e+00
         vertex -4.329989e+00 -3.811778e+00 0.000000e+00
         vertex -4.237633e+00 -3.839476e+00 0.000000e+00
      endloop
   endfacet
   facet normal 0.000000e+00 0.000000e+00 -1.000000e+00
      outer loop
         vertex -2.473015e+01 -2.305596e-01 0.000000e+00
         vertex -2.473389e+01 -1.898650e-01 0.000000e+00
         vertex -2.425712e+01 -1.852083e+00 0.000000e+00
      endloop
   endfacet
   facet normal 0.000000e+00 -0.000000e+00 -1.000000e+00
      outer loop
         vertex -2.473389e+01 -1.898650e-01 0.000000e+00
         vertex -2.472329e+01 -1.503991e-01 0.000000e+00
         vertex -2.425712e+01 -1.852083e+00 0.000000e+00
      endloop
   endfacet
   facet normal 0.000000e+00 -0.000000e+00 -1.000000e+00
      outer loop
         vertex -2.472329e+01 -1.503991e-01 0.000000e+00
         vertex -2.470987e+01 -1.247733e-01 0.000000e+00
         vertex -2.425712e+01 -1.852083e+00 0.000000e+00
      endloop
   endfacet
   facet normal 0.000000e+00 -0.000000e+00 -1.000000e+00
      outer loop
         vertex -2.470987e+01 -1.247733e-01 0.000000e+00
         vertex -2.469191e+01 -1.021018e-01 0.000000e+00
         vertex -2.425712e+01 -1.852083e+00 0.000000e+00
      endloop
   endfacet
   facet normal 0.000000e+00 -0.000000e+00 -1.000000e+00
      outer loop
         vertex -2.469191e+01 -1.021018e-01 0.000000e+00
         vertex -2.465764e+01 -7.022317e-02 0.000000e+00
         vertex -2.425712e+01 -1.852083e+00 0.000000e+00
      endloop
   endfacet
   facet normal 0.000000e+00 -0.000000e+00 -1.000000e+00
      outer loop
         vertex -2.465764e+01 -7.022317e-02 0.000000e+00
         vertex -2.461993e+01 -4.249870e-02 0.000000e+00
         vertex -2.425712e+01 -1.852083e+00 0.000000e+00
      endloop
   endfacet
   facet normal 0.000000e+00 -0.000000e+00 -1.000000e+00
      outer loop
         vertex -2.461993e+01 -4.249870e-02 0.000000e+00
         vertex -2.458114e+01 -2.360631e-02 0.000000e+00
         vertex -2.425712e+01 -1.852083e+00 0.000000e+00
      endloop
   endfacet
   facet normal 0.000000e+00 -0.000000e+00 -1.000000e+00
      outer loop
         vertex -2.458114e+01 -2.360631e-02 0.000000e+00
         vertex -2.454042e+01 -9.349816e-03 0.000000e+00
         vertex -2.425712e+01 -1.852083e+00 0.000000e+00
      endloop
   endfacet
   facet normal 0.000000e+00 -0.000000e+00 -1.000000e+00
      outer loop
         vertex -2.454042e+01 -9.349816e-03 0.000000e+00
         vertex -2.450506e+01 -1.853557e-03 0.000000e+00
         vertex -2.425712e+01 -1.852083e+00 0.000000e+00
      endloop
   endfacet
   facet normal 0.000000e+00 -0.000000e+00 -1.000000e+00
      outer loop
         vertex -2.450506e+01 -1.853557e-03 0.000000e+00
         vertex -2.446900e+01 6.614280e-04 0.000000e+00
         vertex -2.425712e+01 -1.852083e+00 0.000000e+00
      endloop
   endfacet
   facet normal -0.000000e+00 -0.000000e+00 -1.000000e+00
      outer loop
         vertex -2.446900e+01 6.614280e-04 0.000000e+00
         vertex -2.442870e+01 -2.574379e-03 0.000000e+00
         vertex -2.425712e+01 -1.852083e+00 0.000000e+00
      endloop
   endfacet
   facet normal -0.000000e+00 -0.000000e+00 -1.000000e+00
      outer loop
         vertex -2.442870e+01 -2.574379e-03 0.000000e+00
         vertex -2.439016e+01 -1.475881e-02 0.000000e+00
         vertex -2.425712e+01 -1.852083e+00 0.000000e+00
      endloop
   endfacet
   facet normal -0.000000e+00 -0.000000e+00 -1.000000e+00
      outer loop
         vertex -2.439016e+01 -1.475881e-02 0.000000e+00
         vertex -2.436482e+01 -4.248206e-02 0.000000e+00
         vertex -2.425712e+01 -1.852083e+00 0.000000e+00
      endloop
   endfacet
   facet normal -0.000000e+00 -0.000000e+00 -1.000000e+00
      outer loop
         vertex -2.436482e+01 -4.248206e-02 0.000000e+00
         vertex -2.434869e+01 -7.639847e-02 0.000000e+00
         vertex -2.425712e+01 -1.852083e+00 0.000000e+00
      endloop
   endfacet
   facet normal 0.000000e+00 0.000000e+00 -1.000000e+00
      outer loop
         vertex -2.434869e+01 -7.639847e-02 0.000000e+00
         vertex -2.383032e+01 -1.852083e+00 0.000000e+00
         vertex -2.425712e+01 -1.852083e+00 0.000000e+00
      endloop
   endfacet
   facet normal 0.000000e+00 0.000000e+00 -1.000000e+00
      outer loop
         vertex -2.249938e+01 -1.534583e-01 0.000000e+00
         vertex -2.248200e+01 -1.190125e-01 0.000000e+00
         vertex -2.319350e+01 -1.852083e+00 0.000000e+00
      endloop
   endfacet
   facet normal 0.000000e+00 0.000000e+00 -1.000000e+00
      outer loop
         vertex -2.248200e+01 -1.190125e-01 0.000000e+00
         vertex -2.245940e+01 -8.774590e-02 0.000000e+00
         vertex -2.319350e+01 -1.852083e+00 0.000000e+00
      endloop
   endfacet
   facet normal 0.000000e+00 0.000000e+00 -1.000000e+00
      outer loop
         vertex -2.245940e+01 -8.774590e-02 0.000000e+00
         vertex -2.243152e+01 -5.972512e-02 0.000000e+00
         vertex -2.319350e+01 -1.852083e+00 0.000000e+00
      endloop
   endfacet
   facet normal 0.000000e+00 0.000000e+00 -1.000000e+00
      outer loop
         vertex -2.243152e+01 -5.972512e-02 0.000000e+00
         vertex -2.239966e+01 -3.633890e-02 0.000000e+00
         vertex -2.319350e+01 -1.852083e+00 0.000000e+00
      endloop
   endfacet
   facet normal 0.000000e+00 0.000000e+00 -1.000000e+00
      outer loop
         vertex -2.239966e+01 -3.633890e-02 0.000000e+00
         vertex -2.236580e+01 -2.041996e-02 0.000000e+00
         vertex -2.319350e+01 -1.852083e+00 0.000000e+00
      endloop
   endfacet
   facet normal 0.000000e+00 0.000000e+00 -1.000000e+00
      outer loop
         vertex -2.236580e+01 -2.041996e-02 0.000000e+00
         vertex -2.233015e+01 -9.030613e-03 0.000000e+00
         vertex -2.319350e+01 -1.852083e+00 0.000000e+00
      endloop
   endfacet
   facet normal 0.000000e+00 0.000000e+00 -1.000000e+00
      outer loop
         vertex -2.233015e+01 -9.030613e-03 0.000000e+00
         vertex -2.229096e+01 -1.770635e-03 0.000000e+00
         vertex -2.319350e+01 -1.852083e+00 0.000000e+00
      endloop
   endfacet
   facet normal 0.000000e+00 0.000000e+00 -1.000000e+00
      outer loop
         vertex -2.229096e+01 -1.770635e-03 0.000000e+00
         vertex -2.225117e+01 6.614280e-04 0.000000e+00
         vertex -2.319350e+01 -1.852083e+00 0.000000e+00
      endloop
   endfacet
   facet normal -0.000000e+00 0.000000e+00 -1.000000e+00
      outer loop
         vertex -2.225117e+01 6.614280e-04 0.000000e+00
         vertex -2.223486e+01 -6.140285e-04 0.000000e+00
         vertex -2.319350e+01 -1.852083e+00 0.000000e+00
      endloop
   endfacet
   facet normal -0.000000e+00 0.000000e+00 -1.000000e+00
      outer loop
         vertex -2.223486e+01 -6.140285e-04 0.000000e+00
         vertex -2.221895e+01 -4.409384e-03 0.000000e+00
         vertex -2.319350e+01 -1.852083e+00 0.000000e+00
      endloop
   endfacet
   facet normal -0.000000e+00 0.000000e+00 -1.000000e+00
      outer loop
         vertex -2.221895e+01 -4.409384e-03 0.000000e+00
         vertex -2.217734e+01 -1.917043e-02 0.000000e+00
         vertex -2.319350e+01 -1.852083e+00 0.000000e+00
      endloop
   endfacet
   facet normal -0.000000e+00 0.000000e+00 -1.000000e+00
      outer loop
         vertex -2.217734e+01 -1.917043e-02 0.000000e+00
         vertex -2.213665e+01 -3.629756e-02 0.000000e+00
         vertex -2.319350e+01 -1.852083e+00 0.000000e+00
      endloop
   endfacet
   facet normal -0.000000e+00 0.000000e+00 -1.000000e+00
      outer loop
         vertex -2.213665e+01 -3.629756e-02 0.000000e+00
         vertex -2.211514e+01 -7.785230e-02 0.000000e+00
         vertex -2.319350e+01 -1.852083e+00 0.000000e+00
      endloop
   endfacet
   facet normal -0.000000e+00 0.000000e+00 -1.000000e+00
      outer loop
         vertex -2.211514e+01 -7.785230e-02 0.000000e+00
         vertex -2.212892e+01 -1.533757e-01 0.000000e+00
         vertex -2.319350e+01 -1.852083e+00 0.000000e+00
      endloop
   endfacet
   facet normal 0.000000e+00 0.000000e+00 -1.000000e+00
      outer loop
         vertex -2.212892e+01 -1.533757e-01 0.000000e+00
         vertex -2.376566e+01 -4.158671e+00 0.000000e+00
         vertex -2.319350e+01 -1.852083e+00 0.000000e+00
      endloop
   endfacet
   facet normal 0.000000e+00 0.000000e+00 -1.000000e+00
      outer loop
         vertex -2.319350e+01 -1.852083e+00 0.000000e+00
         vertex -2.331893e+01 -2.159000e+00 0.000000e+00
         vertex -2.383032e+01 -1.852083e+00 0.000000e+00
      endloop
   endfacet
   facet normal 0.000000e+00 0.000000e+00 -1.000000e+00
      outer loop
         vertex -2.331893e+01 -2.159000e+00 0.000000e+00
         vertex -2.442956e+01 -2.159000e+00 0.000000e+00
         vertex -2.383032e+01 -1.852083e+00 0.000000e+00
      endloop
   endfacet
   facet normal 0.000000e+00 0.000000e+00 -1.000000e+00
      outer loop
         vertex -2.383032e+01 -1.852083e+00 0.000000e+00
         vertex -2.442956e+01 -2.159000e+00 0.000000e+00
         vertex -2.425712e+01 -1.852083e+00 0.000000e+00
      endloop
   endfacet
   facet normal 0.000000e+00 0.000000e+00 -1.000000e+00
      outer loop
         vertex -2.442956e+01 -2.159000e+00 0.000000e+00
         vertex -2.457522e+01 -2.169497e+00 0.000000e+00
         vertex -2.425712e+01 -1.852083e+00 0.000000e+00
      endloop
   endfacet
   facet normal 0.000000e+00 0.000000e+00 -1.000000e+00
      outer loop
         vertex -2.425712e+01 -1.852083e+00 0.000000e+00
         vertex -2.457522e+01 -2.169497e+00 0.000000e+00
         vertex -2.430520e+01 -1.852083e+00 0.000000e+00
      endloop
   endfacet
   facet normal 0.000000e+00 0.000000e+00 -1.000000e+00
      outer loop
         vertex -2.457522e+01 -2.169497e+00 0.000000e+00
         vertex -2.471787e+01 -2.200770e+00 0.000000e+00
         vertex -2.430520e+01 -1.852083e+00 0.000000e+00
      endloop
   endfacet
   facet normal 0.000000e+00 0.000000e+00 -1.000000e+00
      outer loop
         vertex -2.430520e+01 -1.852083e+00 0.000000e+00
         vertex -2.471787e+01 -2.200770e+00 0.000000e+00
         vertex -2.452946e+01 -1.868534e+00 0.000000e+00
      endloop
   endfacet
   facet normal 0.000000e+00 0.000000e+00 -1.000000e+00
      outer loop
         vertex -2.471787e+01 -2.200770e+00 0.000000e+00
         vertex -2.487481e+01 -2.258155e+00 0.000000e+00
         vertex -2.452946e+01 -1.868534e+00 0.000000e+00
      endloop
   endfacet
   facet normal 0.000000e+00 0.000000e+00 -1.000000e+00
      outer loop
         vertex -2.452946e+01 -1.868534e+00 0.000000e+00
         vertex -2.487481e+01 -2.258155e+00 0.000000e+00
         vertex -2.474893e+01 -1.917535e+00 0.000000e+00
      endloop
   endfacet
   facet normal 0.000000e+00 0.000000e+00 -1.000000e+00
      outer loop
         vertex -2.487481e+01 -2.258155e+00 0.000000e+00
         vertex -2.502334e+01 -2.334741e+00 0.000000e+00
         vertex -2.474893e+01 -1.917535e+00 0.000000e+00
      endloop
   endfacet
   facet normal 0.000000e+00 0.000000e+00 -1.000000e+00
      outer loop
         vertex -2.474893e+01 -1.917535e+00 0.000000e+00
         vertex -2.502334e+01 -2.334741e+00 0.000000e+00
         vertex -2.498317e+01 -2.005339e+00 0.000000e+00
      endloop
   endfacet
   facet normal 0.000000e+00 0.000000e+00 -1.000000e+00
      outer loop
         vertex -2.502334e+01 -2.334741e+00 0.000000e+00
         vertex -2.515881e+01 -2.429714e+00 0.000000e+00
         vertex -2.498317e+01 -2.005339e+00 0.000000e+00
      endloop
   endfacet
   facet normal 0.000000e+00 0.000000e+00 -1.000000e+00
      outer loop
         vertex -2.498317e+01 -2.005339e+00 0.000000e+00
         vertex -2.515881e+01 -2.429714e+00 0.000000e+00
         vertex -2.520388e+01 -2.123095e+00 0.000000e+00
      endloop
   endfacet
   facet normal 0.000000e+00 0.000000e+00 -1.000000e+00
      outer loop
         vertex -2.515881e+01 -2.429714e+00 0.000000e+00
         vertex -2.527911e+01 -2.543283e+00 0.000000e+00
         vertex -2.520388e+01 -2.123095e+00 0.000000e+00
      endloop
   endfacet
   facet normal 0.000000e+00 0.000000e+00 -1.000000e+00
      outer loop
         vertex -2.520388e+01 -2.123095e+00 0.000000e+00
         vertex -2.527911e+01 -2.543283e+00 0.000000e+00
         vertex -2.540553e+01 -2.268605e+00 0.000000e+00
      endloop
   endfacet
   facet normal 0.000000e+00 0.000000e+00 -1.000000e+00
      outer loop
         vertex -2.527911e+01 -2.543283e+00 0.000000e+00
         vertex -2.536191e+01 -2.651475e+00 0.000000e+00
         vertex -2.540553e+01 -2.268605e+00 0.000000e+00
      endloop
   endfacet
   facet normal 0.000000e+00 0.000000e+00 -1.000000e+00
      outer loop
         vertex -2.540553e+01 -2.268605e+00 0.000000e+00
         vertex -2.536191e+01 -2.651475e+00 0.000000e+00
         vertex -2.558517e+01 -2.440546e+00 0.000000e+00
      endloop
   endfacet
   facet normal 0.000000e+00 0.000000e+00 -1.000000e+00
      outer loop
         vertex -2.536191e+01 -2.651475e+00 0.000000e+00
         vertex -2.542439e+01 -2.772544e+00 0.000000e+00
         vertex -2.558517e+01 -2.440546e+00 0.000000e+00
      endloop
   endfacet
   facet normal 0.000000e+00 0.000000e+00 -1.000000e+00
      outer loop
         vertex -2.558517e+01 -2.440546e+00 0.000000e+00
         vertex -2.542439e+01 -2.772544e+00 0.000000e+00
         vertex -2.570464e+01 -2.597506e+00 0.000000e+00
      endloop
   endfacet
   facet normal 0.000000e+00 0.000000e+00 -1.000000e+00
      outer loop
         vertex -2.542439e+01 -2.772544e+00 0.000000e+00
         vertex -2.567636e+01 -3.389147e+00 0.000000e+00
         vertex -2.570464e+01 -2.597506e+00 0.000000e+00
      endloop
   endfacet
   facet normal 0.000000e+00 0.000000e+00 -1.000000e+00
      outer loop
         vertex -2.570464e+01 -2.597506e+00 0.000000e+00
         vertex -2.567636e+01 -3.389147e+00 0.000000e+00
         vertex -2.579493e+01 -2.772875e+00 0.000000e+00
      endloop
   endfacet
   facet normal 0.000000e+00 0.000000e+00 -1.000000e+00
      outer loop
         vertex -2.567636e+01 -3.389147e+00 0.000000e+00
         vertex -2.570544e+01 -3.482377e+00 0.000000e+00
         vertex -2.579493e+01 -2.772875e+00 0.000000e+00
      endloop
   endfacet
   facet normal 0.000000e+00 0.000000e+00 -1.000000e+00
      outer loop
         vertex -2.579493e+01 -2.772875e+00 0.000000e+00
         vertex -2.570544e+01 -3.482377e+00 0.000000e+00
         vertex -2.604662e+01 -3.388816e+00 0.000000e+00
      endloop
   endfacet
   facet normal 0.000000e+00 0.000000e+00 -1.000000e+00
      outer loop
         vertex -2.570544e+01 -3.482377e+00 0.000000e+00
         vertex -2.571820e+01 -3.579196e+00 0.000000e+00
         vertex -2.604662e+01 -3.388816e+00 0.000000e+00
      endloop
   endfacet
   facet normal 0.000000e+00 0.000000e+00 -1.000000e+00
      outer loop
         vertex -2.604662e+01 -3.388816e+00 0.000000e+00
         vertex -2.571820e+01 -3.579196e+00 0.000000e+00
         vertex -2.607592e+01 -3.470610e+00 0.000000e+00
      endloop
   endfacet
   facet normal 0.000000e+00 0.000000e+00 -1.000000e+00
      outer loop
         vertex -2.571820e+01 -3.579196e+00 0.000000e+00
         vertex -2.571328e+01 -3.655707e+00 0.000000e+00
         vertex -2.607592e+01 -3.470610e+00 0.000000e+00
      endloop
   endfacet
   facet normal 0.000000e+00 0.000000e+00 -1.000000e+00
      outer loop
         vertex -2.607592e+01 -3.470610e+00 0.000000e+00
         vertex -2.571328e+01 -3.655707e+00 0.000000e+00
         vertex -2.609793e+01 -3.554662e+00 0.000000e+00
      endloop
   endfacet
   facet normal 0.000000e+00 0.000000e+00 -1.000000e+00
      outer loop
         vertex -2.571328e+01 -3.655707e+00 0.000000e+00
         vertex -2.569183e+01 -3.729315e+00 0.000000e+00
         vertex -2.609793e+01 -3.554662e+00 0.000000e+00
      endloop
   endfacet
   facet normal 0.000000e+00 0.000000e+00 -1.000000e+00
      outer loop
         vertex -2.609793e+01 -3.554662e+00 0.000000e+00
         vertex -2.569183e+01 -3.729315e+00 0.000000e+00
         vertex -2.610892e+01 -3.623900e+00 0.000000e+00
      endloop
   endfacet
   facet normal 0.000000e+00 0.000000e+00 -1.000000e+00
      outer loop
         vertex -2.569183e+01 -3.729315e+00 0.000000e+00
         vertex -2.563558e+01 -3.823891e+00 0.000000e+00
         vertex -2.610892e+01 -3.623900e+00 0.000000e+00
      endloop
   endfacet
   facet normal 0.000000e+00 0.000000e+00 -1.000000e+00
      outer loop
         vertex -2.610892e+01 -3.623900e+00 0.000000e+00
         vertex -2.563558e+01 -3.823891e+00 0.000000e+00
         vertex -2.611231e+01 -3.693925e+00 0.000000e+00
      endloop
   endfacet
   facet normal 0.000000e+00 0.000000e+00 -1.000000e+00
      outer loop
         vertex -2.563558e+01 -3.823891e+00 0.000000e+00
         vertex -2.557450e+01 -3.886334e+00 0.000000e+00
         vertex -2.611231e+01 -3.693925e+00 0.000000e+00
      endloop
   endfacet
   facet normal 0.000000e+00 0.000000e+00 -1.000000e+00
      outer loop
         vertex -2.611231e+01 -3.693925e+00 0.000000e+00
         vertex -2.557450e+01 -3.886334e+00 0.000000e+00
         vertex -2.610374e+01 -3.786591e+00 0.000000e+00
      endloop
   endfacet
   facet normal 0.000000e+00 0.000000e+00 -1.000000e+00
      outer loop
         vertex -2.557450e+01 -3.886334e+00 0.000000e+00
         vertex -2.550179e+01 -3.934753e+00 0.000000e+00
         vertex -2.610374e+01 -3.786591e+00 0.000000e+00
      endloop
   endfacet
   facet normal 0.000000e+00 0.000000e+00 -1.000000e+00
      outer loop
         vertex -2.610374e+01 -3.786591e+00 0.000000e+00
         vertex -2.550179e+01 -3.934753e+00 0.000000e+00
         vertex -2.607940e+01 -3.876416e+00 0.000000e+00
      endloop
   endfacet
   facet normal 0.000000e+00 0.000000e+00 -1.000000e+00
      outer loop
         vertex -2.550179e+01 -3.934753e+00 0.000000e+00
         vertex -2.540534e+01 -3.975095e+00 0.000000e+00
         vertex -2.607940e+01 -3.876416e+00 0.000000e+00
      endloop
   endfacet
   facet normal 0.000000e+00 0.000000e+00 -1.000000e+00
      outer loop
         vertex -2.607940e+01 -3.876416e+00 0.000000e+00
         vertex -2.540534e+01 -3.975095e+00 0.000000e+00
         vertex -2.603893e+01 -3.963786e+00 0.000000e+00
      endloop
   endfacet
   facet normal 0.000000e+00 0.000000e+00 -1.000000e+00
      outer loop
         vertex -2.540534e+01 -3.975095e+00 0.000000e+00
         vertex -2.530337e+01 -3.998145e+00 0.000000e+00
         vertex -2.603893e+01 -3.963786e+00 0.000000e+00
      endloop
   endfacet
   facet normal -0.000000e+00 0.000000e+00 -1.000000e+00
      outer loop
         vertex -2.603893e+01 -3.963786e+00 0.000000e+00
         vertex -2.530337e+01 -3.998145e+00 0.000000e+00
         vertex -2.598454e+01 -4.043247e+00 0.000000e+00
      endloop
   endfacet
   facet normal -0.000000e+00 0.000000e+00 -1.000000e+00
      outer loop
         vertex -2.530337e+01 -3.998145e+00 0.000000e+00
         vertex -2.527528e+01 -4.001462e+00 0.000000e+00
         vertex -2.598454e+01 -4.043247e+00 0.000000e+00
      endloop
   endfacet
   facet normal 0.000000e+00 0.000000e+00 -1.000000e+00
      outer loop
         vertex -2.598454e+01 -4.043247e+00 0.000000e+00
         vertex -2.527528e+01 -4.001462e+00 0.000000e+00
         vertex -2.592628e+01 -4.106138e+00 0.000000e+00
      endloop
   endfacet
   facet normal -0.000000e+00 0.000000e+00 -1.000000e+00
      outer loop
         vertex -2.527528e+01 -4.001462e+00 0.000000e+00
         vertex -2.524710e+01 -4.003777e+00 0.000000e+00
         vertex -2.592628e+01 -4.106138e+00 0.000000e+00
      endloop
   endfacet
   facet normal 0.000000e+00 0.000000e+00 -1.000000e+00
      outer loop
         vertex -2.592628e+01 -4.106138e+00 0.000000e+00
         vertex -2.524710e+01 -4.003777e+00 0.000000e+00
         vertex -2.581314e+01 -4.192137e+00 0.000000e+00
      endloop
   endfacet
   facet normal -0.000000e+00 0.000000e+00 -1.000000e+00
      outer loop
         vertex -2.524710e+01 -4.003777e+00 0.000000e+00
         vertex -2.521568e+01 -4.005288e+00 0.000000e+00
         vertex -2.581314e+01 -4.192137e+00 0.000000e+00
      endloop
   endfacet
   facet normal 0.000000e+00 0.000000e+00 -1.000000e+00
      outer loop
         vertex -2.581314e+01 -4.192137e+00 0.000000e+00
         vertex -2.521568e+01 -4.005288e+00 0.000000e+00
         vertex -2.568410e+01 -4.251657e+00 0.000000e+00
      endloop
   endfacet
   facet normal -0.000000e+00 0.000000e+00 -1.000000e+00
      outer loop
         vertex -2.521568e+01 -4.005288e+00 0.000000e+00
         vertex -2.518424e+01 -4.005792e+00 0.000000e+00
         vertex -2.568410e+01 -4.251657e+00 0.000000e+00
      endloop
   endfacet
   facet normal 0.000000e+00 0.000000e+00 -1.000000e+00
      outer loop
         vertex -2.568410e+01 -4.251657e+00 0.000000e+00
         vertex -2.518424e+01 -4.005792e+00 0.000000e+00
         vertex -2.549936e+01 -4.297345e+00 0.000000e+00
      endloop
   endfacet
   facet normal -0.000000e+00 0.000000e+00 -1.000000e+00
      outer loop
         vertex -2.518424e+01 -4.005792e+00 0.000000e+00
         vertex -2.407361e+01 -4.005792e+00 0.000000e+00
         vertex -2.549936e+01 -4.297345e+00 0.000000e+00
      endloop
   endfacet
   facet normal 0.000000e+00 0.000000e+00 -1.000000e+00
      outer loop
         vertex -2.549936e+01 -4.297345e+00 0.000000e+00
         vertex -2.407361e+01 -4.005792e+00 0.000000e+00
         vertex -2.530967e+01 -4.312708e+00 0.000000e+00
      endloop
   endfacet
   facet normal 0.000000e+00 0.000000e+00 -1.000000e+00
      outer loop
         vertex -2.331893e+01 -2.159000e+00 0.000000e+00
         vertex -2.319350e+01 -1.852083e+00 0.000000e+00
         vertex -2.407361e+01 -4.005792e+00 0.000000e+00
      endloop
   endfacet
   facet normal 0.000000e+00 0.000000e+00 -1.000000e+00
      outer loop
         vertex -2.319350e+01 -1.852083e+00 0.000000e+00
         vertex -2.376566e+01 -4.158671e+00 0.000000e+00
         vertex -2.407361e+01 -4.005792e+00 0.000000e+00
      endloop
   endfacet
   facet normal 0.000000e+00 0.000000e+00 -1.000000e+00
      outer loop
         vertex -2.376566e+01 -4.158671e+00 0.000000e+00
         vertex -2.378506e+01 -4.197113e+00 0.000000e+00
         vertex -2.407361e+01 -4.005792e+00 0.000000e+00
      endloop
   endfacet
   facet normal -0.000000e+00 0.000000e+00 -1.000000e+00
      outer loop
         vertex -2.407361e+01 -4.005792e+00 0.000000e+00
         vertex -2.378506e+01 -4.197113e+00 0.000000e+00
         vertex -2.530967e+01 -4.312708e+00 0.000000e+00
      endloop
   endfacet
   facet normal -0.000000e+00 0.000000e+00 -1.000000e+00
      outer loop
         vertex -2.378506e+01 -4.197113e+00 0.000000e+00
         vertex -2.381028e+01 -4.232009e+00 0.000000e+00
         vertex -2.530967e+01 -4.312708e+00 0.000000e+00
      endloop
   endfacet
   facet normal 0.000000e+00 0.000000e+00 -1.000000e+00
      outer loop
         vertex -2.530967e+01 -4.312708e+00 0.000000e+00
         vertex -2.381028e+01 -4.232009e+00 0.000000e+00
         vertex -2.401375e+01 -4.312708e+00 0.000000e+00
      endloop
   endfacet
   facet normal -0.000000e+00 0.000000e+00 -1.000000e+00
      outer loop
         vertex -2.381028e+01 -4.232009e+00 0.000000e+00
         vertex -2.383737e+01 -4.258573e+00 0.000000e+00
         vertex -2.401375e+01 -4.312708e+00 0.000000e+00
      endloop
   endfacet
   facet normal 0.000000e+00 0.000000e+00 -1.000000e+00
      outer loop
         vertex -2.401375e+01 -4.312708e+00 0.000000e+00
         vertex -2.383737e+01 -4.258573e+00 0.000000e+00
         vertex -2.397193e+01 -4.310376e+00 0.000000e+00
      endloop
   endfacet
   facet normal -0.000000e+00 0.000000e+00 -1.000000e+00
      outer loop
         vertex -2.383737e+01 -4.258573e+00 0.000000e+00
         vertex -2.386880e+01 -4.279846e+00 0.000000e+00
         vertex -2.397193e+01 -4.310376e+00 0.000000e+00
      endloop
   endfacet
   facet normal 0.000000e+00 0.000000e+00 -1.000000e+00
      outer loop
         vertex -2.397193e+01 -4.310376e+00 0.000000e+00
         vertex -2.386880e+01 -4.279846e+00 0.000000e+00
         vertex -2.393064e+01 -4.303406e+00 0.000000e+00
      endloop
   endfacet
   facet normal -0.000000e+00 0.000000e+00 -1.000000e+00
      outer loop
         vertex -2.386880e+01 -4.279846e+00 0.000000e+00
         vertex -2.389889e+01 -4.293810e+00 0.000000e+00
         vertex -2.393064e+01 -4.303406e+00 0.000000e+00
      endloop
   endfacet
   facet normal 0.000000e+00 -0.000000e+00 1.000000e+00
      outer loop
         vertex -2.473389e+01 -1.898650e-01 5.000000e+00
         vertex -2.473015e+01 -2.305596e-01 5.000000e+00
         vertex -2.472329e+01 -1.503991e-01 5.000000e+00
      endloop
   endfacet
   facet normal 0.000000e+00 0.000000e+00 1.000000e+00
      outer loop
         vertex -2.473015e+01 -2.305596e-01 5.000000e+00
         vertex -2.425712e+01 -1.852083e+00 5.000000e+00
         vertex -2.472329e+01 -1.503991e-01 5.000000e+00
      endloop
   endfacet
   facet normal 0.000000e+00 0.000000e+00 1.000000e+00
      outer loop
         vertex -2.472329e+01 -1.503991e-01 5.000000e+00
         vertex -2.425712e+01 -1.852083e+00 5.000000e+00
         vertex -2.470987e+01 -1.247733e-01 5.000000e+00
      endloop
   endfacet
   facet normal 0.000000e+00 0.000000e+00 1.000000e+00
      outer loop
         vertex -2.430520e+01 -1.852083e+00 5.000000e+00
         vertex -2.452946e+01 -1.868534e+00 5.000000e+00
         vertex -2.425712e+01 -1.852083e+00 5.000000e+00
      endloop
   endfacet
   facet normal 0.000000e+00 0.000000e+00 1.000000e+00
      outer loop
         vertex -2.452946e+01 -1.868534e+00 5.000000e+00
         vertex -2.474893e+01 -1.917535e+00 5.000000e+00
         vertex -2.425712e+01 -1.852083e+00 5.000000e+00
      endloop
   endfacet
   facet normal 0.000000e+00 0.000000e+00 1.000000e+00
      outer loop
         vertex -2.474893e+01 -1.917535e+00 5.000000e+00
         vertex -2.498317e+01 -2.005339e+00 5.000000e+00
         vertex -2.425712e+01 -1.852083e+00 5.000000e+00
      endloop
   endfacet
   facet normal 0.000000e+00 0.000000e+00 1.000000e+00
      outer loop
         vertex -2.498317e+01 -2.005339e+00 5.000000e+00
         vertex -2.520388e+01 -2.123095e+00 5.000000e+00
         vertex -2.425712e+01 -1.852083e+00 5.000000e+00
      endloop
   endfacet
   facet normal 0.000000e+00 0.000000e+00 1.000000e+00
      outer loop
         vertex -2.520388e+01 -2.123095e+00 5.000000e+00
         vertex -2.540553e+01 -2.268605e+00 5.000000e+00
         vertex -2.425712e+01 -1.852083e+00 5.000000e+00
      endloop
   endfacet
   facet normal 0.000000e+00 0.000000e+00 1.000000e+00
      outer loop
         vertex -2.540553e+01 -2.268605e+00 5.000000e+00
         vertex -2.558517e+01 -2.440546e+00 5.000000e+00
         vertex -2.425712e+01 -1.852083e+00 5.000000e+00
      endloop
   endfacet
   facet normal 0.000000e+00 0.000000e+00 1.000000e+00
      outer loop
         vertex -2.558517e+01 -2.440546e+00 5.000000e+00
         vertex -2.570464e+01 -2.597506e+00 5.000000e+00
         vertex -2.425712e+01 -1.852083e+00 5.000000e+00
      endloop
   endfacet
   facet normal 0.000000e+00 0.000000e+00 1.000000e+00
      outer loop
         vertex -2.570464e+01 -2.597506e+00 5.000000e+00
         vertex -2.579493e+01 -2.772875e+00 5.000000e+00
         vertex -2.425712e+01 -1.852083e+00 5.000000e+00
      endloop
   endfacet
   facet normal 0.000000e+00 -0.000000e+00 1.000000e+00
      outer loop
         vertex -2.579493e+01 -2.772875e+00 5.000000e+00
         vertex -2.502334e+01 -2.334741e+00 5.000000e+00
         vertex -2.425712e+01 -1.852083e+00 5.000000e+00
      endloop
   endfacet
   facet normal 0.000000e+00 -0.000000e+00 1.000000e+00
      outer loop
         vertex -2.502334e+01 -2.334741e+00 5.000000e+00
         vertex -2.487481e+01 -2.258155e+00 5.000000e+00
         vertex -2.425712e+01 -1.852083e+00 5.000000e+00
      endloop
   endfacet
   facet normal 0.000000e+00 -0.000000e+00 1.000000e+00
      outer loop
         vertex -2.487481e+01 -2.258155e+00 5.000000e+00
         vertex -2.471787e+01 -2.200770e+00 5.000000e+00
         vertex -2.425712e+01 -1.852083e+00 5.000000e+00
      endloop
   endfacet
   facet normal 0.000000e+00 -0.000000e+00 1.000000e+00
      outer loop
         vertex -2.471787e+01 -2.200770e+00 5.000000e+00
         vertex -2.457522e+01 -2.169497e+00 5.000000e+00
         vertex -2.425712e+01 -1.852083e+00 5.000000e+00
      endloop
   endfacet
   facet normal 0.000000e+00 -0.000000e+00 1.000000e+00
      outer loop
         vertex -2.457522e+01 -2.169497e+00 5.000000e+00
         vertex -2.442956e+01 -2.159000e+00 5.000000e+00
         vertex -2.425712e+01 -1.852083e+00 5.000000e+00
      endloop
   endfacet
   facet normal 0.000000e+00 0.000000e+00 1.000000e+00
      outer loop
         vertex -2.442956e+01 -2.159000e+00 5.000000e+00
         vertex -2.331893e+01 -2.159000e+00 5.000000e+00
         vertex -2.425712e+01 -1.852083e+00 5.000000e+00
      endloop
   endfacet
   facet normal 0.000000e+00 0.000000e+00 1.000000e+00
      outer loop
         vertex -2.515881e+01 -2.429714e+00 5.000000e+00
         vertex -2.579493e+01 -2.772875e+00 5.000000e+00
         vertex -2.527911e+01 -2.543283e+00 5.000000e+00
      endloop
   endfacet
   facet normal 0.000000e+00 0.000000e+00 1.000000e+00
      outer loop
         vertex -2.527911e+01 -2.543283e+00 5.000000e+00
         vertex -2.579493e+01 -2.772875e+00 5.000000e+00
         vertex -2.536191e+01 -2.651475e+00 5.000000e+00
      endloop
   endfacet
   facet normal 0.000000e+00 0.000000e+00 1.000000e+00
      outer loop
         vertex -2.579493e+01 -2.772875e+00 5.000000e+00
         vertex -2.604662e+01 -3.388816e+00 5.000000e+00
         vertex -2.536191e+01 -2.651475e+00 5.000000e+00
      endloop
   endfacet
   facet normal 0.000000e+00 0.000000e+00 1.000000e+00
      outer loop
         vertex -2.536191e+01 -2.651475e+00 5.000000e+00
         vertex -2.604662e+01 -3.388816e+00 5.000000e+00
         vertex -2.542439e+01 -2.772544e+00 5.000000e+00
      endloop
   endfacet
   facet normal 0.000000e+00 0.000000e+00 1.000000e+00
      outer loop
         vertex -2.604662e+01 -3.388816e+00 5.000000e+00
         vertex -2.607592e+01 -3.470610e+00 5.000000e+00
         vertex -2.542439e+01 -2.772544e+00 5.000000e+00
      endloop
   endfacet
   facet normal 0.000000e+00 0.000000e+00 1.000000e+00
      outer loop
         vertex -2.542439e+01 -2.772544e+00 5.000000e+00
         vertex -2.607592e+01 -3.470610e+00 5.000000e+00
         vertex -2.567636e+01 -3.389147e+00 5.000000e+00
      endloop
   endfacet
   facet normal 0.000000e+00 0.000000e+00 1.000000e+00
      outer loop
         vertex -2.607592e+01 -3.470610e+00 5.000000e+00
         vertex -2.609793e+01 -3.554662e+00 5.000000e+00
         vertex -2.567636e+01 -3.389147e+00 5.000000e+00
      endloop
   endfacet
   facet normal 0.000000e+00 0.000000e+00 1.000000e+00
      outer loop
         vertex -2.567636e+01 -3.389147e+00 5.000000e+00
         vertex -2.609793e+01 -3.554662e+00 5.000000e+00
         vertex -2.570544e+01 -3.482377e+00 5.000000e+00
      endloop
   endfacet
   facet normal 0.000000e+00 0.000000e+00 1.000000e+00
      outer loop
         vertex -2.609793e+01 -3.554662e+00 5.000000e+00
         vertex -2.610892e+01 -3.623900e+00 5.000000e+00
         vertex -2.570544e+01 -3.482377e+00 5.000000e+00
      endloop
   endfacet
   facet normal 0.000000e+00 0.000000e+00 1.000000e+00
      outer loop
         vertex -2.570544e+01 -3.482377e+00 5.000000e+00
         vertex -2.610892e+01 -3.623900e+00 5.000000e+00
         vertex -2.571820e+01 -3.579196e+00 5.000000e+00
      endloop
   endfacet
   facet normal 0.000000e+00 0.000000e+00 1.000000e+00
      outer loop
         vertex -2.610892e+01 -3.623900e+00 5.000000e+00
         vertex -2.611231e+01 -3.693925e+00 5.000000e+00
         vertex -2.571820e+01 -3.579196e+00 5.000000e+00
      endloop
   endfacet
   facet normal 0.000000e+00 0.000000e+00 1.000000e+00
      outer loop
         vertex -2.571820e+01 -3.579196e+00 5.000000e+00
         vertex -2.611231e+01 -3.693925e+00 5.000000e+00
         vertex -2.571328e+01 -3.655707e+00 5.000000e+00
      endloop
   endfacet
   facet normal 0.000000e+00 -0.000000e+00 1.000000e+00
      outer loop
         vertex -2.611231e+01 -3.693925e+00 5.000000e+00
         vertex -2.610374e+01 -3.786591e+00 5.000000e+00
         vertex -2.571328e+01 -3.655707e+00 5.000000e+00
      endloop
   endfacet
   facet normal 0.000000e+00 0.000000e+00 1.000000e+00
      outer loop
         vertex -2.571328e+01 -3.655707e+00 5.000000e+00
         vertex -2.610374e+01 -3.786591e+00 5.000000e+00
         vertex -2.569183e+01 -3.729315e+00 5.000000e+00
      endloop
   endfacet
   facet normal 0.000000e+00 -0.000000e+00 1.000000e+00
      outer loop
         vertex -2.610374e+01 -3.786591e+00 5.000000e+00
         vertex -2.607940e+01 -3.876416e+00 5.000000e+00
         vertex -2.569183e+01 -3.729315e+00 5.000000e+00
      endloop
   endfacet
   facet normal 0.000000e+00 0.000000e+00 1.000000e+00
      outer loop
         vertex -2.569183e+01 -3.729315e+00 5.000000e+00
         vertex -2.607940e+01 -3.876416e+00 5.000000e+00
         vertex -2.563558e+01 -3.823891e+00 5.000000e+00
      endloop
   endfacet
   facet normal 0.000000e+00 -0.000000e+00 1.000000e+00
      outer loop
         vertex -2.607940e+01 -3.876416e+00 5.000000e+00
         vertex -2.603893e+01 -3.963786e+00 5.000000e+00
         vertex -2.563558e+01 -3.823891e+00 5.000000e+00
      endloop
   endfacet
   facet normal 0.000000e+00 0.000000e+00 1.000000e+00
      outer loop
         vertex -2.563558e+01 -3.823891e+00 5.000000e+00
         vertex -2.603893e+01 -3.963786e+00 5.000000e+00
         vertex -2.557450e+01 -3.886334e+00 5.000000e+00
      endloop
   endfacet
   facet normal 0.000000e+00 -0.000000e+00 1.000000e+00
      outer loop
         vertex -2.603893e+01 -3.963786e+00 5.000000e+00
         vertex -2.598454e+01 -4.043247e+00 5.000000e+00
         vertex -2.557450e+01 -3.886334e+00 5.000000e+00
      endloop
   endfacet
   facet normal 0.000000e+00 0.000000e+00 1.000000e+00
      outer loop
         vertex -2.557450e+01 -3.886334e+00 5.000000e+00
         vertex -2.598454e+01 -4.043247e+00 5.000000e+00
         vertex -2.550179e+01 -3.934753e+00 5.000000e+00
      endloop
   endfacet
   facet normal 0.000000e+00 -0.000000e+00 1.000000e+00
      outer loop
         vertex -2.598454e+01 -4.043247e+00 5.000000e+00
         vertex -2.592628e+01 -4.106138e+00 5.000000e+00
         vertex -2.550179e+01 -3.934753e+00 5.000000e+00
      endloop
   endfacet
   facet normal 0.000000e+00 0.000000e+00 1.000000e+00
      outer loop
         vertex -2.550179e+01 -3.934753e+00 5.000000e+00
         vertex -2.592628e+01 -4.106138e+00 5.000000e+00
         vertex -2.540534e+01 -3.975095e+00 5.000000e+00
      endloop
   endfacet
   facet normal 0.000000e+00 -0.000000e+00 1.000000e+00
      outer loop
         vertex -2.592628e+01 -4.106138e+00 5.000000e+00
         vertex -2.581314e+01 -4.192137e+00 5.000000e+00
         vertex -2.540534e+01 -3.975095e+00 5.000000e+00
      endloop
   endfacet
   facet normal 0.000000e+00 0.000000e+00 1.000000e+00
      outer loop
         vertex -2.540534e+01 -3.975095e+00 5.000000e+00
         vertex -2.581314e+01 -4.192137e+00 5.000000e+00
         vertex -2.530337e+01 -3.998145e+00 5.000000e+00
      endloop
   endfacet
   facet normal 0.000000e+00 -0.000000e+00 1.000000e+00
      outer loop
         vertex -2.581314e+01 -4.192137e+00 5.000000e+00
         vertex -2.568410e+01 -4.251657e+00 5.000000e+00
         vertex -2.530337e+01 -3.998145e+00 5.000000e+00
      endloop
   endfacet
   facet normal 0.000000e+00 0.000000e+00 1.000000e+00
      outer loop
         vertex -2.530337e+01 -3.998145e+00 5.000000e+00
         vertex -2.568410e+01 -4.251657e+00 5.000000e+00
         vertex -2.527528e+01 -4.001462e+00 5.000000e+00
      endloop
   endfacet
   facet normal 0.000000e+00 -0.000000e+00 1.000000e+00
      outer loop
         vertex -2.568410e+01 -4.251657e+00 5.000000e+00
         vertex -2.549936e+01 -4.297345e+00 5.000000e+00
         vertex -2.527528e+01 -4.001462e+00 5.000000e+00
      endloop
   endfacet
   facet normal 0.000000e+00 0.000000e+00 1.000000e+00
      outer loop
         vertex -2.527528e+01 -4.001462e+00 5.000000e+00
         vertex -2.549936e+01 -4.297345e+00 5.000000e+00
         vertex -2.524710e+01 -4.003777e+00 5.000000e+00
      endloop
   endfacet
   facet normal 0.000000e+00 -0.000000e+00 1.000000e+00
      outer loop
         vertex -2.549936e+01 -4.297345e+00 5.000000e+00
         vertex -2.530967e+01 -4.312708e+00 5.000000e+00
         vertex -2.524710e+01 -4.003777e+00 5.000000e+00
      endloop
   endfacet
   facet normal 0.000000e+00 0.000000e+00 1.000000e+00
      outer loop
         vertex -2.524710e+01 -4.003777e+00 5.000000e+00
         vertex -2.530967e+01 -4.312708e+00 5.000000e+00
         vertex -2.521568e+01 -4.005288e+00 5.000000e+00
      endloop
   endfacet
   facet normal 0.000000e+00 0.000000e+00 1.000000e+00
      outer loop
         vertex -2.530967e+01 -4.312708e+00 5.000000e+00
         vertex -2.401375e+01 -4.312708e+00 5.000000e+00
         vertex -2.521568e+01 -4.005288e+00 5.000000e+00
      endloop
   endfacet
   facet normal 0.000000e+00 0.000000e+00 1.000000e+00
      outer loop
         vertex -2.521568e+01 -4.005288e+00 5.000000e+00
         vertex -2.401375e+01 -4.312708e+00 5.000000e+00
         vertex -2.518424e+01 -4.005792e+00 5.000000e+00
      endloop
   endfacet
   facet normal 0.000000e+00 0.000000e+00 1.000000e+00
      outer loop
         vertex -2.401375e+01 -4.312708e+00 5.000000e+00
         vertex -2.397193e+01 -4.310376e+00 5.000000e+00
         vertex -2.518424e+01 -4.005792e+00 5.000000e+00
      endloop
   endfacet
   facet normal 0.000000e+00 0.000000e+00 1.000000e+00
      outer loop
         vertex -2.518424e+01 -4.005792e+00 5.000000e+00
         vertex -2.397193e+01 -4.310376e+00 5.000000e+00
         vertex -2.407361e+01 -4.005792e+00 5.000000e+00
      endloop
   endfacet
   facet normal 0.000000e+00 0.000000e+00 1.000000e+00
      outer loop
         vertex -2.397193e+01 -4.310376e+00 5.000000e+00
         vertex -2.393064e+01 -4.303406e+00 5.000000e+00
         vertex -2.407361e+01 -4.005792e+00 5.000000e+00
      endloop
   endfacet
   facet normal 0.000000e+00 -0.000000e+00 1.000000e+00
      outer loop
         vertex -2.407361e+01 -4.005792e+00 5.000000e+00
         vertex -2.393064e+01 -4.303406e+00 5.000000e+00
         vertex -2.331893e+01 -2.159000e+00 5.000000e+00
      endloop
   endfacet
   facet normal 0.000000e+00 -0.000000e+00 1.000000e+00
      outer loop
         vertex -2.393064e+01 -4.303406e+00 5.000000e+00
         vertex -2.389889e+01 -4.293810e+00 5.000000e+00
         vertex -2.331893e+01 -2.159000e+00 5.000000e+00
      endloop
   endfacet
   facet normal 0.000000e+00 -0.000000e+00 1.000000e+00
      outer loop
         vertex -2.389889e+01 -4.293810e+00 5.000000e+00
         vertex -2.386880e+01 -4.279846e+00 5.000000e+00
         vertex -2.331893e+01 -2.159000e+00 5.000000e+00
      endloop
   endfacet
   facet normal 0.000000e+00 -0.000000e+00 1.000000e+00
      outer loop
         vertex -2.386880e+01 -4.279846e+00 5.000000e+00
         vertex -2.383737e+01 -4.258573e+00 5.000000e+00
         vertex -2.331893e+01 -2.159000e+00 5.000000e+00
      endloop
   endfacet
   facet normal 0.000000e+00 -0.000000e+00 1.000000e+00
      outer loop
         vertex -2.383737e+01 -4.258573e+00 5.000000e+00
         vertex -2.381028e+01 -4.232009e+00 5.000000e+00
         vertex -2.331893e+01 -2.159000e+00 5.000000e+00
      endloop
   endfacet
   facet normal 0.000000e+00 -0.000000e+00 1.000000e+00
      outer loop
         vertex -2.381028e+01 -4.232009e+00 5.000000e+00
         vertex -2.378506e+01 -4.197113e+00 5.000000e+00
         vertex -2.331893e+01 -2.159000e+00 5.000000e+00
      endloop
   endfacet
   facet normal 0.000000e+00 -0.000000e+00 1.000000e+00
      outer loop
         vertex -2.378506e+01 -4.197113e+00 5.000000e+00
         vertex -2.376566e+01 -4.158671e+00 5.000000e+00
         vertex -2.331893e+01 -2.159000e+00 5.000000e+00
      endloop
   endfacet
   facet normal 0.000000e+00 0.000000e+00 1.000000e+00
      outer loop
         vertex -2.376566e+01 -4.158671e+00 5.000000e+00
         vertex -2.212892e+01 -1.533757e-01 5.000000e+00
         vertex -2.331893e+01 -2.159000e+00 5.000000e+00
      endloop
   endfacet
   facet normal 0.000000e+00 0.000000e+00 1.000000e+00
      outer loop
         vertex -2.331893e+01 -2.159000e+00 5.000000e+00
         vertex -2.383032e+01 -1.852083e+00 5.000000e+00
         vertex -2.425712e+01 -1.852083e+00 5.000000e+00
      endloop
   endfacet
   facet normal 0.000000e+00 0.000000e+00 1.000000e+00
      outer loop
         vertex -2.383032e+01 -1.852083e+00 5.000000e+00
         vertex -2.434869e+01 -7.639847e-02 5.000000e+00
         vertex -2.425712e+01 -1.852083e+00 5.000000e+00
      endloop
   endfacet
   facet normal 0.000000e+00 0.000000e+00 1.000000e+00
      outer loop
         vertex -2.425712e+01 -1.852083e+00 5.000000e+00
         vertex -2.434869e+01 -7.639847e-02 5.000000e+00
         vertex -2.470987e+01 -1.247733e-01 5.000000e+00
      endloop
   endfacet
   facet normal 0.000000e+00 0.000000e+00 1.000000e+00
      outer loop
         vertex -2.434869e+01 -7.639847e-02 5.000000e+00
         vertex -2.436482e+01 -4.248206e-02 5.000000e+00
         vertex -2.470987e+01 -1.247733e-01 5.000000e+00
      endloop
   endfacet
   facet normal 0.000000e+00 0.000000e+00 1.000000e+00
      outer loop
         vertex -2.470987e+01 -1.247733e-01 5.000000e+00
         vertex -2.436482e+01 -4.248206e-02 5.000000e+00
         vertex -2.469191e+01 -1.021018e-01 5.000000e+00
      endloop
   endfacet
   facet normal 0.000000e+00 0.000000e+00 1.000000e+00
      outer loop
         vertex -2.436482e+01 -4.248206e-02 5.000000e+00
         vertex -2.439016e+01 -1.475881e-02 5.000000e+00
         vertex -2.469191e+01 -1.021018e-01 5.000000e+00
      endloop
   endfacet
   facet normal 0.000000e+00 0.000000e+00 1.000000e+00
      outer loop
         vertex -2.469191e+01 -1.021018e-01 5.000000e+00
         vertex -2.439016e+01 -1.475881e-02 5.000000e+00
         vertex -2.465764e+01 -7.022317e-02 5.000000e+00
      endloop
   endfacet
   facet normal 0.000000e+00 0.000000e+00 1.000000e+00
      outer loop
         vertex -2.439016e+01 -1.475881e-02 5.000000e+00
         vertex -2.442870e+01 -2.574379e-03 5.000000e+00
         vertex -2.465764e+01 -7.022317e-02 5.000000e+00
      endloop
   endfacet
   facet normal 0.000000e+00 0.000000e+00 1.000000e+00
      outer loop
         vertex -2.465764e+01 -7.022317e-02 5.000000e+00
         vertex -2.442870e+01 -2.574379e-03 5.000000e+00
         vertex -2.461993e+01 -4.249870e-02 5.000000e+00
      endloop
   endfacet
   facet normal 0.000000e+00 0.000000e+00 1.000000e+00
      outer loop
         vertex -2.442870e+01 -2.574379e-03 5.000000e+00
         vertex -2.446900e+01 6.614280e-04 5.000000e+00
         vertex -2.461993e+01 -4.249870e-02 5.000000e+00
      endloop
   endfacet
   facet normal 0.000000e+00 0.000000e+00 1.000000e+00
      outer loop
         vertex -2.461993e+01 -4.249870e-02 5.000000e+00
         vertex -2.446900e+01 6.614280e-04 5.000000e+00
         vertex -2.458114e+01 -2.360631e-02 5.000000e+00
      endloop
   endfacet
   facet normal -0.000000e+00 0.000000e+00 1.000000e+00
      outer loop
         vertex -2.446900e+01 6.614280e-04 5.000000e+00
         vertex -2.450506e+01 -1.853557e-03 5.000000e+00
         vertex -2.458114e+01 -2.360631e-02 5.000000e+00
      endloop
   endfacet
   facet normal 0.000000e+00 0.000000e+00 1.000000e+00
      outer loop
         vertex -2.458114e+01 -2.360631e-02 5.000000e+00
         vertex -2.450506e+01 -1.853557e-03 5.000000e+00
         vertex -2.454042e+01 -9.349816e-03 5.000000e+00
      endloop
   endfacet
   facet normal 0.000000e+00 -0.000000e+00 1.000000e+00
      outer loop
         vertex -2.383032e+01 -1.852083e+00 5.000000e+00
         vertex -2.331893e+01 -2.159000e+00 5.000000e+00
         vertex -2.319350e+01 -1.852083e+00 5.000000e+00
      endloop
   endfacet
   facet normal 0.000000e+00 0.000000e+00 1.000000e+00
      outer loop
         vertex -2.331893e+01 -2.159000e+00 5.000000e+00
         vertex -2.212892e+01 -1.533757e-01 5.000000e+00
         vertex -2.319350e+01 -1.852083e+00 5.000000e+00
      endloop
   endfacet
   facet normal 0.000000e+00 0.000000e+00 1.000000e+00
      outer loop
         vertex -2.212892e+01 -1.533757e-01 5.000000e+00
         vertex -2.211514e+01 -7.785230e-02 5.000000e+00
         vertex -2.319350e+01 -1.852083e+00 5.000000e+00
      endloop
   endfacet
   facet normal 0.000000e+00 0.000000e+00 1.000000e+00
      outer loop
         vertex -2.319350e+01 -1.852083e+00 5.000000e+00
         vertex -2.211514e+01 -7.785230e-02 5.000000e+00
         vertex -2.249938e+01 -1.534583e-01 5.000000e+00
      endloop
   endfacet
   facet normal 0.000000e+00 0.000000e+00 1.000000e+00
      outer loop
         vertex -2.211514e+01 -7.785230e-02 5.000000e+00
         vertex -2.213665e+01 -3.629756e-02 5.000000e+00
         vertex -2.249938e+01 -1.534583e-01 5.000000e+00
      endloop
   endfacet
   facet normal 0.000000e+00 0.000000e+00 1.000000e+00
      outer loop
         vertex -2.249938e+01 -1.534583e-01 5.000000e+00
         vertex -2.213665e+01 -3.629756e-02 5.000000e+00
         vertex -2.248200e+01 -1.190125e-01 5.000000e+00
      endloop
   endfacet
   facet normal 0.000000e+00 0.000000e+00 1.000000e+00
      outer loop
         vertex -2.213665e+01 -3.629756e-02 5.000000e+00
         vertex -2.217734e+01 -1.917043e-02 5.000000e+00
         vertex -2.248200e+01 -1.190125e-01 5.000000e+00
      endloop
   endfacet
   facet normal 0.000000e+00 0.000000e+00 1.000000e+00
      outer loop
         vertex -2.248200e+01 -1.190125e-01 5.000000e+00
         vertex -2.217734e+01 -1.917043e-02 5.000000e+00
         vertex -2.245940e+01 -8.774590e-02 5.000000e+00
      endloop
   endfacet
   facet normal 0.000000e+00 0.000000e+00 1.000000e+00
      outer loop
         vertex -2.217734e+01 -1.917043e-02 5.000000e+00
         vertex -2.221895e+01 -4.409384e-03 5.000000e+00
         vertex -2.245940e+01 -8.774590e-02 5.000000e+00
      endloop
   endfacet
   facet normal 0.000000e+00 0.000000e+00 1.000000e+00
      outer loop
         vertex -2.245940e+01 -8.774590e-02 5.000000e+00
         vertex -2.221895e+01 -4.409384e-03 5.000000e+00
         vertex -2.243152e+01 -5.972512e-02 5.000000e+00
      endloop
   endfacet
   facet normal 0.000000e+00 0.000000e+00 1.000000e+00
      outer loop
         vertex -2.221895e+01 -4.409384e-03 5.000000e+00
         vertex -2.223486e+01 -6.140285e-04 5.000000e+00
         vertex -2.243152e+01 -5.972512e-02 5.000000e+00
      endloop
   endfacet
   facet normal 0.000000e+00 0.000000e+00 1.000000e+00
      outer loop
         vertex -2.243152e+01 -5.972512e-02 5.000000e+00
         vertex -2.223486e+01 -6.140285e-04 5.000000e+00
         vertex -2.239966e+01 -3.633890e-02 5.000000e+00
      endloop
   endfacet
   facet normal 0.000000e+00 0.000000e+00 1.000000e+00
      outer loop
         vertex -2.223486e+01 -6.140285e-04 5.000000e+00
         vertex -2.225117e+01 6.614280e-04 5.000000e+00
         vertex -2.239966e+01 -3.633890e-02 5.000000e+00
      endloop
   endfacet
   facet normal 0.000000e+00 0.000000e+00 1.000000e+00
      outer loop
         vertex -2.239966e+01 -3.633890e-02 5.000000e+00
         vertex -2.225117e+01 6.614280e-04 5.000000e+00
         vertex -2.236580e+01 -2.041996e-02 5.000000e+00
      endloop
   endfacet
   facet normal -0.000000e+00 0.000000e+00 1.000000e+00
      outer loop
         vertex -2.225117e+01 6.614280e-04 5.000000e+00
         vertex -2.229096e+01 -1.770635e-03 5.000000e+00
         vertex -2.236580e+01 -2.041996e-02 5.000000e+00
      endloop
   endfacet
   facet normal 0.000000e+00 0.000000e+00 1.000000e+00
      outer loop
         vertex -2.236580e+01 -2.041996e-02 5.000000e+00
         vertex -2.229096e+01 -1.770635e-03 5.000000e+00
         vertex -2.233015e+01 -9.030613e-03 5.000000e+00
      endloop
   endfacet
   facet normal 0.000000e+00 0.000000e+00 1.000000e+00
      outer loop
         vertex -2.502334e+01 -2.334741e+00 5.000000e+00
         vertex -2.579493e+01 -2.772875e+00 5.000000e+00
         vertex -2.515881e+01 -2.429714e+00 5.000000e+00
      endloop
   endfacet
   facet normal 0.000000e+00 -1.000000e+00 0.000000e+00
      outer loop
         vertex -2.442956e+01 -2.159000e+00 0.000000e+00
         vertex -2.331893e+01 -2.159000e+00 0.000000e+00
         vertex -2.331893e+01 -2.159000e+00 5.000000e+00
      endloop
   endfacet
   facet normal 0.000000e+00 -1.000000e+00 0.000000e+00
      outer loop
         vertex -2.442956e+01 -2.159000e+00 5.000000e+00
         vertex -2.442956e+01 -2.159000e+00 0.000000e+00
         vertex -2.331893e+01 -2.159000e+00 5.000000e+00
      endloop
   endfacet
   facet normal -9.256915e-01 3.782794e-01 0.000000e+00
      outer loop
         vertex -2.331893e+01 -2.159000e+00 0.000000e+00
         vertex -2.407361e+01 -4.005792e+00 0.000000e+00
         vertex -2.407361e+01 -4.005792e+00 5.000000e+00
      endloop
   endfacet
   facet normal -9.256915e-01 3.782794e-01 0.000000e+00
      outer loop
         vertex -2.331893e+01 -2.159000e+00 5.000000e+00
         vertex -2.331893e+01 -2.159000e+00 0.000000e+00
         vertex -2.407361e+01 -4.005792e+00 5.000000e+00
      endloop
   endfacet
   facet normal 0.000000e+00 1.000000e+00 0.000000e+00
      outer loop
         vertex -2.407361e+01 -4.005792e+00 0.000000e+00
         vertex -2.518424e+01 -4.005792e+00 0.000000e+00
         vertex -2.518424e+01 -4.005792e+00 5.000000e+00
      endloop
   endfacet
   facet normal 0.000000e+00 1.000000e+00 -0.000000e+00
      outer loop
         vertex -2.407361e+01 -4.005792e+00 5.000000e+00
         vertex -2.407361e+01 -4.005792e+00 0.000000e+00
         vertex -2.518424e+01 -4.005792e+00 5.000000e+00
      endloop
   endfacet
   facet normal 4.804997e-02 9.988449e-01 -0.000000e+00
      outer loop
         vertex -2.521568e+01 -4.005288e+00 5.000000e+00
         vertex -2.521568e+01 -4.005288e+00 0.000000e+00
         vertex -2.524710e+01 -4.003777e+00 0.000000e+00
      endloop
   endfacet
   facet normal 4.804997e-02 9.988449e-01 0.000000e+00
      outer loop
         vertex -2.524710e+01 -4.003777e+00 5.000000e+00
         vertex -2.521568e+01 -4.005288e+00 5.000000e+00
         vertex -2.524710e+01 -4.003777e+00 0.000000e+00
      endloop
   endfacet
   facet normal 1.602572e-02 9.998716e-01 -0.000000e+00
      outer loop
         vertex -2.518424e+01 -4.005792e+00 5.000000e+00
         vertex -2.518424e+01 -4.005792e+00 0.000000e+00
         vertex -2.521568e+01 -4.005288e+00 0.000000e+00
      endloop
   endfacet
   facet normal 1.602572e-02 9.998716e-01 0.000000e+00
      outer loop
         vertex -2.521568e+01 -4.005288e+00 5.000000e+00
         vertex -2.518424e+01 -4.005792e+00 5.000000e+00
         vertex -2.521568e+01 -4.005288e+00 0.000000e+00
      endloop
   endfacet
   facet normal 1.172839e-01 9.930984e-01 -0.000000e+00
      outer loop
         vertex -2.527528e+01 -4.001462e+00 5.000000e+00
         vertex -2.527528e+01 -4.001462e+00 0.000000e+00
         vertex -2.530337e+01 -3.998145e+00 0.000000e+00
      endloop
   endfacet
   facet normal 1.172839e-01 9.930984e-01 0.000000e+00
      outer loop
         vertex -2.530337e+01 -3.998145e+00 5.000000e+00
         vertex -2.527528e+01 -4.001462e+00 5.000000e+00
         vertex -2.530337e+01 -3.998145e+00 0.000000e+00
      endloop
   endfacet
   facet normal 8.183985e-02 9.966455e-01 -0.000000e+00
      outer loop
         vertex -2.524710e+01 -4.003777e+00 5.000000e+00
         vertex -2.524710e+01 -4.003777e+00 0.000000e+00
         vertex -2.527528e+01 -4.001462e+00 0.000000e+00
      endloop
   endfacet
   facet normal 8.183985e-02 9.966455e-01 0.000000e+00
      outer loop
         vertex -2.527528e+01 -4.001462e+00 5.000000e+00
         vertex -2.524710e+01 -4.003777e+00 5.000000e+00
         vertex -2.527528e+01 -4.001462e+00 0.000000e+00
      endloop
   endfacet
   facet normal 3.858768e-01 9.225503e-01 -0.000000e+00
      outer loop
         vertex -2.540534e+01 -3.975095e+00 5.000000e+00
         vertex -2.540534e+01 -3.975095e+00 0.000000e+00
         vertex -2.550179e+01 -3.934753e+00 0.000000e+00
      endloop
   endfacet
   facet normal 3.858768e-01 9.225503e-01 0.000000e+00
      outer loop
         vertex -2.550179e+01 -3.934753e+00 5.000000e+00
         vertex -2.540534e+01 -3.975095e+00 5.000000e+00
         vertex -2.550179e+01 -3.934753e+00 0.000000e+00
      endloop
   endfacet
   facet normal 2.204815e-01 9.753912e-01 -0.000000e+00
      outer loop
         vertex -2.530337e+01 -3.998145e+00 5.000000e+00
         vertex -2.530337e+01 -3.998145e+00 0.000000e+00
         vertex -2.540534e+01 -3.975095e+00 0.000000e+00
      endloop
   endfacet
   facet normal 2.204815e-01 9.753912e-01 0.000000e+00
      outer loop
         vertex -2.540534e+01 -3.975095e+00 5.000000e+00
         vertex -2.530337e+01 -3.998145e+00 5.000000e+00
         vertex -2.540534e+01 -3.975095e+00 0.000000e+00
      endloop
   endfacet
   facet normal 7.148496e-01 6.992782e-01 -0.000000e+00
      outer loop
         vertex -2.557450e+01 -3.886334e+00 5.000000e+00
         vertex -2.557450e+01 -3.886334e+00 0.000000e+00
         vertex -2.563558e+01 -3.823891e+00 0.000000e+00
      endloop
   endfacet
   facet normal 7.148496e-01 6.992782e-01 0.000000e+00
      outer loop
         vertex -2.563558e+01 -3.823891e+00 5.000000e+00
         vertex -2.557450e+01 -3.886334e+00 5.000000e+00
         vertex -2.563558e+01 -3.823891e+00 0.000000e+00
      endloop
   endfacet
   facet normal 5.542995e-01 8.323173e-01 -0.000000e+00
      outer loop
         vertex -2.550179e+01 -3.934753e+00 5.000000e+00
         vertex -2.550179e+01 -3.934753e+00 0.000000e+00
         vertex -2.557450e+01 -3.886334e+00 0.000000e+00
      endloop
   endfacet
   facet normal 5.542995e-01 8.323173e-01 0.000000e+00
      outer loop
         vertex -2.557450e+01 -3.886334e+00 5.000000e+00
         vertex -2.550179e+01 -3.934753e+00 5.000000e+00
         vertex -2.557450e+01 -3.886334e+00 0.000000e+00
      endloop
   endfacet
   facet normal 8.594677e-01 5.111900e-01 -0.000000e+00
      outer loop
         vertex -2.563558e+01 -3.823891e+00 0.000000e+00
         vertex -2.569183e+01 -3.729315e+00 0.000000e+00
         vertex -2.569183e+01 -3.729315e+00 5.000000e+00
      endloop
   endfacet
   facet normal 8.594677e-01 5.111900e-01 -0.000000e+00
      outer loop
         vertex -2.563558e+01 -3.823891e+00 5.000000e+00
         vertex -2.563558e+01 -3.823891e+00 0.000000e+00
         vertex -2.569183e+01 -3.729315e+00 5.000000e+00
      endloop
   endfacet
   facet normal 9.979380e-01 6.418488e-02 -0.000000e+00
      outer loop
         vertex -2.571328e+01 -3.655707e+00 5.000000e+00
         vertex -2.571328e+01 -3.655707e+00 0.000000e+00
         vertex -2.571820e+01 -3.579196e+00 0.000000e+00
      endloop
   endfacet
   facet normal 9.979380e-01 6.418488e-02 0.000000e+00
      outer loop
         vertex -2.571820e+01 -3.579196e+00 5.000000e+00
         vertex -2.571328e+01 -3.655707e+00 5.000000e+00
         vertex -2.571820e+01 -3.579196e+00 0.000000e+00
      endloop
   endfacet
   facet normal 9.600795e-01 2.797274e-01 -0.000000e+00
      outer loop
         vertex -2.569183e+01 -3.729315e+00 5.000000e+00
         vertex -2.569183e+01 -3.729315e+00 0.000000e+00
         vertex -2.571328e+01 -3.655707e+00 0.000000e+00
      endloop
   endfacet
   facet normal 9.600795e-01 2.797274e-01 0.000000e+00
      outer loop
         vertex -2.571328e+01 -3.655707e+00 5.000000e+00
         vertex -2.569183e+01 -3.729315e+00 5.000000e+00
         vertex -2.571328e+01 -3.655707e+00 0.000000e+00
      endloop
   endfacet
   facet normal 9.546560e-01 -2.977111e-01 0.000000e+00
      outer loop
         vertex -2.570544e+01 -3.482377e+00 5.000000e+00
         vertex -2.570544e+01 -3.482377e+00 0.000000e+00
         vertex -2.567636e+01 -3.389147e+00 0.000000e+00
      endloop
   endfacet
   facet normal 9.546560e-01 -2.977111e-01 0.000000e+00
      outer loop
         vertex -2.567636e+01 -3.389147e+00 5.000000e+00
         vertex -2.570544e+01 -3.482377e+00 5.000000e+00
         vertex -2.567636e+01 -3.389147e+00 0.000000e+00
      endloop
   endfacet
   facet normal 9.914243e-01 -1.306821e-01 0.000000e+00
      outer loop
         vertex -2.571820e+01 -3.579196e+00 5.000000e+00
         vertex -2.571820e+01 -3.579196e+00 0.000000e+00
         vertex -2.570544e+01 -3.482377e+00 0.000000e+00
      endloop
   endfacet
   facet normal 9.914243e-01 -1.306821e-01 0.000000e+00
      outer loop
         vertex -2.570544e+01 -3.482377e+00 5.000000e+00
         vertex -2.571820e+01 -3.579196e+00 5.000000e+00
         vertex -2.570544e+01 -3.482377e+00 0.000000e+00
      endloop
   endfacet
   facet normal 9.256904e-01 -3.782821e-01 0.000000e+00
      outer loop
         vertex -2.567636e+01 -3.389147e+00 0.000000e+00
         vertex -2.542439e+01 -2.772544e+00 0.000000e+00
         vertex -2.542439e+01 -2.772544e+00 5.000000e+00
      endloop
   endfacet
   facet normal 9.256904e-01 -3.782821e-01 0.000000e+00
      outer loop
         vertex -2.567636e+01 -3.389147e+00 5.000000e+00
         vertex -2.567636e+01 -3.389147e+00 0.000000e+00
         vertex -2.542439e+01 -2.772544e+00 5.000000e+00
      endloop
   endfacet
   facet normal 7.941367e-01 -6.077392e-01 0.000000e+00
      outer loop
         vertex -2.536191e+01 -2.651475e+00 5.000000e+00
         vertex -2.536191e+01 -2.651475e+00 0.000000e+00
         vertex -2.527911e+01 -2.543283e+00 0.000000e+00
      endloop
   endfacet
   facet normal 7.941367e-01 -6.077392e-01 0.000000e+00
      outer loop
         vertex -2.527911e+01 -2.543283e+00 5.000000e+00
         vertex -2.536191e+01 -2.651475e+00 5.000000e+00
         vertex -2.527911e+01 -2.543283e+00 0.000000e+00
      endloop
   endfacet
   facet normal 8.886444e-01 -4.585969e-01 0.000000e+00
      outer loop
         vertex -2.542439e+01 -2.772544e+00 5.000000e+00
         vertex -2.542439e+01 -2.772544e+00 0.000000e+00
         vertex -2.536191e+01 -2.651475e+00 0.000000e+00
      endloop
   endfacet
   facet normal 8.886444e-01 -4.585969e-01 0.000000e+00
      outer loop
         vertex -2.536191e+01 -2.651475e+00 5.000000e+00
         vertex -2.542439e+01 -2.772544e+00 5.000000e+00
         vertex -2.536191e+01 -2.651475e+00 0.000000e+00
      endloop
   endfacet
   facet normal 5.740518e-01 -8.188190e-01 0.000000e+00
      outer loop
         vertex -2.515881e+01 -2.429714e+00 5.000000e+00
         vertex -2.515881e+01 -2.429714e+00 0.000000e+00
         vertex -2.502334e+01 -2.334741e+00 0.000000e+00
      endloop
   endfacet
   facet normal 5.740518e-01 -8.188190e-01 0.000000e+00
      outer loop
         vertex -2.502334e+01 -2.334741e+00 5.000000e+00
         vertex -2.515881e+01 -2.429714e+00 5.000000e+00
         vertex -2.502334e+01 -2.334741e+00 0.000000e+00
      endloop
   endfacet
   facet normal 6.864532e-01 -7.271740e-01 0.000000e+00
      outer loop
         vertex -2.527911e+01 -2.543283e+00 5.000000e+00
         vertex -2.527911e+01 -2.543283e+00 0.000000e+00
         vertex -2.515881e+01 -2.429714e+00 0.000000e+00
      endloop
   endfacet
   facet normal 6.864532e-01 -7.271740e-01 0.000000e+00
      outer loop
         vertex -2.515881e+01 -2.429714e+00 5.000000e+00
         vertex -2.527911e+01 -2.543283e+00 5.000000e+00
         vertex -2.515881e+01 -2.429714e+00 0.000000e+00
      endloop
   endfacet
   facet normal 3.433976e-01 -9.391901e-01 0.000000e+00
      outer loop
         vertex -2.487481e+01 -2.258155e+00 5.000000e+00
         vertex -2.487481e+01 -2.258155e+00 0.000000e+00
         vertex -2.471787e+01 -2.200770e+00 0.000000e+00
      endloop
   endfacet
   facet normal 3.433976e-01 -9.391901e-01 0.000000e+00
      outer loop
         vertex -2.471787e+01 -2.200770e+00 5.000000e+00
         vertex -2.487481e+01 -2.258155e+00 5.000000e+00
         vertex -2.471787e+01 -2.200770e+00 0.000000e+00
      endloop
   endfacet
   facet normal 4.583087e-01 -8.887931e-01 0.000000e+00
      outer loop
         vertex -2.502334e+01 -2.334741e+00 5.000000e+00
         vertex -2.502334e+01 -2.334741e+00 0.000000e+00
         vertex -2.487481e+01 -2.258155e+00 0.000000e+00
      endloop
   endfacet
   facet normal 4.583087e-01 -8.887931e-01 0.000000e+00
      outer loop
         vertex -2.487481e+01 -2.258155e+00 5.000000e+00
         vertex -2.502334e+01 -2.334741e+00 5.000000e+00
         vertex -2.487481e+01 -2.258155e+00 0.000000e+00
      endloop
   endfacet
   facet normal 7.187749e-02 -9.974135e-01 0.000000e+00
      outer loop
         vertex -2.457522e+01 -2.169497e+00 5.000000e+00
         vertex -2.457522e+01 -2.169497e+00 0.000000e+00
         vertex -2.442956e+01 -2.159000e+00 0.000000e+00
      endloop
   endfacet
   facet normal 7.187749e-02 -9.974135e-01 0.000000e+00
      outer loop
         vertex -2.442956e+01 -2.159000e+00 5.000000e+00
         vertex -2.457522e+01 -2.169497e+00 5.000000e+00
         vertex -2.442956e+01 -2.159000e+00 0.000000e+00
      endloop
   endfacet
   facet normal 2.141421e-01 -9.768025e-01 0.000000e+00
      outer loop
         vertex -2.471787e+01 -2.200770e+00 5.000000e+00
         vertex -2.471787e+01 -2.200770e+00 0.000000e+00
         vertex -2.457522e+01 -2.169497e+00 0.000000e+00
      endloop
   endfacet
   facet normal 2.141421e-01 -9.768025e-01 0.000000e+00
      outer loop
         vertex -2.457522e+01 -2.169497e+00 5.000000e+00
         vertex -2.471787e+01 -2.200770e+00 5.000000e+00
         vertex -2.457522e+01 -2.169497e+00 0.000000e+00
      endloop
   endfacet
   facet normal -9.657303e-01 2.595477e-01 0.000000e+00
      outer loop
         vertex -2.472329e+01 -1.503991e-01 0.000000e+00
         vertex -2.473389e+01 -1.898650e-01 0.000000e+00
         vertex -2.473389e+01 -1.898650e-01 5.000000e+00
      endloop
   endfacet
   facet normal -9.657303e-01 2.595477e-01 0.000000e+00
      outer loop
         vertex -2.472329e+01 -1.503991e-01 0.000000e+00
         vertex -2.473389e+01 -1.898650e-01 5.000000e+00
         vertex -2.472329e+01 -1.503991e-01 5.000000e+00
      endloop
   endfacet
   facet normal -9.957942e-01 -9.161855e-02 0.000000e+00
      outer loop
         vertex -2.473389e+01 -1.898650e-01 0.000000e+00
         vertex -2.473015e+01 -2.305596e-01 0.000000e+00
         vertex -2.473015e+01 -2.305596e-01 5.000000e+00
      endloop
   endfacet
   facet normal -9.957942e-01 -9.161855e-02 0.000000e+00
      outer loop
         vertex -2.473389e+01 -1.898650e-01 0.000000e+00
         vertex -2.473015e+01 -2.305596e-01 5.000000e+00
         vertex -2.473389e+01 -1.898650e-01 5.000000e+00
      endloop
   endfacet
   facet normal -7.838226e-01 6.209848e-01 0.000000e+00
      outer loop
         vertex -2.469191e+01 -1.021018e-01 0.000000e+00
         vertex -2.470987e+01 -1.247733e-01 0.000000e+00
         vertex -2.470987e+01 -1.247733e-01 5.000000e+00
      endloop
   endfacet
   facet normal -7.838226e-01 6.209848e-01 0.000000e+00
      outer loop
         vertex -2.469191e+01 -1.021018e-01 0.000000e+00
         vertex -2.470987e+01 -1.247733e-01 5.000000e+00
         vertex -2.469191e+01 -1.021018e-01 5.000000e+00
      endloop
   endfacet
   facet normal -8.859547e-01 4.637718e-01 0.000000e+00
      outer loop
         vertex -2.470987e+01 -1.247733e-01 0.000000e+00
         vertex -2.472329e+01 -1.503991e-01 0.000000e+00
         vertex -2.472329e+01 -1.503991e-01 5.000000e+00
      endloop
   endfacet
   facet normal -8.859547e-01 4.637718e-01 0.000000e+00
      outer loop
         vertex -2.470987e+01 -1.247733e-01 0.000000e+00
         vertex -2.472329e+01 -1.503991e-01 5.000000e+00
         vertex -2.470987e+01 -1.247733e-01 5.000000e+00
      endloop
   endfacet
   facet normal -5.923599e-01 8.056735e-01 0.000000e+00
      outer loop
         vertex -2.461993e+01 -4.249870e-02 0.000000e+00
         vertex -2.465764e+01 -7.022317e-02 0.000000e+00
         vertex -2.465764e+01 -7.022317e-02 5.000000e+00
      endloop
   endfacet
   facet normal -5.923599e-01 8.056735e-01 0.000000e+00
      outer loop
         vertex -2.461993e+01 -4.249870e-02 0.000000e+00
         vertex -2.465764e+01 -7.022317e-02 5.000000e+00
         vertex -2.461993e+01 -4.249870e-02 5.000000e+00
      endloop
   endfacet
   facet normal -6.811063e-01 7.321845e-01 0.000000e+00
      outer loop
         vertex -2.465764e+01 -7.022317e-02 0.000000e+00
         vertex -2.469191e+01 -1.021018e-01 0.000000e+00
         vertex -2.469191e+01 -1.021018e-01 5.000000e+00
      endloop
   endfacet
   facet normal -6.811063e-01 7.321845e-01 0.000000e+00
      outer loop
         vertex -2.465764e+01 -7.022317e-02 0.000000e+00
         vertex -2.469191e+01 -1.021018e-01 5.000000e+00
         vertex -2.465764e+01 -7.022317e-02 5.000000e+00
      endloop
   endfacet
   facet normal -3.304296e-01 9.438306e-01 0.000000e+00
      outer loop
         vertex -2.454042e+01 -9.349816e-03 0.000000e+00
         vertex -2.458114e+01 -2.360631e-02 0.000000e+00
         vertex -2.458114e+01 -2.360631e-02 5.000000e+00
      endloop
   endfacet
   facet normal -3.304296e-01 9.438306e-01 0.000000e+00
      outer loop
         vertex -2.454042e+01 -9.349816e-03 0.000000e+00
         vertex -2.458114e+01 -2.360631e-02 5.000000e+00
         vertex -2.454042e+01 -9.349816e-03 5.000000e+00
      endloop
   endfacet
   facet normal -4.378723e-01 8.990372e-01 0.000000e+00
      outer loop
         vertex -2.458114e+01 -2.360631e-02 0.000000e+00
         vertex -2.461993e+01 -4.249870e-02 0.000000e+00
         vertex -2.461993e+01 -4.249870e-02 5.000000e+00
      endloop
   endfacet
   facet normal -4.378723e-01 8.990372e-01 0.000000e+00
      outer loop
         vertex -2.458114e+01 -2.360631e-02 0.000000e+00
         vertex -2.461993e+01 -4.249870e-02 5.000000e+00
         vertex -2.458114e+01 -2.360631e-02 5.000000e+00
      endloop
   endfacet
   facet normal -6.957479e-02 9.975767e-01 0.000000e+00
      outer loop
         vertex -2.446900e+01 6.614280e-04 0.000000e+00
         vertex -2.450506e+01 -1.853557e-03 0.000000e+00
         vertex -2.450506e+01 -1.853557e-03 5.000000e+00
      endloop
   endfacet
   facet normal -6.957479e-02 9.975767e-01 0.000000e+00
      outer loop
         vertex -2.446900e+01 6.614280e-04 0.000000e+00
         vertex -2.450506e+01 -1.853557e-03 5.000000e+00
         vertex -2.446900e+01 6.614280e-04 5.000000e+00
      endloop
   endfacet
   facet normal -2.073658e-01 9.782635e-01 0.000000e+00
      outer loop
         vertex -2.450506e+01 -1.853557e-03 0.000000e+00
         vertex -2.454042e+01 -9.349816e-03 0.000000e+00
         vertex -2.454042e+01 -9.349816e-03 5.000000e+00
      endloop
   endfacet
   facet normal -2.073658e-01 9.782635e-01 0.000000e+00
      outer loop
         vertex -2.450506e+01 -1.853557e-03 0.000000e+00
         vertex -2.454042e+01 -9.349816e-03 5.000000e+00
         vertex -2.450506e+01 -1.853557e-03 5.000000e+00
      endloop
   endfacet
   facet normal 3.014179e-01 9.534921e-01 -0.000000e+00
      outer loop
         vertex -2.439016e+01 -1.475881e-02 0.000000e+00
         vertex -2.442870e+01 -2.574379e-03 0.000000e+00
         vertex -2.442870e+01 -2.574379e-03 5.000000e+00
      endloop
   endfacet
   facet normal 3.014179e-01 9.534921e-01 0.000000e+00
      outer loop
         vertex -2.439016e+01 -1.475881e-02 0.000000e+00
         vertex -2.442870e+01 -2.574379e-03 5.000000e+00
         vertex -2.439016e+01 -1.475881e-02 5.000000e+00
      endloop
   endfacet
   facet normal 8.004597e-02 9.967912e-01 -0.000000e+00
      outer loop
         vertex -2.442870e+01 -2.574379e-03 0.000000e+00
         vertex -2.446900e+01 6.614280e-04 0.000000e+00
         vertex -2.446900e+01 6.614280e-04 5.000000e+00
      endloop
   endfacet
   facet normal 8.004597e-02 9.967912e-01 0.000000e+00
      outer loop
         vertex -2.442870e+01 -2.574379e-03 0.000000e+00
         vertex -2.446900e+01 6.614280e-04 5.000000e+00
         vertex -2.442870e+01 -2.574379e-03 5.000000e+00
      endloop
   endfacet
   facet normal 9.030694e-01 4.294946e-01 -0.000000e+00
      outer loop
         vertex -2.434869e+01 -7.639847e-02 0.000000e+00
         vertex -2.436482e+01 -4.248206e-02 0.000000e+00
         vertex -2.436482e+01 -4.248206e-02 5.000000e+00
      endloop
   endfacet
   facet normal 9.030694e-01 4.294946e-01 0.000000e+00
      outer loop
         vertex -2.434869e+01 -7.639847e-02 0.000000e+00
         vertex -2.436482e+01 -4.248206e-02 5.000000e+00
         vertex -2.434869e+01 -7.639847e-02 5.000000e+00
      endloop
   endfacet
   facet normal 7.381834e-01 6.746001e-01 -0.000000e+00
      outer loop
         vertex -2.436482e+01 -4.248206e-02 0.000000e+00
         vertex -2.439016e+01 -1.475881e-02 0.000000e+00
         vertex -2.439016e+01 -1.475881e-02 5.000000e+00
      endloop
   endfacet
   facet normal 7.381834e-01 6.746001e-01 0.000000e+00
      outer loop
         vertex -2.436482e+01 -4.248206e-02 0.000000e+00
         vertex -2.439016e+01 -1.475881e-02 5.000000e+00
         vertex -2.436482e+01 -4.248206e-02 5.000000e+00
      endloop
   endfacet
   facet normal 9.599321e-01 2.802328e-01 -0.000000e+00
      outer loop
         vertex -2.383032e+01 -1.852083e+00 0.000000e+00
         vertex -2.434869e+01 -7.639847e-02 0.000000e+00
         vertex -2.434869e+01 -7.639847e-02 5.000000e+00
      endloop
   endfacet
   facet normal 9.599321e-01 2.802328e-01 0.000000e+00
      outer loop
         vertex -2.383032e+01 -1.852083e+00 0.000000e+00
         vertex -2.434869e+01 -7.639847e-02 5.000000e+00
         vertex -2.383032e+01 -1.852083e+00 5.000000e+00
      endloop
   endfacet
   facet normal 0.000000e+00 1.000000e+00 0.000000e+00
      outer loop
         vertex -2.319350e+01 -1.852083e+00 0.000000e+00
         vertex -2.383032e+01 -1.852083e+00 0.000000e+00
         vertex -2.383032e+01 -1.852083e+00 5.000000e+00
      endloop
   endfacet
   facet normal -0.000000e+00 1.000000e+00 0.000000e+00
      outer loop
         vertex -2.319350e+01 -1.852083e+00 0.000000e+00
         vertex -2.383032e+01 -1.852083e+00 5.000000e+00
         vertex -2.319350e+01 -1.852083e+00 5.000000e+00
      endloop
   endfacet
   facet normal -9.256950e-01 3.782708e-01 0.000000e+00
      outer loop
         vertex -2.249938e+01 -1.534583e-01 0.000000e+00
         vertex -2.319350e+01 -1.852083e+00 0.000000e+00
         vertex -2.319350e+01 -1.852083e+00 5.000000e+00
      endloop
   endfacet
   facet normal -9.256950e-01 3.782708e-01 0.000000e+00
      outer loop
         vertex -2.249938e+01 -1.534583e-01 0.000000e+00
         vertex -2.319350e+01 -1.852083e+00 5.000000e+00
         vertex -2.249938e+01 -1.534583e-01 5.000000e+00
      endloop
   endfacet
   facet normal -8.104016e-01 5.858748e-01 0.000000e+00
      outer loop
         vertex -2.245940e+01 -8.774590e-02 0.000000e+00
         vertex -2.248200e+01 -1.190125e-01 0.000000e+00
         vertex -2.248200e+01 -1.190125e-01 5.000000e+00
      endloop
   endfacet
   facet normal -8.104016e-01 5.858748e-01 0.000000e+00
      outer loop
         vertex -2.245940e+01 -8.774590e-02 0.000000e+00
         vertex -2.248200e+01 -1.190125e-01 5.000000e+00
         vertex -2.245940e+01 -8.774590e-02 5.000000e+00
      endloop
   endfacet
   facet normal -8.927952e-01 4.504628e-01 0.000000e+00
      outer loop
         vertex -2.248200e+01 -1.190125e-01 0.000000e+00
         vertex -2.249938e+01 -1.534583e-01 0.000000e+00
         vertex -2.249938e+01 -1.534583e-01 5.000000e+00
      endloop
   endfacet
   facet normal -8.927952e-01 4.504628e-01 0.000000e+00
      outer loop
         vertex -2.248200e+01 -1.190125e-01 0.000000e+00
         vertex -2.249938e+01 -1.534583e-01 5.000000e+00
         vertex -2.248200e+01 -1.190125e-01 5.000000e+00
      endloop
   endfacet
   facet normal -5.917250e-01 8.061399e-01 0.000000e+00
      outer loop
         vertex -2.239966e+01 -3.633890e-02 0.000000e+00
         vertex -2.243152e+01 -5.972512e-02 0.000000e+00
         vertex -2.243152e+01 -5.972512e-02 5.000000e+00
      endloop
   endfacet
   facet normal -5.917250e-01 8.061399e-01 0.000000e+00
      outer loop
         vertex -2.239966e+01 -3.633890e-02 0.000000e+00
         vertex -2.243152e+01 -5.972512e-02 5.000000e+00
         vertex -2.239966e+01 -3.633890e-02 5.000000e+00
      endloop
   endfacet
   facet normal -7.089854e-01 7.052231e-01 0.000000e+00
      outer loop
         vertex -2.243152e+01 -5.972512e-02 0.000000e+00
         vertex -2.245940e+01 -8.774590e-02 0.000000e+00
         vertex -2.245940e+01 -8.774590e-02 5.000000e+00
      endloop
   endfacet
   facet normal -7.089854e-01 7.052231e-01 0.000000e+00
      outer loop
         vertex -2.243152e+01 -5.972512e-02 0.000000e+00
         vertex -2.245940e+01 -8.774590e-02 5.000000e+00
         vertex -2.243152e+01 -5.972512e-02 5.000000e+00
      endloop
   endfacet
   facet normal -3.043511e-01 9.525599e-01 0.000000e+00
      outer loop
         vertex -2.233015e+01 -9.030613e-03 0.000000e+00
         vertex -2.236580e+01 -2.041996e-02 0.000000e+00
         vertex -2.236580e+01 -2.041996e-02 5.000000e+00
      endloop
   endfacet
   facet normal -3.043511e-01 9.525599e-01 0.000000e+00
      outer loop
         vertex -2.233015e+01 -9.030613e-03 0.000000e+00
         vertex -2.236580e+01 -2.041996e-02 5.000000e+00
         vertex -2.233015e+01 -9.030613e-03 5.000000e+00
      endloop
   endfacet
   facet normal -4.254136e-01 9.049990e-01 0.000000e+00
      outer loop
         vertex -2.236580e+01 -2.041996e-02 0.000000e+00
         vertex -2.239966e+01 -3.633890e-02 0.000000e+00
         vertex -2.239966e+01 -3.633890e-02 5.000000e+00
      endloop
   endfacet
   facet normal -4.254136e-01 9.049990e-01 0.000000e+00
      outer loop
         vertex -2.236580e+01 -2.041996e-02 0.000000e+00
         vertex -2.239966e+01 -3.633890e-02 5.000000e+00
         vertex -2.236580e+01 -2.041996e-02 5.000000e+00
      endloop
   endfacet
   facet normal -6.100983e-02 9.981372e-01 0.000000e+00
      outer loop
         vertex -2.225117e+01 6.614280e-04 0.000000e+00
         vertex -2.229096e+01 -1.770635e-03 0.000000e+00
         vertex -2.229096e+01 -1.770635e-03 5.000000e+00
      endloop
   endfacet
   facet normal -6.100983e-02 9.981372e-01 0.000000e+00
      outer loop
         vertex -2.225117e+01 6.614280e-04 0.000000e+00
         vertex -2.229096e+01 -1.770635e-03 5.000000e+00
         vertex -2.225117e+01 6.614280e-04 5.000000e+00
      endloop
   endfacet
   facet normal -1.821246e-01 9.832755e-01 0.000000e+00
      outer loop
         vertex -2.229096e+01 -1.770635e-03 0.000000e+00
         vertex -2.233015e+01 -9.030613e-03 0.000000e+00
         vertex -2.233015e+01 -9.030613e-03 5.000000e+00
      endloop
   endfacet
   facet normal -1.821246e-01 9.832755e-01 0.000000e+00
      outer loop
         vertex -2.229096e+01 -1.770635e-03 0.000000e+00
         vertex -2.233015e+01 -9.030613e-03 5.000000e+00
         vertex -2.229096e+01 -1.770635e-03 5.000000e+00
      endloop
   endfacet
   facet normal 2.320254e-01 9.727097e-01 -0.000000e+00
      outer loop
         vertex -2.221895e+01 -4.409384e-03 0.000000e+00
         vertex -2.223486e+01 -6.140285e-04 0.000000e+00
         vertex -2.223486e+01 -6.140285e-04 5.000000e+00
      endloop
   endfacet
   facet normal 2.320254e-01 9.727097e-01 0.000000e+00
      outer loop
         vertex -2.221895e+01 -4.409384e-03 0.000000e+00
         vertex -2.223486e+01 -6.140285e-04 5.000000e+00
         vertex -2.221895e+01 -4.409384e-03 5.000000e+00
      endloop
   endfacet
   facet normal 7.796411e-02 9.969562e-01 -0.000000e+00
      outer loop
         vertex -2.223486e+01 -6.140285e-04 0.000000e+00
         vertex -2.225117e+01 6.614280e-04 0.000000e+00
         vertex -2.225117e+01 6.614280e-04 5.000000e+00
      endloop
   endfacet
   facet normal 7.796411e-02 9.969562e-01 0.000000e+00
      outer loop
         vertex -2.223486e+01 -6.140285e-04 0.000000e+00
         vertex -2.225117e+01 6.614280e-04 5.000000e+00
         vertex -2.223486e+01 -6.140285e-04 5.000000e+00
      endloop
   endfacet
   facet normal 3.879708e-01 9.216717e-01 -0.000000e+00
      outer loop
         vertex -2.213665e+01 -3.629756e-02 0.000000e+00
         vertex -2.217734e+01 -1.917043e-02 0.000000e+00
         vertex -2.217734e+01 -1.917043e-02 5.000000e+00
      endloop
   endfacet
   facet normal 3.879708e-01 9.216717e-01 0.000000e+00
      outer loop
         vertex -2.213665e+01 -3.629756e-02 0.000000e+00
         vertex -2.217734e+01 -1.917043e-02 5.000000e+00
         vertex -2.213665e+01 -3.629756e-02 5.000000e+00
      endloop
   endfacet
   facet normal 3.343556e-01 9.424470e-01 -0.000000e+00
      outer loop
         vertex -2.217734e+01 -1.917043e-02 0.000000e+00
         vertex -2.221895e+01 -4.409384e-03 0.000000e+00
         vertex -2.221895e+01 -4.409384e-03 5.000000e+00
      endloop
   endfacet
   facet normal 3.343556e-01 9.424470e-01 0.000000e+00
      outer loop
         vertex -2.217734e+01 -1.917043e-02 0.000000e+00
         vertex -2.221895e+01 -4.409384e-03 5.000000e+00
         vertex -2.217734e+01 -1.917043e-02 5.000000e+00
      endloop
   endfacet
   facet normal 8.880339e-01 4.597779e-01 -0.000000e+00
      outer loop
         vertex -2.211514e+01 -7.785230e-02 0.000000e+00
         vertex -2.213665e+01 -3.629756e-02 0.000000e+00
         vertex -2.213665e+01 -3.629756e-02 5.000000e+00
      endloop
   endfacet
   facet normal 8.880339e-01 4.597779e-01 0.000000e+00
      outer loop
         vertex -2.211514e+01 -7.785230e-02 0.000000e+00
         vertex -2.213665e+01 -3.629756e-02 5.000000e+00
         vertex -2.211514e+01 -7.785230e-02 5.000000e+00
      endloop
   endfacet
   facet normal 9.837484e-01 -1.795522e-01 0.000000e+00
      outer loop
         vertex -2.212892e+01 -1.533757e-01 0.000000e+00
         vertex -2.211514e+01 -7.785230e-02 0.000000e+00
         vertex -2.211514e+01 -7.785230e-02 5.000000e+00
      endloop
   endfacet
   facet normal 9.837484e-01 -1.795522e-01 0.000000e+00
      outer loop
         vertex -2.212892e+01 -1.533757e-01 0.000000e+00
         vertex -2.211514e+01 -7.785230e-02 5.000000e+00
         vertex -2.212892e+01 -1.533757e-01 5.000000e+00
      endloop
   endfacet
   facet normal 9.256920e-01 -3.782780e-01 0.000000e+00
      outer loop
         vertex -2.376566e+01 -4.158671e+00 0.000000e+00
         vertex -2.212892e+01 -1.533757e-01 0.000000e+00
         vertex -2.212892e+01 -1.533757e-01 5.000000e+00
      endloop
   endfacet
   facet normal 9.256920e-01 -3.782780e-01 0.000000e+00
      outer loop
         vertex -2.376566e+01 -4.158671e+00 0.000000e+00
         vertex -2.212892e+01 -1.533757e-01 5.000000e+00
         vertex -2.376566e+01 -4.158671e+00 5.000000e+00
      endloop
   endfacet
   facet normal 8.104394e-01 -5.858225e-01 0.000000e+00
      outer loop
         vertex -2.381028e+01 -4.232009e+00 0.000000e+00
         vertex -2.378506e+01 -4.197113e+00 0.000000e+00
         vertex -2.378506e+01 -4.197113e+00 5.000000e+00
      endloop
   endfacet
   facet normal 8.104394e-01 -5.858225e-01 0.000000e+00
      outer loop
         vertex -2.381028e+01 -4.232009e+00 0.000000e+00
         vertex -2.378506e+01 -4.197113e+00 5.000000e+00
         vertex -2.381028e+01 -4.232009e+00 5.000000e+00
      endloop
   endfacet
   facet normal 8.927956e-01 -4.504621e-01 0.000000e+00
      outer loop
         vertex -2.378506e+01 -4.197113e+00 0.000000e+00
         vertex -2.376566e+01 -4.158671e+00 0.000000e+00
         vertex -2.376566e+01 -4.158671e+00 5.000000e+00
      endloop
   endfacet
   facet normal 8.927956e-01 -4.504621e-01 0.000000e+00
      outer loop
         vertex -2.378506e+01 -4.197113e+00 0.000000e+00
         vertex -2.376566e+01 -4.158671e+00 5.000000e+00
         vertex -2.378506e+01 -4.197113e+00 5.000000e+00
      endloop
   endfacet
   facet normal 5.606222e-01 -8.280717e-01 0.000000e+00
      outer loop
         vertex -2.386880e+01 -4.279846e+00 0.000000e+00
         vertex -2.383737e+01 -4.258573e+00 0.000000e+00
         vertex -2.383737e+01 -4.258573e+00 5.000000e+00
      endloop
   endfacet
   facet normal 5.606222e-01 -8.280717e-01 0.000000e+00
      outer loop
         vertex -2.386880e+01 -4.279846e+00 0.000000e+00
         vertex -2.383737e+01 -4.258573e+00 5.000000e+00
         vertex -2.386880e+01 -4.279846e+00 5.000000e+00
      endloop
   endfacet
   facet normal 7.000850e-01 -7.140595e-01 0.000000e+00
      outer loop
         vertex -2.383737e+01 -4.258573e+00 0.000000e+00
         vertex -2.381028e+01 -4.232009e+00 0.000000e+00
         vertex -2.381028e+01 -4.232009e+00 5.000000e+00
      endloop
   endfacet
   facet normal 7.000850e-01 -7.140595e-01 0.000000e+00
      outer loop
         vertex -2.383737e+01 -4.258573e+00 0.000000e+00
         vertex -2.381028e+01 -4.232009e+00 5.000000e+00
         vertex -2.383737e+01 -4.258573e+00 5.000000e+00
      endloop
   endfacet
   facet normal 2.892648e-01 -9.572491e-01 0.000000e+00
      outer loop
         vertex -2.393064e+01 -4.303406e+00 0.000000e+00
         vertex -2.389889e+01 -4.293810e+00 0.000000e+00
         vertex -2.389889e+01 -4.293810e+00 5.000000e+00
      endloop
   endfacet
   facet normal 2.892648e-01 -9.572491e-01 0.000000e+00
      outer loop
         vertex -2.393064e+01 -4.303406e+00 0.000000e+00
         vertex -2.389889e+01 -4.293810e+00 5.000000e+00
         vertex -2.393064e+01 -4.303406e+00 5.000000e+00
      endloop
   endfacet
   facet normal 4.209542e-01 -9.070819e-01 0.000000e+00
      outer loop
         vertex -2.389889e+01 -4.293810e+00 0.000000e+00
         vertex -2.386880e+01 -4.279846e+00 0.000000e+00
         vertex -2.386880e+01 -4.279846e+00 5.000000e+00
      endloop
   endfacet
   facet normal 4.209542e-01 -9.070819e-01 0.000000e+00
      outer loop
         vertex -2.389889e+01 -4.293810e+00 0.000000e+00
         vertex -2.386880e+01 -4.279846e+00 5.000000e+00
         vertex -2.389889e+01 -4.293810e+00 5.000000e+00
      endloop
   endfacet
   facet normal 5.570209e-02 -9.984474e-01 0.000000e+00
      outer loop
         vertex -2.401375e+01 -4.312708e+00 0.000000e+00
         vertex -2.397193e+01 -4.310376e+00 0.000000e+00
         vertex -2.397193e+01 -4.310376e+00 5.000000e+00
      endloop
   endfacet
   facet normal 5.570209e-02 -9.984474e-01 0.000000e+00
      outer loop
         vertex -2.401375e+01 -4.312708e+00 0.000000e+00
         vertex -2.397193e+01 -4.310376e+00 5.000000e+00
         vertex -2.401375e+01 -4.312708e+00 5.000000e+00
      endloop
   endfacet
   facet normal 1.664334e-01 -9.860527e-01 0.000000e+00
      outer loop
         vertex -2.397193e+01 -4.310376e+00 0.000000e+00
         vertex -2.393064e+01 -4.303406e+00 0.000000e+00
         vertex -2.393064e+01 -4.303406e+00 5.000000e+00
      endloop
   endfacet
   facet normal 1.664334e-01 -9.860527e-01 0.000000e+00
      outer loop
         vertex -2.397193e+01 -4.310376e+00 0.000000e+00
         vertex -2.393064e+01 -4.303406e+00 5.000000e+00
         vertex -2.397193e+01 -4.310376e+00 5.000000e+00
      endloop
   endfacet
   facet normal 0.000000e+00 -1.000000e+00 0.000000e+00
      outer loop
         vertex -2.530967e+01 -4.312708e+00 0.000000e+00
         vertex -2.401375e+01 -4.312708e+00 0.000000e+00
         vertex -2.401375e+01 -4.312708e+00 5.000000e+00
      endloop
   endfacet
   facet normal -0.000000e+00 -1.000000e+00 0.000000e+00
      outer loop
         vertex -2.530967e+01 -4.312708e+00 0.000000e+00
         vertex -2.401375e+01 -4.312708e+00 5.000000e+00
         vertex -2.530967e+01 -4.312708e+00 5.000000e+00
      endloop
   endfacet
   facet normal -2.400752e-01 -9.707543e-01 0.000000e+00
      outer loop
         vertex -2.568410e+01 -4.251657e+00 0.000000e+00
         vertex -2.549936e+01 -4.297345e+00 0.000000e+00
         vertex -2.549936e+01 -4.297345e+00 5.000000e+00
      endloop
   endfacet
   facet normal -2.400752e-01 -9.707543e-01 0.000000e+00
      outer loop
         vertex -2.568410e+01 -4.251657e+00 0.000000e+00
         vertex -2.549936e+01 -4.297345e+00 5.000000e+00
         vertex -2.568410e+01 -4.251657e+00 5.000000e+00
      endloop
   endfacet
   facet normal -8.072700e-02 -9.967362e-01 0.000000e+00
      outer loop
         vertex -2.549936e+01 -4.297345e+00 0.000000e+00
         vertex -2.530967e+01 -4.312708e+00 0.000000e+00
         vertex -2.530967e+01 -4.312708e+00 5.000000e+00
      endloop
   endfacet
   facet normal -8.072700e-02 -9.967362e-01 0.000000e+00
      outer loop
         vertex -2.549936e+01 -4.297345e+00 0.000000e+00
         vertex -2.530967e+01 -4.312708e+00 5.000000e+00
         vertex -2.549936e+01 -4.297345e+00 5.000000e+00
      endloop
   endfacet
   facet normal -6.051564e-01 -7.961066e-01 0.000000e+00
      outer loop
         vertex -2.592628e+01 -4.106138e+00 0.000000e+00
         vertex -2.581314e+01 -4.192137e+00 0.000000e+00
         vertex -2.581314e+01 -4.192137e+00 5.000000e+00
      endloop
   endfacet
   facet normal -6.051564e-01 -7.961066e-01 0.000000e+00
      outer loop
         vertex -2.592628e+01 -4.106138e+00 0.000000e+00
         vertex -2.581314e+01 -4.192137e+00 5.000000e+00
         vertex -2.592628e+01 -4.106138e+00 5.000000e+00
      endloop
   endfacet
   facet normal -4.188381e-01 -9.080609e-01 0.000000e+00
      outer loop
         vertex -2.581314e+01 -4.192137e+00 0.000000e+00
         vertex -2.568410e+01 -4.251657e+00 0.000000e+00
         vertex -2.568410e+01 -4.251657e+00 5.000000e+00
      endloop
   endfacet
   facet normal -4.188381e-01 -9.080609e-01 0.000000e+00
      outer loop
         vertex -2.581314e+01 -4.192137e+00 0.000000e+00
         vertex -2.568410e+01 -4.251657e+00 5.000000e+00
         vertex -2.581314e+01 -4.192137e+00 5.000000e+00
      endloop
   endfacet
   facet normal -7.335808e-01 -6.796022e-01 0.000000e+00
      outer loop
         vertex -2.598454e+01 -4.043247e+00 0.000000e+00
         vertex -2.592628e+01 -4.106138e+00 0.000000e+00
         vertex -2.592628e+01 -4.106138e+00 5.000000e+00
      endloop
   endfacet
   facet normal -7.335808e-01 -6.796022e-01 0.000000e+00
      outer loop
         vertex -2.598454e+01 -4.043247e+00 0.000000e+00
         vertex -2.592628e+01 -4.106138e+00 5.000000e+00
         vertex -2.598454e+01 -4.043247e+00 5.000000e+00
      endloop
   endfacet
   facet normal -9.073532e-01 -4.203691e-01 0.000000e+00
      outer loop
         vertex -2.607940e+01 -3.876416e+00 0.000000e+00
         vertex -2.603893e+01 -3.963786e+00 0.000000e+00
         vertex -2.603893e+01 -3.963786e+00 5.000000e+00
      endloop
   endfacet
   facet normal -9.073532e-01 -4.203691e-01 0.000000e+00
      outer loop
         vertex -2.607940e+01 -3.876416e+00 0.000000e+00
         vertex -2.603893e+01 -3.963786e+00 5.000000e+00
         vertex -2.607940e+01 -3.876416e+00 5.000000e+00
      endloop
   endfacet
   facet normal -8.252192e-01 -5.648125e-01 0.000000e+00
      outer loop
         vertex -2.603893e+01 -3.963786e+00 0.000000e+00
         vertex -2.598454e+01 -4.043247e+00 0.000000e+00
         vertex -2.598454e+01 -4.043247e+00 5.000000e+00
      endloop
   endfacet
   facet normal -8.252192e-01 -5.648125e-01 0.000000e+00
      outer loop
         vertex -2.603893e+01 -3.963786e+00 0.000000e+00
         vertex -2.598454e+01 -4.043247e+00 5.000000e+00
         vertex -2.603893e+01 -3.963786e+00 5.000000e+00
      endloop
   endfacet
   facet normal -9.957435e-01 -9.216782e-02 0.000000e+00
      outer loop
         vertex -2.611231e+01 -3.693925e+00 0.000000e+00
         vertex -2.610374e+01 -3.786591e+00 0.000000e+00
         vertex -2.610374e+01 -3.786591e+00 5.000000e+00
      endloop
   endfacet
   facet normal -9.957435e-01 -9.216782e-02 0.000000e+00
      outer loop
         vertex -2.611231e+01 -3.693925e+00 0.000000e+00
         vertex -2.610374e+01 -3.786591e+00 5.000000e+00
         vertex -2.611231e+01 -3.693925e+00 5.000000e+00
      endloop
   endfacet
   facet normal -9.652143e-01 -2.614602e-01 0.000000e+00
      outer loop
         vertex -2.610374e+01 -3.786591e+00 0.000000e+00
         vertex -2.607940e+01 -3.876416e+00 0.000000e+00
         vertex -2.607940e+01 -3.876416e+00 5.000000e+00
      endloop
   endfacet
   facet normal -9.652143e-01 -2.614602e-01 0.000000e+00
      outer loop
         vertex -2.610374e+01 -3.786591e+00 0.000000e+00
         vertex -2.607940e+01 -3.876416e+00 5.000000e+00
         vertex -2.610374e+01 -3.786591e+00 5.000000e+00
      endloop
   endfacet
   facet normal -9.876189e-01 1.568720e-01 0.000000e+00
      outer loop
         vertex -2.609793e+01 -3.554662e+00 0.000000e+00
         vertex -2.610892e+01 -3.623900e+00 0.000000e+00
         vertex -2.610892e+01 -3.623900e+00 5.000000e+00
      endloop
   endfacet
   facet normal -9.876189e-01 1.568720e-01 0.000000e+00
      outer loop
         vertex -2.609793e+01 -3.554662e+00 0.000000e+00
         vertex -2.610892e+01 -3.623900e+00 5.000000e+00
         vertex -2.609793e+01 -3.554662e+00 5.000000e+00
      endloop
   endfacet
   facet normal -9.988293e-01 4.837302e-02 0.000000e+00
      outer loop
         vertex -2.610892e+01 -3.623900e+00 0.000000e+00
         vertex -2.611231e+01 -3.693925e+00 0.000000e+00
         vertex -2.611231e+01 -3.693925e+00 5.000000e+00
      endloop
   endfacet
   facet normal -9.988293e-01 4.837302e-02 0.000000e+00
      outer loop
         vertex -2.610892e+01 -3.623900e+00 0.000000e+00
         vertex -2.611231e+01 -3.693925e+00 5.000000e+00
         vertex -2.610892e+01 -3.623900e+00 5.000000e+00
      endloop
   endfacet
   facet normal -9.414114e-01 3.372603e-01 0.000000e+00
      outer loop
         vertex -2.604662e+01 -3.388816e+00 0.000000e+00
         vertex -2.607592e+01 -3.470610e+00 0.000000e+00
         vertex -2.607592e+01 -3.470610e+00 5.000000e+00
      endloop
   endfacet
   facet normal -9.414114e-01 3.372603e-01 0.000000e+00
      outer loop
         vertex -2.604662e+01 -3.388816e+00 0.000000e+00
         vertex -2.607592e+01 -3.470610e+00 5.000000e+00
         vertex -2.604662e+01 -3.388816e+00 5.000000e+00
      endloop
   endfacet
   facet normal -9.673906e-01 2.532891e-01 0.000000e+00
      outer loop
         vertex -2.607592e+01 -3.470610e+00 0.000000e+00
         vertex -2.609793e+01 -3.554662e+00 0.000000e+00
         vertex -2.609793e+01 -3.554662e+00 5.000000e+00
      endloop
   endfacet
   facet normal -9.673906e-01 2.532891e-01 0.000000e+00
      outer loop
         vertex -2.607592e+01 -3.470610e+00 0.000000e+00
         vertex -2.609793e+01 -3.554662e+00 5.000000e+00
         vertex -2.607592e+01 -3.470610e+00 5.000000e+00
      endloop
   endfacet
   facet normal -9.256997e-01 3.782594e-01 0.000000e+00
      outer loop
         vertex -2.579493e+01 -2.772875e+00 0.000000e+00
         vertex -2.604662e+01 -3.388816e+00 0.000000e+00
         vertex -2.604662e+01 -3.388816e+00 5.000000e+00
      endloop
   endfacet
   facet normal -9.256997e-01 3.782594e-01 0.000000e+00
      outer loop
         vertex -2.579493e+01 -2.772875e+00 0.000000e+00
         vertex -2.604662e+01 -3.388816e+00 5.000000e+00
         vertex -2.579493e+01 -2.772875e+00 5.000000e+00
      endloop
   endfacet
   facet normal -7.957428e-01 6.056347e-01 0.000000e+00
      outer loop
         vertex -2.558517e+01 -2.440546e+00 0.000000e+00
         vertex -2.570464e+01 -2.597506e+00 0.000000e+00
         vertex -2.570464e+01 -2.597506e+00 5.000000e+00
      endloop
   endfacet
   facet normal -7.957428e-01 6.056347e-01 0.000000e+00
      outer loop
         vertex -2.558517e+01 -2.440546e+00 0.000000e+00
         vertex -2.570464e+01 -2.597506e+00 5.000000e+00
         vertex -2.558517e+01 -2.440546e+00 5.000000e+00
      endloop
   endfacet
   facet normal -8.890731e-01 4.577653e-01 0.000000e+00
      outer loop
         vertex -2.570464e+01 -2.597506e+00 0.000000e+00
         vertex -2.579493e+01 -2.772875e+00 0.000000e+00
         vertex -2.579493e+01 -2.772875e+00 5.000000e+00
      endloop
   endfacet
   facet normal -8.890731e-01 4.577653e-01 0.000000e+00
      outer loop
         vertex -2.570464e+01 -2.597506e+00 0.000000e+00
         vertex -2.579493e+01 -2.772875e+00 5.000000e+00
         vertex -2.570464e+01 -2.597506e+00 5.000000e+00
      endloop
   endfacet
   facet normal -5.851553e-01 8.109213e-01 0.000000e+00
      outer loop
         vertex -2.520388e+01 -2.123095e+00 0.000000e+00
         vertex -2.540553e+01 -2.268605e+00 0.000000e+00
         vertex -2.540553e+01 -2.268605e+00 5.000000e+00
      endloop
   endfacet
   facet normal -5.851553e-01 8.109213e-01 0.000000e+00
      outer loop
         vertex -2.520388e+01 -2.123095e+00 0.000000e+00
         vertex -2.540553e+01 -2.268605e+00 5.000000e+00
         vertex -2.520388e+01 -2.123095e+00 5.000000e+00
      endloop
   endfacet
   facet normal -6.914413e-01 7.224327e-01 0.000000e+00
      outer loop
         vertex -2.540553e+01 -2.268605e+00 0.000000e+00
         vertex -2.558517e+01 -2.440546e+00 0.000000e+00
         vertex -2.558517e+01 -2.440546e+00 5.000000e+00
      endloop
   endfacet
   facet normal -6.914413e-01 7.224327e-01 0.000000e+00
      outer loop
         vertex -2.540553e+01 -2.268605e+00 0.000000e+00
         vertex -2.558517e+01 -2.440546e+00 5.000000e+00
         vertex -2.540553e+01 -2.268605e+00 5.000000e+00
      endloop
   endfacet
   facet normal -3.509989e-01 9.363759e-01 0.000000e+00
      outer loop
         vertex -2.474893e+01 -1.917535e+00 0.000000e+00
         vertex -2.498317e+01 -2.005339e+00 0.000000e+00
         vertex -2.498317e+01 -2.005339e+00 5.000000e+00
      endloop
   endfacet
   facet normal -3.509989e-01 9.363759e-01 0.000000e+00
      outer loop
         vertex -2.474893e+01 -1.917535e+00 0.000000e+00
         vertex -2.498317e+01 -2.005339e+00 5.000000e+00
         vertex -2.474893e+01 -1.917535e+00 5.000000e+00
      endloop
   endfacet
   facet normal -4.707282e-01 8.822783e-01 0.000000e+00
      outer loop
         vertex -2.498317e+01 -2.005339e+00 0.000000e+00
         vertex -2.520388e+01 -2.123095e+00 0.000000e+00
         vertex -2.520388e+01 -2.123095e+00 5.000000e+00
      endloop
   endfacet
   facet normal -4.707282e-01 8.822783e-01 0.000000e+00
      outer loop
         vertex -2.498317e+01 -2.005339e+00 0.000000e+00
         vertex -2.520388e+01 -2.123095e+00 5.000000e+00
         vertex -2.498317e+01 -2.005339e+00 5.000000e+00
      endloop
   endfacet
   facet normal -7.315899e-02 9.973203e-01 0.000000e+00
      outer loop
         vertex -2.430520e+01 -1.852083e+00 0.000000e+00
         vertex -2.452946e+01 -1.868534e+00 0.000000e+00
         vertex -2.452946e+01 -1.868534e+00 5.000000e+00
      endloop
   endfacet
   facet normal -7.315899e-02 9.973203e-01 0.000000e+00
      outer loop
         vertex -2.430520e+01 -1.852083e+00 0.000000e+00
         vertex -2.452946e+01 -1.868534e+00 5.000000e+00
         vertex -2.430520e+01 -1.852083e+00 5.000000e+00
      endloop
   endfacet
   facet normal -2.179082e-01 9.759693e-01 0.000000e+00
      outer loop
         vertex -2.452946e+01 -1.868534e+00 0.000000e+00
         vertex -2.474893e+01 -1.917535e+00 0.000000e+00
         vertex -2.474893e+01 -1.917535e+00 5.000000e+00
      endloop
   endfacet
   facet normal -2.179082e-01 9.759693e-01 0.000000e+00
      outer loop
         vertex -2.452946e+01 -1.868534e+00 0.000000e+00
         vertex -2.474893e+01 -1.917535e+00 5.000000e+00
         vertex -2.452946e+01 -1.868534e+00 5.000000e+00
      endloop
   endfacet
   facet normal 0.000000e+00 1.000000e+00 0.000000e+00
      outer loop
         vertex -2.425712e+01 -1.852083e+00 0.000000e+00
         vertex -2.430520e+01 -1.852083e+00 0.000000e+00
         vertex -2.430520e+01 -1.852083e+00 5.000000e+00
      endloop
   endfacet
   facet normal -0.000000e+00 1.000000e+00 0.000000e+00
      outer loop
         vertex -2.425712e+01 -1.852083e+00 0.000000e+00
         vertex -2.430520e+01 -1.852083e+00 5.000000e+00
         vertex -2.425712e+01 -1.852083e+00 5.000000e+00
      endloop
   endfacet
   facet normal -9.599870e-01 -2.800447e-01 0.000000e+00
      outer loop
         vertex -2.473015e+01 -2.305596e-01 0.000000e+00
         vertex -2.425712e+01 -1.852083e+00 0.000000e+00
         vertex -2.425712e+01 -1.852083e+00 5.000000e+00
      endloop
   endfacet
   facet normal -9.599870e-01 -2.800447e-01 0.000000e+00
      outer loop
         vertex -2.473015e+01 -2.305596e-01 0.000000e+00
         vertex -2.425712e+01 -1.852083e+00 5.000000e+00
         vertex -2.473015e+01 -2.305596e-01 5.000000e+00
      endloop
   endfacet
   facet normal -7.959889e-01 6.053112e-01 0.000000e+00
      outer loop
         vertex -1.795052e+01 -5.916736e-01 0.000000e+00
         vertex -1.807000e+01 -7.487959e-01 0.000000e+00
         vertex -1.807000e+01 -7.487959e-01 5.000000e+00
      endloop
   endfacet
   facet normal -7.959889e-01 6.053112e-01 0.000000e+00
      outer loop
         vertex -1.795052e+01 -5.916736e-01 0.000000e+00
         vertex -1.807000e+01 -7.487959e-01 5.000000e+00
         vertex -1.795052e+01 -5.916736e-01 5.000000e+00
      endloop
   endfacet
   facet normal -8.891356e-01 4.576438e-01 0.000000e+00
      outer loop
         vertex -1.807000e+01 -7.487959e-01 0.000000e+00
         vertex -1.816034e+01 -9.243054e-01 0.000000e+00
         vertex -1.816034e+01 -9.243054e-01 5.000000e+00
      endloop
   endfacet
   facet normal -8.891356e-01 4.576438e-01 0.000000e+00
      outer loop
         vertex -1.807000e+01 -7.487959e-01 0.000000e+00
         vertex -1.816034e+01 -9.243054e-01 5.000000e+00
         vertex -1.807000e+01 -7.487959e-01 5.000000e+00
      endloop
   endfacet
   facet normal -9.256885e-01 3.782867e-01 0.000000e+00
      outer loop
         vertex -1.816034e+01 -9.243054e-01 0.000000e+00
         vertex -1.948235e+01 -4.159333e+00 0.000000e+00
         vertex -1.948235e+01 -4.159333e+00 5.000000e+00
      endloop
   endfacet
   facet normal -9.256885e-01 3.782867e-01 0.000000e+00
      outer loop
         vertex -1.816034e+01 -9.243054e-01 0.000000e+00
         vertex -1.948235e+01 -4.159333e+00 5.000000e+00
         vertex -1.816034e+01 -9.243054e-01 5.000000e+00
      endloop
   endfacet
   facet normal -9.851078e-01 1.719379e-01 0.000000e+00
      outer loop
         vertex -1.948235e+01 -4.159333e+00 0.000000e+00
         vertex -1.949406e+01 -4.226431e+00 0.000000e+00
         vertex -1.949406e+01 -4.226431e+00 5.000000e+00
      endloop
   endfacet
   facet normal -9.851078e-01 1.719379e-01 0.000000e+00
      outer loop
         vertex -1.948235e+01 -4.159333e+00 0.000000e+00
         vertex -1.949406e+01 -4.226431e+00 5.000000e+00
         vertex -1.948235e+01 -4.159333e+00 5.000000e+00
      endloop
   endfacet
   facet normal -8.868575e-01 -4.620431e-01 0.000000e+00
      outer loop
         vertex -1.949406e+01 -4.226431e+00 0.000000e+00
         vertex -1.946963e+01 -4.273310e+00 0.000000e+00
         vertex -1.946963e+01 -4.273310e+00 5.000000e+00
      endloop
   endfacet
   facet normal -8.868575e-01 -4.620431e-01 0.000000e+00
      outer loop
         vertex -1.949406e+01 -4.226431e+00 0.000000e+00
         vertex -1.946963e+01 -4.273310e+00 5.000000e+00
         vertex -1.949406e+01 -4.226431e+00 5.000000e+00
      endloop
   endfacet
   facet normal -6.060396e-01 -7.954345e-01 0.000000e+00
      outer loop
         vertex -1.946963e+01 -4.273310e+00 0.000000e+00
         vertex -1.944747e+01 -4.290196e+00 0.000000e+00
         vertex -1.944747e+01 -4.290196e+00 5.000000e+00
      endloop
   endfacet
   facet normal -6.060396e-01 -7.954345e-01 0.000000e+00
      outer loop
         vertex -1.946963e+01 -4.273310e+00 0.000000e+00
         vertex -1.944747e+01 -4.290196e+00 5.000000e+00
         vertex -1.946963e+01 -4.273310e+00 5.000000e+00
      endloop
   endfacet
   facet normal -4.355802e-01 -9.001499e-01 0.000000e+00
      outer loop
         vertex -1.944747e+01 -4.290196e+00 0.000000e+00
         vertex -1.942239e+01 -4.302333e+00 0.000000e+00
         vertex -1.942239e+01 -4.302333e+00 5.000000e+00
      endloop
   endfacet
   facet normal -4.355802e-01 -9.001499e-01 0.000000e+00
      outer loop
         vertex -1.944747e+01 -4.290196e+00 0.000000e+00
         vertex -1.942239e+01 -4.302333e+00 5.000000e+00
         vertex -1.944747e+01 -4.290196e+00 5.000000e+00
      endloop
   endfacet
   facet normal -2.598572e-01 -9.656471e-01 0.000000e+00
      outer loop
         vertex -1.942239e+01 -4.302333e+00 0.000000e+00
         vertex -1.939171e+01 -4.310589e+00 0.000000e+00
         vertex -1.939171e+01 -4.310589e+00 5.000000e+00
      endloop
   endfacet
   facet normal -2.598572e-01 -9.656471e-01 0.000000e+00
      outer loop
         vertex -1.942239e+01 -4.302333e+00 0.000000e+00
         vertex -1.939171e+01 -4.310589e+00 5.000000e+00
         vertex -1.942239e+01 -4.302333e+00 5.000000e+00
      endloop
   endfacet
   facet normal -8.751099e-02 -9.961636e-01 0.000000e+00
      outer loop
         vertex -1.939171e+01 -4.310589e+00 0.000000e+00
         vertex -1.936006e+01 -4.313370e+00 0.000000e+00
         vertex -1.936006e+01 -4.313370e+00 5.000000e+00
      endloop
   endfacet
   facet normal -8.751099e-02 -9.961636e-01 0.000000e+00
      outer loop
         vertex -1.939171e+01 -4.310589e+00 0.000000e+00
         vertex -1.936006e+01 -4.313370e+00 5.000000e+00
         vertex -1.939171e+01 -4.310589e+00 5.000000e+00
      endloop
   endfacet
   facet normal 8.338026e-02 -9.965178e-01 0.000000e+00
      outer loop
         vertex -1.936006e+01 -4.313370e+00 0.000000e+00
         vertex -1.932435e+01 -4.310382e+00 0.000000e+00
         vertex -1.932435e+01 -4.310382e+00 5.000000e+00
      endloop
   endfacet
   facet normal 8.338026e-02 -9.965178e-01 0.000000e+00
      outer loop
         vertex -1.936006e+01 -4.313370e+00 0.000000e+00
         vertex -1.932435e+01 -4.310382e+00 5.000000e+00
         vertex -1.936006e+01 -4.313370e+00 5.000000e+00
      endloop
   endfacet
   facet normal 2.478420e-01 -9.688005e-01 0.000000e+00
      outer loop
         vertex -1.932435e+01 -4.310382e+00 0.000000e+00
         vertex -1.928963e+01 -4.301500e+00 0.000000e+00
         vertex -1.928963e+01 -4.301500e+00 5.000000e+00
      endloop
   endfacet
   facet normal 2.478420e-01 -9.688005e-01 0.000000e+00
      outer loop
         vertex -1.932435e+01 -4.310382e+00 0.000000e+00
         vertex -1.928963e+01 -4.301500e+00 5.000000e+00
         vertex -1.932435e+01 -4.310382e+00 5.000000e+00
      endloop
   endfacet
   facet normal 3.893283e-01 -9.210991e-01 0.000000e+00
      outer loop
         vertex -1.928963e+01 -4.301500e+00 0.000000e+00
         vertex -1.924799e+01 -4.283898e+00 0.000000e+00
         vertex -1.924799e+01 -4.283898e+00 5.000000e+00
      endloop
   endfacet
   facet normal 3.893283e-01 -9.210991e-01 0.000000e+00
      outer loop
         vertex -1.928963e+01 -4.301500e+00 0.000000e+00
         vertex -1.924799e+01 -4.283898e+00 5.000000e+00
         vertex -1.928963e+01 -4.301500e+00 5.000000e+00
      endloop
   endfacet
   facet normal 5.070989e-01 -8.618879e-01 0.000000e+00
      outer loop
         vertex -1.924799e+01 -4.283898e+00 0.000000e+00
         vertex -1.920902e+01 -4.260970e+00 0.000000e+00
         vertex -1.920902e+01 -4.260970e+00 5.000000e+00
      endloop
   endfacet
   facet normal 5.070989e-01 -8.618879e-01 0.000000e+00
      outer loop
         vertex -1.924799e+01 -4.283898e+00 0.000000e+00
         vertex -1.920902e+01 -4.260970e+00 5.000000e+00
         vertex -1.924799e+01 -4.283898e+00 5.000000e+00
      endloop
   endfacet
   facet normal 6.055207e-01 -7.958296e-01 0.000000e+00
      outer loop
         vertex -1.920902e+01 -4.260970e+00 0.000000e+00
         vertex -1.917286e+01 -4.233460e+00 0.000000e+00
         vertex -1.917286e+01 -4.233460e+00 5.000000e+00
      endloop
   endfacet
   facet normal 6.055207e-01 -7.958296e-01 0.000000e+00
      outer loop
         vertex -1.920902e+01 -4.260970e+00 0.000000e+00
         vertex -1.917286e+01 -4.233460e+00 5.000000e+00
         vertex -1.920902e+01 -4.260970e+00 5.000000e+00
      endloop
   endfacet
   facet normal 6.857657e-01 -7.278224e-01 0.000000e+00
      outer loop
         vertex -1.917286e+01 -4.233460e+00 0.000000e+00
         vertex -1.913980e+01 -4.202305e+00 0.000000e+00
         vertex -1.913980e+01 -4.202305e+00 5.000000e+00
      endloop
   endfacet
   facet normal 6.857657e-01 -7.278224e-01 0.000000e+00
      outer loop
         vertex -1.917286e+01 -4.233460e+00 0.000000e+00
         vertex -1.913980e+01 -4.202305e+00 5.000000e+00
         vertex -1.917286e+01 -4.233460e+00 5.000000e+00
      endloop
   endfacet
   facet normal 7.844332e-01 -6.202133e-01 0.000000e+00
      outer loop
         vertex -1.913980e+01 -4.202305e+00 0.000000e+00
         vertex -1.912383e+01 -4.182106e+00 0.000000e+00
         vertex -1.912383e+01 -4.182106e+00 5.000000e+00
      endloop
   endfacet
   facet normal 7.844332e-01 -6.202133e-01 0.000000e+00
      outer loop
         vertex -1.913980e+01 -4.202305e+00 0.000000e+00
         vertex -1.912383e+01 -4.182106e+00 5.000000e+00
         vertex -1.913980e+01 -4.202305e+00 5.000000e+00
      endloop
   endfacet
   facet normal 8.860348e-01 -4.636188e-01 0.000000e+00
      outer loop
         vertex -1.912383e+01 -4.182106e+00 0.000000e+00
         vertex -1.911189e+01 -4.159291e+00 0.000000e+00
         vertex -1.911189e+01 -4.159291e+00 5.000000e+00
      endloop
   endfacet
   facet normal 8.860348e-01 -4.636188e-01 0.000000e+00
      outer loop
         vertex -1.912383e+01 -4.182106e+00 0.000000e+00
         vertex -1.911189e+01 -4.159291e+00 5.000000e+00
         vertex -1.912383e+01 -4.182106e+00 5.000000e+00
      endloop
   endfacet
   facet normal 9.256944e-01 -3.782723e-01 0.000000e+00
      outer loop
         vertex -1.911189e+01 -4.159291e+00 0.000000e+00
         vertex -1.778955e+01 -9.233132e-01 0.000000e+00
         vertex -1.778955e+01 -9.233132e-01 5.000000e+00
      endloop
   endfacet
   facet normal 9.256944e-01 -3.782723e-01 0.000000e+00
      outer loop
         vertex -1.911189e+01 -4.159291e+00 0.000000e+00
         vertex -1.778955e+01 -9.233132e-01 5.000000e+00
         vertex -1.911189e+01 -4.159291e+00 5.000000e+00
      endloop
   endfacet
   facet normal 8.888469e-01 -4.582043e-01 0.000000e+00
      outer loop
         vertex -1.778955e+01 -9.233132e-01 0.000000e+00
         vertex -1.772640e+01 -8.008110e-01 0.000000e+00
         vertex -1.772640e+01 -8.008110e-01 5.000000e+00
      endloop
   endfacet
   facet normal 8.888469e-01 -4.582043e-01 0.000000e+00
      outer loop
         vertex -1.778955e+01 -9.233132e-01 0.000000e+00
         vertex -1.772640e+01 -8.008110e-01 5.000000e+00
         vertex -1.778955e+01 -9.233132e-01 5.000000e+00
      endloop
   endfacet
   facet normal 7.949718e-01 -6.066464e-01 0.000000e+00
      outer loop
         vertex -1.772640e+01 -8.008110e-01 0.000000e+00
         vertex -1.764279e+01 -6.912472e-01 0.000000e+00
         vertex -1.764279e+01 -6.912472e-01 5.000000e+00
      endloop
   endfacet
   facet normal 7.949718e-01 -6.066464e-01 0.000000e+00
      outer loop
         vertex -1.772640e+01 -8.008110e-01 0.000000e+00
         vertex -1.764279e+01 -6.912472e-01 5.000000e+00
         vertex -1.772640e+01 -8.008110e-01 5.000000e+00
      endloop
   endfacet
   facet normal 6.874305e-01 -7.262502e-01 0.000000e+00
      outer loop
         vertex -1.764279e+01 -6.912472e-01 0.000000e+00
         vertex -1.752268e+01 -5.775595e-01 0.000000e+00
         vertex -1.752268e+01 -5.775595e-01 5.000000e+00
      endloop
   endfacet
   facet normal 6.874305e-01 -7.262502e-01 0.000000e+00
      outer loop
         vertex -1.764279e+01 -6.912472e-01 0.000000e+00
         vertex -1.752268e+01 -5.775595e-01 5.000000e+00
         vertex -1.764279e+01 -6.912472e-01 5.000000e+00
      endloop
   endfacet
   facet normal 5.743378e-01 -8.186184e-01 0.000000e+00
      outer loop
         vertex -1.752268e+01 -5.775595e-01 0.000000e+00
         vertex -1.738730e+01 -4.825752e-01 0.000000e+00
         vertex -1.738730e+01 -4.825752e-01 5.000000e+00
      endloop
   endfacet
   facet normal 5.743378e-01 -8.186184e-01 0.000000e+00
      outer loop
         vertex -1.752268e+01 -5.775595e-01 0.000000e+00
         vertex -1.738730e+01 -4.825752e-01 5.000000e+00
         vertex -1.752268e+01 -5.775595e-01 5.000000e+00
      endloop
   endfacet
   facet normal 4.581863e-01 -8.888562e-01 0.000000e+00
      outer loop
         vertex -1.738730e+01 -4.825752e-01 0.000000e+00
         vertex -1.723880e+01 -4.060254e-01 0.000000e+00
         vertex -1.723880e+01 -4.060254e-01 5.000000e+00
      endloop
   endfacet
   facet normal 4.581863e-01 -8.888562e-01 0.000000e+00
      outer loop
         vertex -1.738730e+01 -4.825752e-01 0.000000e+00
         vertex -1.723880e+01 -4.060254e-01 5.000000e+00
         vertex -1.738730e+01 -4.825752e-01 5.000000e+00
      endloop
   endfacet
   facet normal 3.432894e-01 -9.392297e-01 0.000000e+00
      outer loop
         vertex -1.723880e+01 -4.060254e-01 0.000000e+00
         vertex -1.708188e+01 -3.486719e-01 0.000000e+00
         vertex -1.708188e+01 -3.486719e-01 5.000000e+00
      endloop
   endfacet
   facet normal 3.432894e-01 -9.392297e-01 0.000000e+00
      outer loop
         vertex -1.723880e+01 -4.060254e-01 0.000000e+00
         vertex -1.708188e+01 -3.486719e-01 5.000000e+00
         vertex -1.723880e+01 -4.060254e-01 5.000000e+00
      endloop
   endfacet
   facet normal 2.140642e-01 -9.768196e-01 0.000000e+00
      outer loop
         vertex -1.708188e+01 -3.486719e-01 0.000000e+00
         vertex -1.693922e+01 -3.174096e-01 0.000000e+00
         vertex -1.693922e+01 -3.174096e-01 5.000000e+00
      endloop
   endfacet
   facet normal 2.140642e-01 -9.768196e-01 0.000000e+00
      outer loop
         vertex -1.708188e+01 -3.486719e-01 0.000000e+00
         vertex -1.693922e+01 -3.174096e-01 5.000000e+00
         vertex -1.708188e+01 -3.486719e-01 5.000000e+00
      endloop
   endfacet
   facet normal 7.184923e-02 -9.974155e-01 0.000000e+00
      outer loop
         vertex -1.693922e+01 -3.174096e-01 0.000000e+00
         vertex -1.679356e+01 -3.069167e-01 0.000000e+00
         vertex -1.679356e+01 -3.069167e-01 5.000000e+00
      endloop
   endfacet
   facet normal 7.184923e-02 -9.974155e-01 0.000000e+00
      outer loop
         vertex -1.693922e+01 -3.174096e-01 0.000000e+00
         vertex -1.679356e+01 -3.069167e-01 5.000000e+00
         vertex -1.693922e+01 -3.174096e-01 5.000000e+00
      endloop
   endfacet
   facet normal 0.000000e+00 -1.000000e+00 0.000000e+00
      outer loop
         vertex -1.679356e+01 -3.069167e-01 0.000000e+00
         vertex -1.642335e+01 -3.069167e-01 0.000000e+00
         vertex -1.642335e+01 -3.069167e-01 5.000000e+00
      endloop
   endfacet
   facet normal -0.000000e+00 -1.000000e+00 0.000000e+00
      outer loop
         vertex -1.679356e+01 -3.069167e-01 0.000000e+00
         vertex -1.642335e+01 -3.069167e-01 5.000000e+00
         vertex -1.679356e+01 -3.069167e-01 5.000000e+00
      endloop
   endfacet
   facet normal -5.522920e-02 -9.984737e-01 0.000000e+00
      outer loop
         vertex -1.642335e+01 -3.069167e-01 0.000000e+00
         vertex -1.632851e+01 -3.121625e-01 0.000000e+00
         vertex -1.632851e+01 -3.121625e-01 5.000000e+00
      endloop
   endfacet
   facet normal -5.522920e-02 -9.984737e-01 0.000000e+00
      outer loop
         vertex -1.642335e+01 -3.069167e-01 0.000000e+00
         vertex -1.632851e+01 -3.121625e-01 5.000000e+00
         vertex -1.642335e+01 -3.069167e-01 5.000000e+00
      endloop
   endfacet
   facet normal -2.035633e-01 -9.790618e-01 0.000000e+00
      outer loop
         vertex -1.632851e+01 -3.121625e-01 0.000000e+00
         vertex -1.622416e+01 -3.338593e-01 0.000000e+00
         vertex -1.622416e+01 -3.338593e-01 5.000000e+00
      endloop
   endfacet
   facet normal -2.035633e-01 -9.790618e-01 0.000000e+00
      outer loop
         vertex -1.632851e+01 -3.121625e-01 0.000000e+00
         vertex -1.622416e+01 -3.338593e-01 5.000000e+00
         vertex -1.632851e+01 -3.121625e-01 5.000000e+00
      endloop
   endfacet
   facet normal -3.753170e-01 -9.268965e-01 0.000000e+00
      outer loop
         vertex -1.622416e+01 -3.338593e-01 0.000000e+00
         vertex -1.612536e+01 -3.738631e-01 0.000000e+00
         vertex -1.612536e+01 -3.738631e-01 5.000000e+00
      endloop
   endfacet
   facet normal -3.753170e-01 -9.268965e-01 0.000000e+00
      outer loop
         vertex -1.622416e+01 -3.338593e-01 0.000000e+00
         vertex -1.612536e+01 -3.738631e-01 5.000000e+00
         vertex -1.622416e+01 -3.338593e-01 5.000000e+00
      endloop
   endfacet
   facet normal -5.463884e-01 -8.375319e-01 0.000000e+00
      outer loop
         vertex -1.612536e+01 -3.738631e-01 0.000000e+00
         vertex -1.604755e+01 -4.246249e-01 0.000000e+00
         vertex -1.604755e+01 -4.246249e-01 5.000000e+00
      endloop
   endfacet
   facet normal -5.463884e-01 -8.375319e-01 0.000000e+00
      outer loop
         vertex -1.612536e+01 -3.738631e-01 0.000000e+00
         vertex -1.604755e+01 -4.246249e-01 5.000000e+00
         vertex -1.612536e+01 -3.738631e-01 5.000000e+00
      endloop
   endfacet
   facet normal -7.067574e-01 -7.074560e-01 0.000000e+00
      outer loop
         vertex -1.604755e+01 -4.246249e-01 0.000000e+00
         vertex -1.598182e+01 -4.902853e-01 0.000000e+00
         vertex -1.598182e+01 -4.902853e-01 5.000000e+00
      endloop
   endfacet
   facet normal -7.067574e-01 -7.074560e-01 0.000000e+00
      outer loop
         vertex -1.604755e+01 -4.246249e-01 0.000000e+00
         vertex -1.598182e+01 -4.902853e-01 5.000000e+00
         vertex -1.604755e+01 -4.246249e-01 5.000000e+00
      endloop
   endfacet
   facet normal -8.066663e-01 -5.910072e-01 0.000000e+00
      outer loop
         vertex -1.598182e+01 -4.902853e-01 0.000000e+00
         vertex -1.595623e+01 -5.252222e-01 0.000000e+00
         vertex -1.595623e+01 -5.252222e-01 5.000000e+00
      endloop
   endfacet
   facet normal -8.066663e-01 -5.910072e-01 0.000000e+00
      outer loop
         vertex -1.598182e+01 -4.902853e-01 0.000000e+00
         vertex -1.595623e+01 -5.252222e-01 5.000000e+00
         vertex -1.598182e+01 -4.902853e-01 5.000000e+00
      endloop
   endfacet
   facet normal -8.618253e-01 -5.072052e-01 0.000000e+00
      outer loop
         vertex -1.595623e+01 -5.252222e-01 0.000000e+00
         vertex -1.593426e+01 -5.625476e-01 0.000000e+00
         vertex -1.593426e+01 -5.625476e-01 5.000000e+00
      endloop
   endfacet
   facet normal -8.618253e-01 -5.072052e-01 0.000000e+00
      outer loop
         vertex -1.595623e+01 -5.252222e-01 0.000000e+00
         vertex -1.593426e+01 -5.625476e-01 5.000000e+00
         vertex -1.595623e+01 -5.252222e-01 5.000000e+00
      endloop
   endfacet
   facet normal -9.103697e-01 -4.137958e-01 0.000000e+00
      outer loop
         vertex -1.593426e+01 -5.625476e-01 0.000000e+00
         vertex -1.591794e+01 -5.984508e-01 0.000000e+00
         vertex -1.591794e+01 -5.984508e-01 5.000000e+00
      endloop
   endfacet
   facet normal -9.103697e-01 -4.137958e-01 0.000000e+00
      outer loop
         vertex -1.593426e+01 -5.625476e-01 0.000000e+00
         vertex -1.591794e+01 -5.984508e-01 5.000000e+00
         vertex -1.593426e+01 -5.625476e-01 5.000000e+00
      endloop
   endfacet
   facet normal -9.503785e-01 -3.110960e-01 0.000000e+00
      outer loop
         vertex -1.591794e+01 -5.984508e-01 0.000000e+00
         vertex -1.590567e+01 -6.359318e-01 0.000000e+00
         vertex -1.590567e+01 -6.359318e-01 5.000000e+00
      endloop
   endfacet
   facet normal -9.503785e-01 -3.110960e-01 0.000000e+00
      outer loop
         vertex -1.591794e+01 -5.984508e-01 0.000000e+00
         vertex -1.590567e+01 -6.359318e-01 5.000000e+00
         vertex -1.591794e+01 -5.984508e-01 5.000000e+00
      endloop
   endfacet
   facet normal -9.854791e-01 -1.697970e-01 0.000000e+00
      outer loop
         vertex -1.590567e+01 -6.359318e-01 0.000000e+00
         vertex -1.589464e+01 -6.999939e-01 0.000000e+00
         vertex -1.589464e+01 -6.999939e-01 5.000000e+00
      endloop
   endfacet
   facet normal -9.854791e-01 -1.697970e-01 0.000000e+00
      outer loop
         vertex -1.590567e+01 -6.359318e-01 0.000000e+00
         vertex -1.589464e+01 -6.999939e-01 5.000000e+00
         vertex -1.590567e+01 -6.359318e-01 5.000000e+00
      endloop
   endfacet
   facet normal -9.999448e-01 1.050411e-02 0.000000e+00
      outer loop
         vertex -1.589464e+01 -6.999939e-01 0.000000e+00
         vertex -1.589532e+01 -7.649964e-01 0.000000e+00
         vertex -1.589532e+01 -7.649964e-01 5.000000e+00
      endloop
   endfacet
   facet normal -9.999448e-01 1.050411e-02 0.000000e+00
      outer loop
         vertex -1.589464e+01 -6.999939e-01 0.000000e+00
         vertex -1.589532e+01 -7.649964e-01 5.000000e+00
         vertex -1.589464e+01 -6.999939e-01 5.000000e+00
      endloop
   endfacet
   facet normal -9.851076e-01 1.719389e-01 0.000000e+00
      outer loop
         vertex -1.589532e+01 -7.649964e-01 0.000000e+00
         vertex -1.590938e+01 -8.455738e-01 0.000000e+00
         vertex -1.590938e+01 -8.455738e-01 5.000000e+00
      endloop
   endfacet
   facet normal -9.851076e-01 1.719389e-01 0.000000e+00
      outer loop
         vertex -1.589532e+01 -7.649964e-01 0.000000e+00
         vertex -1.590938e+01 -8.455738e-01 5.000000e+00
         vertex -1.589532e+01 -7.649964e-01 5.000000e+00
      endloop
   endfacet
   facet normal -9.504138e-01 3.109881e-01 0.000000e+00
      outer loop
         vertex -1.590938e+01 -8.455738e-01 0.000000e+00
         vertex -1.593482e+01 -9.233132e-01 0.000000e+00
         vertex -1.593482e+01 -9.233132e-01 5.000000e+00
      endloop
   endfacet
   facet normal -9.504138e-01 3.109881e-01 0.000000e+00
      outer loop
         vertex -1.590938e+01 -8.455738e-01 0.000000e+00
         vertex -1.593482e+01 -9.233132e-01 5.000000e+00
         vertex -1.590938e+01 -8.455738e-01 5.000000e+00
      endloop
   endfacet
   facet normal -9.256943e-01 3.782726e-01 0.000000e+00
      outer loop
         vertex -1.593482e+01 -9.233132e-01 0.000000e+00
         vertex -1.725716e+01 -4.159291e+00 0.000000e+00
         vertex -1.725716e+01 -4.159291e+00 5.000000e+00
      endloop
   endfacet
   facet normal -9.256943e-01 3.782726e-01 0.000000e+00
      outer loop
         vertex -1.593482e+01 -9.233132e-01 0.000000e+00
         vertex -1.725716e+01 -4.159291e+00 5.000000e+00
         vertex -1.593482e+01 -9.233132e-01 5.000000e+00
      endloop
   endfacet
   facet normal -9.850683e-01 1.721640e-01 0.000000e+00
      outer loop
         vertex -1.725716e+01 -4.159291e+00 0.000000e+00
         vertex -1.726890e+01 -4.226451e+00 0.000000e+00
         vertex -1.726890e+01 -4.226451e+00 5.000000e+00
      endloop
   endfacet
   facet normal -9.850683e-01 1.721640e-01 0.000000e+00
      outer loop
         vertex -1.725716e+01 -4.159291e+00 0.000000e+00
         vertex -1.726890e+01 -4.226451e+00 5.000000e+00
         vertex -1.725716e+01 -4.159291e+00 5.000000e+00
      endloop
   endfacet
   facet normal -8.868782e-01 -4.620033e-01 0.000000e+00
      outer loop
         vertex -1.726890e+01 -4.226451e+00 0.000000e+00
         vertex -1.724449e+01 -4.273310e+00 0.000000e+00
         vertex -1.724449e+01 -4.273310e+00 5.000000e+00
      endloop
   endfacet
   facet normal -8.868782e-01 -4.620033e-01 0.000000e+00
      outer loop
         vertex -1.726890e+01 -4.226451e+00 0.000000e+00
         vertex -1.724449e+01 -4.273310e+00 5.000000e+00
         vertex -1.726890e+01 -4.226451e+00 5.000000e+00
      endloop
   endfacet
   facet normal -6.060396e-01 -7.954345e-01 0.000000e+00
      outer loop
         vertex -1.724449e+01 -4.273310e+00 0.000000e+00
         vertex -1.722232e+01 -4.290196e+00 0.000000e+00
         vertex -1.722232e+01 -4.290196e+00 5.000000e+00
      endloop
   endfacet
   facet normal -6.060396e-01 -7.954345e-01 0.000000e+00
      outer loop
         vertex -1.724449e+01 -4.273310e+00 0.000000e+00
         vertex -1.722232e+01 -4.290196e+00 5.000000e+00
         vertex -1.724449e+01 -4.273310e+00 5.000000e+00
      endloop
   endfacet
   facet normal -4.356070e-01 -9.001370e-01 0.000000e+00
      outer loop
         vertex -1.722232e+01 -4.290196e+00 0.000000e+00
         vertex -1.719724e+01 -4.302333e+00 0.000000e+00
         vertex -1.719724e+01 -4.302333e+00 5.000000e+00
      endloop
   endfacet
   facet normal -4.356070e-01 -9.001370e-01 0.000000e+00
      outer loop
         vertex -1.722232e+01 -4.290196e+00 0.000000e+00
         vertex -1.719724e+01 -4.302333e+00 5.000000e+00
         vertex -1.722232e+01 -4.290196e+00 5.000000e+00
      endloop
   endfacet
   facet normal -2.598421e-01 -9.656511e-01 0.000000e+00
      outer loop
         vertex -1.719724e+01 -4.302333e+00 0.000000e+00
         vertex -1.716656e+01 -4.310589e+00 0.000000e+00
         vertex -1.716656e+01 -4.310589e+00 5.000000e+00
      endloop
   endfacet
   facet normal -2.598421e-01 -9.656511e-01 0.000000e+00
      outer loop
         vertex -1.719724e+01 -4.302333e+00 0.000000e+00
         vertex -1.716656e+01 -4.310589e+00 5.000000e+00
         vertex -1.719724e+01 -4.302333e+00 5.000000e+00
      endloop
   endfacet
   facet normal -8.751623e-02 -9.961631e-01 0.000000e+00
      outer loop
         vertex -1.716656e+01 -4.310589e+00 0.000000e+00
         vertex -1.713491e+01 -4.313370e+00 0.000000e+00
         vertex -1.713491e+01 -4.313370e+00 5.000000e+00
      endloop
   endfacet
   facet normal -8.751623e-02 -9.961631e-01 0.000000e+00
      outer loop
         vertex -1.716656e+01 -4.310589e+00 0.000000e+00
         vertex -1.713491e+01 -4.313370e+00 5.000000e+00
         vertex -1.716656e+01 -4.310589e+00 5.000000e+00
      endloop
   endfacet
   facet normal 8.334941e-02 -9.965204e-01 0.000000e+00
      outer loop
         vertex -1.713491e+01 -4.313370e+00 0.000000e+00
         vertex -1.709920e+01 -4.310383e+00 0.000000e+00
         vertex -1.709920e+01 -4.310383e+00 5.000000e+00
      endloop
   endfacet
   facet normal 8.334941e-02 -9.965204e-01 0.000000e+00
      outer loop
         vertex -1.713491e+01 -4.313370e+00 0.000000e+00
         vertex -1.709920e+01 -4.310383e+00 5.000000e+00
         vertex -1.713491e+01 -4.313370e+00 5.000000e+00
      endloop
   endfacet
   facet normal 2.477545e-01 -9.688228e-01 0.000000e+00
      outer loop
         vertex -1.709920e+01 -4.310383e+00 0.000000e+00
         vertex -1.706448e+01 -4.301505e+00 0.000000e+00
         vertex -1.706448e+01 -4.301505e+00 5.000000e+00
      endloop
   endfacet
   facet normal 2.477545e-01 -9.688228e-01 0.000000e+00
      outer loop
         vertex -1.709920e+01 -4.310383e+00 0.000000e+00
         vertex -1.706448e+01 -4.301505e+00 5.000000e+00
         vertex -1.709920e+01 -4.310383e+00 5.000000e+00
      endloop
   endfacet
   facet normal 3.892091e-01 -9.211494e-01 0.000000e+00
      outer loop
         vertex -1.706448e+01 -4.301505e+00 0.000000e+00
         vertex -1.702284e+01 -4.283909e+00 0.000000e+00
         vertex -1.702284e+01 -4.283909e+00 5.000000e+00
      endloop
   endfacet
   facet normal 3.892091e-01 -9.211494e-01 0.000000e+00
      outer loop
         vertex -1.706448e+01 -4.301505e+00 0.000000e+00
         vertex -1.702284e+01 -4.283909e+00 5.000000e+00
         vertex -1.706448e+01 -4.301505e+00 5.000000e+00
      endloop
   endfacet
   facet normal 5.069501e-01 -8.619754e-01 0.000000e+00
      outer loop
         vertex -1.702284e+01 -4.283909e+00 0.000000e+00
         vertex -1.698387e+01 -4.260991e+00 0.000000e+00
         vertex -1.698387e+01 -4.260991e+00 5.000000e+00
      endloop
   endfacet
   facet normal 5.069501e-01 -8.619754e-01 0.000000e+00
      outer loop
         vertex -1.702284e+01 -4.283909e+00 0.000000e+00
         vertex -1.698387e+01 -4.260991e+00 5.000000e+00
         vertex -1.702284e+01 -4.283909e+00 5.000000e+00
      endloop
   endfacet
   facet normal 6.054282e-01 -7.959000e-01 0.000000e+00
      outer loop
         vertex -1.698387e+01 -4.260991e+00 0.000000e+00
         vertex -1.694772e+01 -4.233490e+00 0.000000e+00
         vertex -1.694772e+01 -4.233490e+00 5.000000e+00
      endloop
   endfacet
   facet normal 6.054282e-01 -7.959000e-01 0.000000e+00
      outer loop
         vertex -1.698387e+01 -4.260991e+00 0.000000e+00
         vertex -1.694772e+01 -4.233490e+00 5.000000e+00
         vertex -1.698387e+01 -4.260991e+00 5.000000e+00
      endloop
   endfacet
   facet normal 6.857883e-01 -7.278011e-01 0.000000e+00
      outer loop
         vertex -1.694772e+01 -4.233490e+00 0.000000e+00
         vertex -1.691466e+01 -4.202341e+00 0.000000e+00
         vertex -1.691466e+01 -4.202341e+00 5.000000e+00
      endloop
   endfacet
   facet normal 6.857883e-01 -7.278011e-01 0.000000e+00
      outer loop
         vertex -1.694772e+01 -4.233490e+00 0.000000e+00
         vertex -1.691466e+01 -4.202341e+00 5.000000e+00
         vertex -1.694772e+01 -4.233490e+00 5.000000e+00
      endloop
   endfacet
   facet normal 7.845925e-01 -6.200118e-01 0.000000e+00
      outer loop
         vertex -1.691466e+01 -4.202341e+00 0.000000e+00
         vertex -1.689870e+01 -4.182146e+00 0.000000e+00
         vertex -1.689870e+01 -4.182146e+00 5.000000e+00
      endloop
   endfacet
   facet normal 7.845925e-01 -6.200118e-01 0.000000e+00
      outer loop
         vertex -1.691466e+01 -4.202341e+00 0.000000e+00
         vertex -1.689870e+01 -4.182146e+00 5.000000e+00
         vertex -1.691466e+01 -4.202341e+00 5.000000e+00
      endloop
   endfacet
   facet normal 8.862887e-01 -4.631332e-01 0.000000e+00
      outer loop
         vertex -1.689870e+01 -4.182146e+00 0.000000e+00
         vertex -1.688678e+01 -4.159333e+00 0.000000e+00
         vertex -1.688678e+01 -4.159333e+00 5.000000e+00
      endloop
   endfacet
   facet normal 8.862887e-01 -4.631332e-01 0.000000e+00
      outer loop
         vertex -1.689870e+01 -4.182146e+00 0.000000e+00
         vertex -1.688678e+01 -4.159333e+00 5.000000e+00
         vertex -1.689870e+01 -4.182146e+00 5.000000e+00
      endloop
   endfacet
   facet normal 9.256887e-01 -3.782862e-01 0.000000e+00
      outer loop
         vertex -1.688678e+01 -4.159333e+00 0.000000e+00
         vertex -1.556478e+01 -9.243054e-01 0.000000e+00
         vertex -1.556478e+01 -9.243054e-01 5.000000e+00
      endloop
   endfacet
   facet normal 9.256887e-01 -3.782862e-01 0.000000e+00
      outer loop
         vertex -1.688678e+01 -4.159333e+00 0.000000e+00
         vertex -1.556478e+01 -9.243054e-01 5.000000e+00
         vertex -1.688678e+01 -4.159333e+00 5.000000e+00
      endloop
   endfacet
   facet normal 9.425003e-01 -3.342052e-01 0.000000e+00
      outer loop
         vertex -1.556478e+01 -9.243054e-01 0.000000e+00
         vertex -1.553462e+01 -8.392694e-01 0.000000e+00
         vertex -1.553462e+01 -8.392694e-01 5.000000e+00
      endloop
   endfacet
   facet normal 9.425003e-01 -3.342052e-01 0.000000e+00
      outer loop
         vertex -1.556478e+01 -9.243054e-01 0.000000e+00
         vertex -1.553462e+01 -8.392694e-01 5.000000e+00
         vertex -1.556478e+01 -9.243054e-01 5.000000e+00
      endloop
   endfacet
   facet normal 9.697724e-01 -2.440114e-01 0.000000e+00
      outer loop
         vertex -1.553462e+01 -8.392694e-01 0.000000e+00
         vertex -1.551261e+01 -7.517731e-01 0.000000e+00
         vertex -1.551261e+01 -7.517731e-01 5.000000e+00
      endloop
   endfacet
   facet normal 9.697724e-01 -2.440114e-01 0.000000e+00
      outer loop
         vertex -1.553462e+01 -8.392694e-01 0.000000e+00
         vertex -1.551261e+01 -7.517731e-01 5.000000e+00
         vertex -1.553462e+01 -8.392694e-01 5.000000e+00
      endloop
   endfacet
   facet normal 9.901675e-01 -1.398865e-01 0.000000e+00
      outer loop
         vertex -1.551261e+01 -7.517731e-01 0.000000e+00
         vertex -1.550251e+01 -6.803398e-01 0.000000e+00
         vertex -1.550251e+01 -6.803398e-01 5.000000e+00
      endloop
   endfacet
   facet normal 9.901675e-01 -1.398865e-01 0.000000e+00
      outer loop
         vertex -1.551261e+01 -7.517731e-01 0.000000e+00
         vertex -1.550251e+01 -6.803398e-01 5.000000e+00
         vertex -1.551261e+01 -7.517731e-01 5.000000e+00
      endloop
   endfacet
   facet normal 9.997513e-01 -2.230095e-02 0.000000e+00
      outer loop
         vertex -1.550251e+01 -6.803398e-01 0.000000e+00
         vertex -1.550091e+01 -6.082152e-01 0.000000e+00
         vertex -1.550091e+01 -6.082152e-01 5.000000e+00
      endloop
   endfacet
   facet normal 9.997513e-01 -2.230095e-02 0.000000e+00
      outer loop
         vertex -1.550251e+01 -6.803398e-01 0.000000e+00
         vertex -1.550091e+01 -6.082152e-01 5.000000e+00
         vertex -1.550251e+01 -6.803398e-01 5.000000e+00
      endloop
   endfacet
   facet normal 9.923199e-01 1.236979e-01 -0.000000e+00
      outer loop
         vertex -1.550091e+01 -6.082152e-01 0.000000e+00
         vertex -1.551214e+01 -5.180923e-01 0.000000e+00
         vertex -1.551214e+01 -5.180923e-01 5.000000e+00
      endloop
   endfacet
   facet normal 9.923199e-01 1.236979e-01 0.000000e+00
      outer loop
         vertex -1.550091e+01 -6.082152e-01 0.000000e+00
         vertex -1.551214e+01 -5.180923e-01 5.000000e+00
         vertex -1.550091e+01 -6.082152e-01 5.000000e+00
      endloop
   endfacet
   facet normal 9.557482e-01 2.941861e-01 -0.000000e+00
      outer loop
         vertex -1.551214e+01 -5.180923e-01 0.000000e+00
         vertex -1.553886e+01 -4.312908e-01 0.000000e+00
         vertex -1.553886e+01 -4.312908e-01 5.000000e+00
      endloop
   endfacet
   facet normal 9.557482e-01 2.941861e-01 0.000000e+00
      outer loop
         vertex -1.551214e+01 -5.180923e-01 0.000000e+00
         vertex -1.553886e+01 -4.312908e-01 5.000000e+00
         vertex -1.551214e+01 -5.180923e-01 5.000000e+00
      endloop
   endfacet
   facet normal 8.923411e-01 4.513616e-01 -0.000000e+00
      outer loop
         vertex -1.553886e+01 -4.312908e-01 0.000000e+00
         vertex -1.558224e+01 -3.455234e-01 0.000000e+00
         vertex -1.558224e+01 -3.455234e-01 5.000000e+00
      endloop
   endfacet
   facet normal 8.923411e-01 4.513616e-01 0.000000e+00
      outer loop
         vertex -1.553886e+01 -4.312908e-01 0.000000e+00
         vertex -1.558224e+01 -3.455234e-01 5.000000e+00
         vertex -1.553886e+01 -4.312908e-01 5.000000e+00
      endloop
   endfacet
   facet normal 8.062009e-01 5.916419e-01 -0.000000e+00
      outer loop
         vertex -1.558224e+01 -3.455234e-01 0.000000e+00
         vertex -1.563911e+01 -2.680353e-01 0.000000e+00
         vertex -1.563911e+01 -2.680353e-01 5.000000e+00
      endloop
   endfacet
   facet normal 8.062009e-01 5.916419e-01 0.000000e+00
      outer loop
         vertex -1.558224e+01 -3.455234e-01 0.000000e+00
         vertex -1.563911e+01 -2.680353e-01 5.000000e+00
         vertex -1.558224e+01 -3.455234e-01 5.000000e+00
      endloop
   endfacet
   facet normal 7.284663e-01 6.850816e-01 -0.000000e+00
      outer loop
         vertex -1.563911e+01 -2.680353e-01 0.000000e+00
         vertex -1.568057e+01 -2.239497e-01 0.000000e+00
         vertex -1.568057e+01 -2.239497e-01 5.000000e+00
      endloop
   endfacet
   facet normal 7.284663e-01 6.850816e-01 0.000000e+00
      outer loop
         vertex -1.563911e+01 -2.680353e-01 0.000000e+00
         vertex -1.568057e+01 -2.239497e-01 5.000000e+00
         vertex -1.563911e+01 -2.680353e-01 5.000000e+00
      endloop
   endfacet
   facet normal 6.203493e-01 7.843256e-01 -0.000000e+00
      outer loop
         vertex -1.568057e+01 -2.239497e-01 0.000000e+00
         vertex -1.579906e+01 -1.302326e-01 0.000000e+00
         vertex -1.579906e+01 -1.302326e-01 5.000000e+00
      endloop
   endfacet
   facet normal 6.203493e-01 7.843256e-01 0.000000e+00
      outer loop
         vertex -1.568057e+01 -2.239497e-01 0.000000e+00
         vertex -1.579906e+01 -1.302326e-01 5.000000e+00
         vertex -1.568057e+01 -2.239497e-01 5.000000e+00
      endloop
   endfacet
   facet normal 4.395295e-01 8.982281e-01 -0.000000e+00
      outer loop
         vertex -1.579906e+01 -1.302326e-01 0.000000e+00
         vertex -1.593475e+01 -6.383234e-02 0.000000e+00
         vertex -1.593475e+01 -6.383234e-02 5.000000e+00
      endloop
   endfacet
   facet normal 4.395295e-01 8.982281e-01 0.000000e+00
      outer loop
         vertex -1.579906e+01 -1.302326e-01 0.000000e+00
         vertex -1.593475e+01 -6.383234e-02 5.000000e+00
         vertex -1.579906e+01 -1.302326e-01 5.000000e+00
      endloop
   endfacet
   facet normal 2.580589e-01 9.661292e-01 -0.000000e+00
      outer loop
         vertex -1.593475e+01 -6.383234e-02 0.000000e+00
         vertex -1.611353e+01 -1.607950e-02 0.000000e+00
         vertex -1.611353e+01 -1.607950e-02 5.000000e+00
      endloop
   endfacet
   facet normal 2.580589e-01 9.661292e-01 0.000000e+00
      outer loop
         vertex -1.593475e+01 -6.383234e-02 0.000000e+00
         vertex -1.611353e+01 -1.607950e-02 5.000000e+00
         vertex -1.593475e+01 -6.383234e-02 5.000000e+00
      endloop
   endfacet
   facet normal 8.689408e-02 9.962176e-01 -0.000000e+00
      outer loop
         vertex -1.611353e+01 -1.607950e-02 0.000000e+00
         vertex -1.629788e+01 2.220446e-15 0.000000e+00
         vertex -1.629788e+01 2.220446e-15 5.000000e+00
      endloop
   endfacet
   facet normal 8.689408e-02 9.962176e-01 0.000000e+00
      outer loop
         vertex -1.611353e+01 -1.607950e-02 0.000000e+00
         vertex -1.629788e+01 2.220446e-15 5.000000e+00
         vertex -1.611353e+01 -1.607950e-02 5.000000e+00
      endloop
   endfacet
   facet normal 1.224649e-16 1.000000e+00 -0.000000e+00
      outer loop
         vertex -1.629788e+01 1.995914e-15 0.000000e+00
         vertex -1.666813e+01 2.041257e-15 0.000000e+00
         vertex -1.666813e+01 2.041257e-15 5.000000e+00
      endloop
   endfacet
   facet normal 1.224649e-16 1.000000e+00 0.000000e+00
      outer loop
         vertex -1.629788e+01 1.995914e-15 0.000000e+00
         vertex -1.666813e+01 2.041257e-15 5.000000e+00
         vertex -1.629788e+01 1.995914e-15 5.000000e+00
      endloop
   endfacet
   facet normal -7.346905e-02 9.972975e-01 0.000000e+00
      outer loop
         vertex -1.666813e+01 1.776357e-15 0.000000e+00
         vertex -1.689256e+01 -1.653377e-02 0.000000e+00
         vertex -1.689256e+01 -1.653377e-02 5.000000e+00
      endloop
   endfacet
   facet normal -7.346905e-02 9.972975e-01 0.000000e+00
      outer loop
         vertex -1.666813e+01 1.776357e-15 0.000000e+00
         vertex -1.689256e+01 -1.653377e-02 5.000000e+00
         vertex -1.666813e+01 1.776357e-15 5.000000e+00
      endloop
   endfacet
   facet normal -2.188199e-01 9.757653e-01 0.000000e+00
      outer loop
         vertex -1.689256e+01 -1.653377e-02 0.000000e+00
         vertex -1.711216e+01 -6.577810e-02 0.000000e+00
         vertex -1.711216e+01 -6.577810e-02 5.000000e+00
      endloop
   endfacet
   facet normal -2.188199e-01 9.757653e-01 0.000000e+00
      outer loop
         vertex -1.689256e+01 -1.653377e-02 0.000000e+00
         vertex -1.711216e+01 -6.577810e-02 5.000000e+00
         vertex -1.689256e+01 -1.653377e-02 5.000000e+00
      endloop
   endfacet
   facet normal -3.522780e-01 9.358954e-01 0.000000e+00
      outer loop
         vertex -1.711216e+01 -6.577810e-02 0.000000e+00
         vertex -1.734702e+01 -1.541809e-01 0.000000e+00
         vertex -1.734702e+01 -1.541809e-01 5.000000e+00
      endloop
   endfacet
   facet normal -3.522780e-01 9.358954e-01 0.000000e+00
      outer loop
         vertex -1.711216e+01 -6.577810e-02 0.000000e+00
         vertex -1.734702e+01 -1.541809e-01 5.000000e+00
         vertex -1.711216e+01 -6.577810e-02 5.000000e+00
      endloop
   endfacet
   facet normal -4.721500e-01 8.815182e-01 0.000000e+00
      outer loop
         vertex -1.734702e+01 -1.541809e-01 0.000000e+00
         vertex -1.756823e+01 -2.726655e-01 0.000000e+00
         vertex -1.756823e+01 -2.726655e-01 5.000000e+00
      endloop
   endfacet
   facet normal -4.721500e-01 8.815182e-01 0.000000e+00
      outer loop
         vertex -1.734702e+01 -1.541809e-01 0.000000e+00
         vertex -1.756823e+01 -2.726655e-01 5.000000e+00
         vertex -1.734702e+01 -1.541809e-01 5.000000e+00
      endloop
   endfacet
   facet normal -5.863142e-01 8.100838e-01 0.000000e+00
      outer loop
         vertex -1.756823e+01 -2.726655e-01 0.000000e+00
         vertex -1.777038e+01 -4.189772e-01 0.000000e+00
         vertex -1.777038e+01 -4.189772e-01 5.000000e+00
      endloop
   endfacet
   facet normal -5.863142e-01 8.100838e-01 0.000000e+00
      outer loop
         vertex -1.756823e+01 -2.726655e-01 0.000000e+00
         vertex -1.777038e+01 -4.189772e-01 5.000000e+00
         vertex -1.756823e+01 -2.726655e-01 5.000000e+00
      endloop
   endfacet
   facet normal -6.920439e-01 7.218555e-01 0.000000e+00
      outer loop
         vertex -1.777038e+01 -4.189772e-01 0.000000e+00
         vertex -1.795052e+01 -5.916736e-01 0.000000e+00
         vertex -1.795052e+01 -5.916736e-01 5.000000e+00
      endloop
   endfacet
   facet normal -6.920439e-01 7.218555e-01 0.000000e+00
      outer loop
         vertex -1.777038e+01 -4.189772e-01 0.000000e+00
         vertex -1.795052e+01 -5.916736e-01 5.000000e+00
         vertex -1.777038e+01 -4.189772e-01 5.000000e+00
      endloop
   endfacet
   facet normal 0.000000e+00 0.000000e+00 1.000000e+00
      outer loop
         vertex -1.777038e+01 -4.189772e-01 5.000000e+00
         vertex -1.795052e+01 -5.916736e-01 5.000000e+00
         vertex -1.756823e+01 -2.726655e-01 5.000000e+00
      endloop
   endfacet
   facet normal 0.000000e+00 0.000000e+00 1.000000e+00
      outer loop
         vertex -1.795052e+01 -5.916736e-01 5.000000e+00
         vertex -1.807000e+01 -7.487959e-01 5.000000e+00
         vertex -1.756823e+01 -2.726655e-01 5.000000e+00
      endloop
   endfacet
   facet normal 0.000000e+00 0.000000e+00 1.000000e+00
      outer loop
         vertex -1.756823e+01 -2.726655e-01 5.000000e+00
         vertex -1.807000e+01 -7.487959e-01 5.000000e+00
         vertex -1.734702e+01 -1.541809e-01 5.000000e+00
      endloop
   endfacet
   facet normal 0.000000e+00 0.000000e+00 1.000000e+00
      outer loop
         vertex -1.807000e+01 -7.487959e-01 5.000000e+00
         vertex -1.816034e+01 -9.243054e-01 5.000000e+00
         vertex -1.734702e+01 -1.541809e-01 5.000000e+00
      endloop
   endfacet
   facet normal 0.000000e+00 0.000000e+00 1.000000e+00
      outer loop
         vertex -1.734702e+01 -1.541809e-01 5.000000e+00
         vertex -1.816034e+01 -9.243054e-01 5.000000e+00
         vertex -1.711216e+01 -6.577810e-02 5.000000e+00
      endloop
   endfacet
   facet normal 0.000000e+00 -0.000000e+00 1.000000e+00
      outer loop
         vertex -1.816034e+01 -9.243054e-01 5.000000e+00
         vertex -1.764279e+01 -6.912472e-01 5.000000e+00
         vertex -1.711216e+01 -6.577810e-02 5.000000e+00
      endloop
   endfacet
   facet normal 0.000000e+00 0.000000e+00 1.000000e+00
      outer loop
         vertex -1.711216e+01 -6.577810e-02 5.000000e+00
         vertex -1.752268e+01 -5.775595e-01 5.000000e+00
         vertex -1.689256e+01 -1.653377e-02 5.000000e+00
      endloop
   endfacet
   facet normal 0.000000e+00 -0.000000e+00 1.000000e+00
      outer loop
         vertex -1.752268e+01 -5.775595e-01 5.000000e+00
         vertex -1.738730e+01 -4.825752e-01 5.000000e+00
         vertex -1.689256e+01 -1.653377e-02 5.000000e+00
      endloop
   endfacet
   facet normal 0.000000e+00 0.000000e+00 1.000000e+00
      outer loop
         vertex -1.689256e+01 -1.653377e-02 5.000000e+00
         vertex -1.738730e+01 -4.825752e-01 5.000000e+00
         vertex -1.666813e+01 1.776357e-15 5.000000e+00
      endloop
   endfacet
   facet normal 0.000000e+00 -0.000000e+00 1.000000e+00
      outer loop
         vertex -1.738730e+01 -4.825752e-01 5.000000e+00
         vertex -1.723880e+01 -4.060254e-01 5.000000e+00
         vertex -1.666813e+01 1.776357e-15 5.000000e+00
      endloop
   endfacet
   facet normal 0.000000e+00 0.000000e+00 1.000000e+00
      outer loop
         vertex -1.666813e+01 1.776357e-15 5.000000e+00
         vertex -1.723880e+01 -4.060254e-01 5.000000e+00
         vertex -1.629788e+01 1.995914e-15 5.000000e+00
      endloop
   endfacet
   facet normal 0.000000e+00 -0.000000e+00 1.000000e+00
      outer loop
         vertex -1.723880e+01 -4.060254e-01 5.000000e+00
         vertex -1.708188e+01 -3.486719e-01 5.000000e+00
         vertex -1.629788e+01 1.995914e-15 5.000000e+00
      endloop
   endfacet
   facet normal 0.000000e+00 0.000000e+00 1.000000e+00
      outer loop
         vertex -1.629788e+01 1.995914e-15 5.000000e+00
         vertex -1.708188e+01 -3.486719e-01 5.000000e+00
         vertex -1.611353e+01 -1.607950e-02 5.000000e+00
      endloop
   endfacet
   facet normal 0.000000e+00 -0.000000e+00 1.000000e+00
      outer loop
         vertex -1.708188e+01 -3.486719e-01 5.000000e+00
         vertex -1.693922e+01 -3.174096e-01 5.000000e+00
         vertex -1.611353e+01 -1.607950e-02 5.000000e+00
      endloop
   endfacet
   facet normal 0.000000e+00 0.000000e+00 1.000000e+00
      outer loop
         vertex -1.611353e+01 -1.607950e-02 5.000000e+00
         vertex -1.693922e+01 -3.174096e-01 5.000000e+00
         vertex -1.593475e+01 -6.383234e-02 5.000000e+00
      endloop
   endfacet
   facet normal 0.000000e+00 -0.000000e+00 1.000000e+00
      outer loop
         vertex -1.693922e+01 -3.174096e-01 5.000000e+00
         vertex -1.679356e+01 -3.069167e-01 5.000000e+00
         vertex -1.593475e+01 -6.383234e-02 5.000000e+00
      endloop
   endfacet
   facet normal 0.000000e+00 0.000000e+00 1.000000e+00
      outer loop
         vertex -1.593475e+01 -6.383234e-02 5.000000e+00
         vertex -1.679356e+01 -3.069167e-01 5.000000e+00
         vertex -1.579906e+01 -1.302326e-01 5.000000e+00
      endloop
   endfacet
   facet normal 0.000000e+00 -0.000000e+00 1.000000e+00
      outer loop
         vertex -1.679356e+01 -3.069167e-01 5.000000e+00
         vertex -1.642335e+01 -3.069167e-01 5.000000e+00
         vertex -1.579906e+01 -1.302326e-01 5.000000e+00
      endloop
   endfacet
   facet normal 0.000000e+00 0.000000e+00 1.000000e+00
      outer loop
         vertex -1.579906e+01 -1.302326e-01 5.000000e+00
         vertex -1.642335e+01 -3.069167e-01 5.000000e+00
         vertex -1.568057e+01 -2.239497e-01 5.000000e+00
      endloop
   endfacet
   facet normal 0.000000e+00 -0.000000e+00 1.000000e+00
      outer loop
         vertex -1.642335e+01 -3.069167e-01 5.000000e+00
         vertex -1.632851e+01 -3.121625e-01 5.000000e+00
         vertex -1.568057e+01 -2.239497e-01 5.000000e+00
      endloop
   endfacet
   facet normal 0.000000e+00 0.000000e+00 1.000000e+00
      outer loop
         vertex -1.568057e+01 -2.239497e-01 5.000000e+00
         vertex -1.632851e+01 -3.121625e-01 5.000000e+00
         vertex -1.563911e+01 -2.680353e-01 5.000000e+00
      endloop
   endfacet
   facet normal 0.000000e+00 -0.000000e+00 1.000000e+00
      outer loop
         vertex -1.632851e+01 -3.121625e-01 5.000000e+00
         vertex -1.622416e+01 -3.338593e-01 5.000000e+00
         vertex -1.563911e+01 -2.680353e-01 5.000000e+00
      endloop
   endfacet
   facet normal -0.000000e+00 0.000000e+00 1.000000e+00
      outer loop
         vertex -1.563911e+01 -2.680353e-01 5.000000e+00
         vertex -1.622416e+01 -3.338593e-01 5.000000e+00
         vertex -1.558224e+01 -3.455234e-01 5.000000e+00
      endloop
   endfacet
   facet normal 0.000000e+00 -0.000000e+00 1.000000e+00
      outer loop
         vertex -1.622416e+01 -3.338593e-01 5.000000e+00
         vertex -1.612536e+01 -3.738631e-01 5.000000e+00
         vertex -1.558224e+01 -3.455234e-01 5.000000e+00
      endloop
   endfacet
   facet normal -0.000000e+00 0.000000e+00 1.000000e+00
      outer loop
         vertex -1.558224e+01 -3.455234e-01 5.000000e+00
         vertex -1.612536e+01 -3.738631e-01 5.000000e+00
         vertex -1.553886e+01 -4.312908e-01 5.000000e+00
      endloop
   endfacet
   facet normal -0.000000e+00 -0.000000e+00 1.000000e+00
      outer loop
         vertex -1.612536e+01 -3.738631e-01 5.000000e+00
         vertex -1.604755e+01 -4.246249e-01 5.000000e+00
         vertex -1.553886e+01 -4.312908e-01 5.000000e+00
      endloop
   endfacet
   facet normal 0.000000e+00 0.000000e+00 1.000000e+00
      outer loop
         vertex -1.553886e+01 -4.312908e-01 5.000000e+00
         vertex -1.604755e+01 -4.246249e-01 5.000000e+00
         vertex -1.551214e+01 -5.180923e-01 5.000000e+00
      endloop
   endfacet
   facet normal -0.000000e+00 -0.000000e+00 1.000000e+00
      outer loop
         vertex -1.604755e+01 -4.246249e-01 5.000000e+00
         vertex -1.598182e+01 -4.902853e-01 5.000000e+00
         vertex -1.551214e+01 -5.180923e-01 5.000000e+00
      endloop
   endfacet
   facet normal 0.000000e+00 0.000000e+00 1.000000e+00
      outer loop
         vertex -1.551214e+01 -5.180923e-01 5.000000e+00
         vertex -1.598182e+01 -4.902853e-01 5.000000e+00
         vertex -1.550091e+01 -6.082152e-01 5.000000e+00
      endloop
   endfacet
   facet normal -0.000000e+00 -0.000000e+00 1.000000e+00
      outer loop
         vertex -1.598182e+01 -4.902853e-01 5.000000e+00
         vertex -1.595623e+01 -5.252222e-01 5.000000e+00
         vertex -1.550091e+01 -6.082152e-01 5.000000e+00
      endloop
   endfacet
   facet normal 0.000000e+00 0.000000e+00 1.000000e+00
      outer loop
         vertex -1.550091e+01 -6.082152e-01 5.000000e+00
         vertex -1.595623e+01 -5.252222e-01 5.000000e+00
         vertex -1.550251e+01 -6.803398e-01 5.000000e+00
      endloop
   endfacet
   facet normal -0.000000e+00 -0.000000e+00 1.000000e+00
      outer loop
         vertex -1.595623e+01 -5.252222e-01 5.000000e+00
         vertex -1.593426e+01 -5.625476e-01 5.000000e+00
         vertex -1.550251e+01 -6.803398e-01 5.000000e+00
      endloop
   endfacet
   facet normal 0.000000e+00 0.000000e+00 1.000000e+00
      outer loop
         vertex -1.550251e+01 -6.803398e-01 5.000000e+00
         vertex -1.593426e+01 -5.625476e-01 5.000000e+00
         vertex -1.551261e+01 -7.517731e-01 5.000000e+00
      endloop
   endfacet
   facet normal -0.000000e+00 -0.000000e+00 1.000000e+00
      outer loop
         vertex -1.593426e+01 -5.625476e-01 5.000000e+00
         vertex -1.591794e+01 -5.984508e-01 5.000000e+00
         vertex -1.551261e+01 -7.517731e-01 5.000000e+00
      endloop
   endfacet
   facet normal 0.000000e+00 0.000000e+00 1.000000e+00
      outer loop
         vertex -1.551261e+01 -7.517731e-01 5.000000e+00
         vertex -1.591794e+01 -5.984508e-01 5.000000e+00
         vertex -1.553462e+01 -8.392694e-01 5.000000e+00
      endloop
   endfacet
   facet normal -0.000000e+00 -0.000000e+00 1.000000e+00
      outer loop
         vertex -1.591794e+01 -5.984508e-01 5.000000e+00
         vertex -1.590567e+01 -6.359318e-01 5.000000e+00
         vertex -1.553462e+01 -8.392694e-01 5.000000e+00
      endloop
   endfacet
   facet normal 0.000000e+00 0.000000e+00 1.000000e+00
      outer loop
         vertex -1.553462e+01 -8.392694e-01 5.000000e+00
         vertex -1.590567e+01 -6.359318e-01 5.000000e+00
         vertex -1.556478e+01 -9.243054e-01 5.000000e+00
      endloop
   endfacet
   facet normal -0.000000e+00 -0.000000e+00 1.000000e+00
      outer loop
         vertex -1.590567e+01 -6.359318e-01 5.000000e+00
         vertex -1.589464e+01 -6.999939e-01 5.000000e+00
         vertex -1.556478e+01 -9.243054e-01 5.000000e+00
      endloop
   endfacet
   facet normal 0.000000e+00 0.000000e+00 1.000000e+00
      outer loop
         vertex -1.556478e+01 -9.243054e-01 5.000000e+00
         vertex -1.590938e+01 -8.455738e-01 5.000000e+00
         vertex -1.688678e+01 -4.159333e+00 5.000000e+00
      endloop
   endfacet
   facet normal -0.000000e+00 0.000000e+00 1.000000e+00
      outer loop
         vertex -1.590938e+01 -8.455738e-01 5.000000e+00
         vertex -1.593482e+01 -9.233132e-01 5.000000e+00
         vertex -1.688678e+01 -4.159333e+00 5.000000e+00
      endloop
   endfacet
   facet normal 0.000000e+00 0.000000e+00 1.000000e+00
      outer loop
         vertex -1.688678e+01 -4.159333e+00 5.000000e+00
         vertex -1.593482e+01 -9.233132e-01 5.000000e+00
         vertex -1.689870e+01 -4.182146e+00 5.000000e+00
      endloop
   endfacet
   facet normal -0.000000e+00 0.000000e+00 1.000000e+00
      outer loop
         vertex -1.593482e+01 -9.233132e-01 5.000000e+00
         vertex -1.725716e+01 -4.159291e+00 5.000000e+00
         vertex -1.689870e+01 -4.182146e+00 5.000000e+00
      endloop
   endfacet
   facet normal 0.000000e+00 0.000000e+00 1.000000e+00
      outer loop
         vertex -1.689870e+01 -4.182146e+00 5.000000e+00
         vertex -1.725716e+01 -4.159291e+00 5.000000e+00
         vertex -1.691466e+01 -4.202341e+00 5.000000e+00
      endloop
   endfacet
   facet normal 0.000000e+00 0.000000e+00 1.000000e+00
      outer loop
         vertex -1.725716e+01 -4.159291e+00 5.000000e+00
         vertex -1.726890e+01 -4.226451e+00 5.000000e+00
         vertex -1.691466e+01 -4.202341e+00 5.000000e+00
      endloop
   endfacet
   facet normal -0.000000e+00 0.000000e+00 1.000000e+00
      outer loop
         vertex -1.691466e+01 -4.202341e+00 5.000000e+00
         vertex -1.726890e+01 -4.226451e+00 5.000000e+00
         vertex -1.694772e+01 -4.233490e+00 5.000000e+00
      endloop
   endfacet
   facet normal 0.000000e+00 -0.000000e+00 1.000000e+00
      outer loop
         vertex -1.726890e+01 -4.226451e+00 5.000000e+00
         vertex -1.724449e+01 -4.273310e+00 5.000000e+00
         vertex -1.694772e+01 -4.233490e+00 5.000000e+00
      endloop
   endfacet
   facet normal 0.000000e+00 0.000000e+00 1.000000e+00
      outer loop
         vertex -1.694772e+01 -4.233490e+00 5.000000e+00
         vertex -1.724449e+01 -4.273310e+00 5.000000e+00
         vertex -1.698387e+01 -4.260991e+00 5.000000e+00
      endloop
   endfacet
   facet normal 0.000000e+00 -0.000000e+00 1.000000e+00
      outer loop
         vertex -1.724449e+01 -4.273310e+00 5.000000e+00
         vertex -1.722232e+01 -4.290196e+00 5.000000e+00
         vertex -1.698387e+01 -4.260991e+00 5.000000e+00
      endloop
   endfacet
   facet normal 0.000000e+00 0.000000e+00 1.000000e+00
      outer loop
         vertex -1.698387e+01 -4.260991e+00 5.000000e+00
         vertex -1.722232e+01 -4.290196e+00 5.000000e+00
         vertex -1.702284e+01 -4.283909e+00 5.000000e+00
      endloop
   endfacet
   facet normal 0.000000e+00 -0.000000e+00 1.000000e+00
      outer loop
         vertex -1.722232e+01 -4.290196e+00 5.000000e+00
         vertex -1.719724e+01 -4.302333e+00 5.000000e+00
         vertex -1.702284e+01 -4.283909e+00 5.000000e+00
      endloop
   endfacet
   facet normal 0.000000e+00 0.000000e+00 1.000000e+00
      outer loop
         vertex -1.702284e+01 -4.283909e+00 5.000000e+00
         vertex -1.719724e+01 -4.302333e+00 5.000000e+00
         vertex -1.706448e+01 -4.301505e+00 5.000000e+00
      endloop
   endfacet
   facet normal 0.000000e+00 -0.000000e+00 1.000000e+00
      outer loop
         vertex -1.719724e+01 -4.302333e+00 5.000000e+00
         vertex -1.716656e+01 -4.310589e+00 5.000000e+00
         vertex -1.706448e+01 -4.301505e+00 5.000000e+00
      endloop
   endfacet
   facet normal 0.000000e+00 0.000000e+00 1.000000e+00
      outer loop
         vertex -1.706448e+01 -4.301505e+00 5.000000e+00
         vertex -1.716656e+01 -4.310589e+00 5.000000e+00
         vertex -1.709920e+01 -4.310383e+00 5.000000e+00
      endloop
   endfacet
   facet normal 0.000000e+00 -0.000000e+00 1.000000e+00
      outer loop
         vertex -1.716656e+01 -4.310589e+00 5.000000e+00
         vertex -1.713491e+01 -4.313370e+00 5.000000e+00
         vertex -1.709920e+01 -4.310383e+00 5.000000e+00
      endloop
   endfacet
   facet normal 0.000000e+00 0.000000e+00 1.000000e+00
      outer loop
         vertex -1.590938e+01 -8.455738e-01 5.000000e+00
         vertex -1.556478e+01 -9.243054e-01 5.000000e+00
         vertex -1.589532e+01 -7.649964e-01 5.000000e+00
      endloop
   endfacet
   facet normal 0.000000e+00 0.000000e+00 1.000000e+00
      outer loop
         vertex -1.556478e+01 -9.243054e-01 5.000000e+00
         vertex -1.589464e+01 -6.999939e-01 5.000000e+00
         vertex -1.589532e+01 -7.649964e-01 5.000000e+00
      endloop
   endfacet
   facet normal 0.000000e+00 0.000000e+00 1.000000e+00
      outer loop
         vertex -1.752268e+01 -5.775595e-01 5.000000e+00
         vertex -1.711216e+01 -6.577810e-02 5.000000e+00
         vertex -1.764279e+01 -6.912472e-01 5.000000e+00
      endloop
   endfacet
   facet normal 0.000000e+00 0.000000e+00 1.000000e+00
      outer loop
         vertex -1.764279e+01 -6.912472e-01 5.000000e+00
         vertex -1.816034e+01 -9.243054e-01 5.000000e+00
         vertex -1.772640e+01 -8.008110e-01 5.000000e+00
      endloop
   endfacet
   facet normal 0.000000e+00 0.000000e+00 1.000000e+00
      outer loop
         vertex -1.772640e+01 -8.008110e-01 5.000000e+00
         vertex -1.816034e+01 -9.243054e-01 5.000000e+00
         vertex -1.778955e+01 -9.233132e-01 5.000000e+00
      endloop
   endfacet
   facet normal 0.000000e+00 0.000000e+00 1.000000e+00
      outer loop
         vertex -1.816034e+01 -9.243054e-01 5.000000e+00
         vertex -1.948235e+01 -4.159333e+00 5.000000e+00
         vertex -1.778955e+01 -9.233132e-01 5.000000e+00
      endloop
   endfacet
   facet normal 0.000000e+00 0.000000e+00 1.000000e+00
      outer loop
         vertex -1.778955e+01 -9.233132e-01 5.000000e+00
         vertex -1.948235e+01 -4.159333e+00 5.000000e+00
         vertex -1.911189e+01 -4.159291e+00 5.000000e+00
      endloop
   endfacet
   facet normal 0.000000e+00 0.000000e+00 1.000000e+00
      outer loop
         vertex -1.948235e+01 -4.159333e+00 5.000000e+00
         vertex -1.949406e+01 -4.226431e+00 5.000000e+00
         vertex -1.911189e+01 -4.159291e+00 5.000000e+00
      endloop
   endfacet
   facet normal 0.000000e+00 0.000000e+00 1.000000e+00
      outer loop
         vertex -1.911189e+01 -4.159291e+00 5.000000e+00
         vertex -1.949406e+01 -4.226431e+00 5.000000e+00
         vertex -1.912383e+01 -4.182106e+00 5.000000e+00
      endloop
   endfacet
   facet normal 0.000000e+00 -0.000000e+00 1.000000e+00
      outer loop
         vertex -1.949406e+01 -4.226431e+00 5.000000e+00
         vertex -1.946963e+01 -4.273310e+00 5.000000e+00
         vertex -1.912383e+01 -4.182106e+00 5.000000e+00
      endloop
   endfacet
   facet normal 0.000000e+00 0.000000e+00 1.000000e+00
      outer loop
         vertex -1.912383e+01 -4.182106e+00 5.000000e+00
         vertex -1.946963e+01 -4.273310e+00 5.000000e+00
         vertex -1.913980e+01 -4.202305e+00 5.000000e+00
      endloop
   endfacet
   facet normal 0.000000e+00 -0.000000e+00 1.000000e+00
      outer loop
         vertex -1.946963e+01 -4.273310e+00 5.000000e+00
         vertex -1.944747e+01 -4.290196e+00 5.000000e+00
         vertex -1.913980e+01 -4.202305e+00 5.000000e+00
      endloop
   endfacet
   facet normal 0.000000e+00 0.000000e+00 1.000000e+00
      outer loop
         vertex -1.913980e+01 -4.202305e+00 5.000000e+00
         vertex -1.944747e+01 -4.290196e+00 5.000000e+00
         vertex -1.917286e+01 -4.233460e+00 5.000000e+00
      endloop
   endfacet
   facet normal 0.000000e+00 -0.000000e+00 1.000000e+00
      outer loop
         vertex -1.944747e+01 -4.290196e+00 5.000000e+00
         vertex -1.942239e+01 -4.302333e+00 5.000000e+00
         vertex -1.917286e+01 -4.233460e+00 5.000000e+00
      endloop
   endfacet
   facet normal 0.000000e+00 0.000000e+00 1.000000e+00
      outer loop
         vertex -1.917286e+01 -4.233460e+00 5.000000e+00
         vertex -1.942239e+01 -4.302333e+00 5.000000e+00
         vertex -1.920902e+01 -4.260970e+00 5.000000e+00
      endloop
   endfacet
   facet normal 0.000000e+00 -0.000000e+00 1.000000e+00
      outer loop
         vertex -1.942239e+01 -4.302333e+00 5.000000e+00
         vertex -1.939171e+01 -4.310589e+00 5.000000e+00
         vertex -1.920902e+01 -4.260970e+00 5.000000e+00
      endloop
   endfacet
   facet normal 0.000000e+00 0.000000e+00 1.000000e+00
      outer loop
         vertex -1.920902e+01 -4.260970e+00 5.000000e+00
         vertex -1.939171e+01 -4.310589e+00 5.000000e+00
         vertex -1.924799e+01 -4.283898e+00 5.000000e+00
      endloop
   endfacet
   facet normal 0.000000e+00 -0.000000e+00 1.000000e+00
      outer loop
         vertex -1.939171e+01 -4.310589e+00 5.000000e+00
         vertex -1.936006e+01 -4.313370e+00 5.000000e+00
         vertex -1.924799e+01 -4.283898e+00 5.000000e+00
      endloop
   endfacet
   facet normal 0.000000e+00 0.000000e+00 1.000000e+00
      outer loop
         vertex -1.924799e+01 -4.283898e+00 5.000000e+00
         vertex -1.936006e+01 -4.313370e+00 5.000000e+00
         vertex -1.928963e+01 -4.301500e+00 5.000000e+00
      endloop
   endfacet
   facet normal 0.000000e+00 -0.000000e+00 1.000000e+00
      outer loop
         vertex -1.936006e+01 -4.313370e+00 5.000000e+00
         vertex -1.932435e+01 -4.310382e+00 5.000000e+00
         vertex -1.928963e+01 -4.301500e+00 5.000000e+00
      endloop
   endfacet
   facet normal 0.000000e+00 0.000000e+00 -1.000000e+00
      outer loop
         vertex -1.807000e+01 -7.487959e-01 0.000000e+00
         vertex -1.795052e+01 -5.916736e-01 0.000000e+00
         vertex -1.816034e+01 -9.243054e-01 0.000000e+00
      endloop
   endfacet
   facet normal 0.000000e+00 0.000000e+00 -1.000000e+00
      outer loop
         vertex -1.795052e+01 -5.916736e-01 0.000000e+00
         vertex -1.777038e+01 -4.189772e-01 0.000000e+00
         vertex -1.816034e+01 -9.243054e-01 0.000000e+00
      endloop
   endfacet
   facet normal 0.000000e+00 0.000000e+00 -1.000000e+00
      outer loop
         vertex -1.816034e+01 -9.243054e-01 0.000000e+00
         vertex -1.777038e+01 -4.189772e-01 0.000000e+00
         vertex -1.948235e+01 -4.159333e+00 0.000000e+00
      endloop
   endfacet
   facet normal 0.000000e+00 0.000000e+00 -1.000000e+00
      outer loop
         vertex -1.777038e+01 -4.189772e-01 0.000000e+00
         vertex -1.756823e+01 -2.726655e-01 0.000000e+00
         vertex -1.948235e+01 -4.159333e+00 0.000000e+00
      endloop
   endfacet
   facet normal 0.000000e+00 0.000000e+00 -1.000000e+00
      outer loop
         vertex -1.948235e+01 -4.159333e+00 0.000000e+00
         vertex -1.756823e+01 -2.726655e-01 0.000000e+00
         vertex -1.949406e+01 -4.226431e+00 0.000000e+00
      endloop
   endfacet
   facet normal -0.000000e+00 0.000000e+00 -1.000000e+00
      outer loop
         vertex -1.756823e+01 -2.726655e-01 0.000000e+00
         vertex -1.772640e+01 -8.008110e-01 0.000000e+00
         vertex -1.949406e+01 -4.226431e+00 0.000000e+00
      endloop
   endfacet
   facet normal 0.000000e+00 0.000000e+00 -1.000000e+00
      outer loop
         vertex -1.949406e+01 -4.226431e+00 0.000000e+00
         vertex -1.778955e+01 -9.233132e-01 0.000000e+00
         vertex -1.946963e+01 -4.273310e+00 0.000000e+00
      endloop
   endfacet
   facet normal -0.000000e+00 0.000000e+00 -1.000000e+00
      outer loop
         vertex -1.778955e+01 -9.233132e-01 0.000000e+00
         vertex -1.911189e+01 -4.159291e+00 0.000000e+00
         vertex -1.946963e+01 -4.273310e+00 0.000000e+00
      endloop
   endfacet
   facet normal 0.000000e+00 0.000000e+00 -1.000000e+00
      outer loop
         vertex -1.946963e+01 -4.273310e+00 0.000000e+00
         vertex -1.911189e+01 -4.159291e+00 0.000000e+00
         vertex -1.944747e+01 -4.290196e+00 0.000000e+00
      endloop
   endfacet
   facet normal -0.000000e+00 0.000000e+00 -1.000000e+00
      outer loop
         vertex -1.911189e+01 -4.159291e+00 0.000000e+00
         vertex -1.912383e+01 -4.182106e+00 0.000000e+00
         vertex -1.944747e+01 -4.290196e+00 0.000000e+00
      endloop
   endfacet
   facet normal 0.000000e+00 0.000000e+00 -1.000000e+00
      outer loop
         vertex -1.944747e+01 -4.290196e+00 0.000000e+00
         vertex -1.912383e+01 -4.182106e+00 0.000000e+00
         vertex -1.942239e+01 -4.302333e+00 0.000000e+00
      endloop
   endfacet
   facet normal -0.000000e+00 0.000000e+00 -1.000000e+00
      outer loop
         vertex -1.912383e+01 -4.182106e+00 0.000000e+00
         vertex -1.913980e+01 -4.202305e+00 0.000000e+00
         vertex -1.942239e+01 -4.302333e+00 0.000000e+00
      endloop
   endfacet
   facet normal 0.000000e+00 0.000000e+00 -1.000000e+00
      outer loop
         vertex -1.942239e+01 -4.302333e+00 0.000000e+00
         vertex -1.913980e+01 -4.202305e+00 0.000000e+00
         vertex -1.939171e+01 -4.310589e+00 0.000000e+00
      endloop
   endfacet
   facet normal -0.000000e+00 0.000000e+00 -1.000000e+00
      outer loop
         vertex -1.913980e+01 -4.202305e+00 0.000000e+00
         vertex -1.917286e+01 -4.233460e+00 0.000000e+00
         vertex -1.939171e+01 -4.310589e+00 0.000000e+00
      endloop
   endfacet
   facet normal 0.000000e+00 0.000000e+00 -1.000000e+00
      outer loop
         vertex -1.939171e+01 -4.310589e+00 0.000000e+00
         vertex -1.917286e+01 -4.233460e+00 0.000000e+00
         vertex -1.936006e+01 -4.313370e+00 0.000000e+00
      endloop
   endfacet
   facet normal -0.000000e+00 0.000000e+00 -1.000000e+00
      outer loop
         vertex -1.917286e+01 -4.233460e+00 0.000000e+00
         vertex -1.920902e+01 -4.260970e+00 0.000000e+00
         vertex -1.936006e+01 -4.313370e+00 0.000000e+00
      endloop
   endfacet
   facet normal 0.000000e+00 0.000000e+00 -1.000000e+00
      outer loop
         vertex -1.936006e+01 -4.313370e+00 0.000000e+00
         vertex -1.920902e+01 -4.260970e+00 0.000000e+00
         vertex -1.932435e+01 -4.310382e+00 0.000000e+00
      endloop
   endfacet
   facet normal -0.000000e+00 0.000000e+00 -1.000000e+00
      outer loop
         vertex -1.920902e+01 -4.260970e+00 0.000000e+00
         vertex -1.924799e+01 -4.283898e+00 0.000000e+00
         vertex -1.932435e+01 -4.310382e+00 0.000000e+00
      endloop
   endfacet
   facet normal 0.000000e+00 0.000000e+00 -1.000000e+00
      outer loop
         vertex -1.932435e+01 -4.310382e+00 0.000000e+00
         vertex -1.924799e+01 -4.283898e+00 0.000000e+00
         vertex -1.928963e+01 -4.301500e+00 0.000000e+00
      endloop
   endfacet
   facet normal 0.000000e+00 0.000000e+00 -1.000000e+00
      outer loop
         vertex -1.778955e+01 -9.233132e-01 0.000000e+00
         vertex -1.949406e+01 -4.226431e+00 0.000000e+00
         vertex -1.772640e+01 -8.008110e-01 0.000000e+00
      endloop
   endfacet
   facet normal 0.000000e+00 0.000000e+00 -1.000000e+00
      outer loop
         vertex -1.772640e+01 -8.008110e-01 0.000000e+00
         vertex -1.756823e+01 -2.726655e-01 0.000000e+00
         vertex -1.764279e+01 -6.912472e-01 0.000000e+00
      endloop
   endfacet
   facet normal 0.000000e+00 0.000000e+00 -1.000000e+00
      outer loop
         vertex -1.756823e+01 -2.726655e-01 0.000000e+00
         vertex -1.734702e+01 -1.541809e-01 0.000000e+00
         vertex -1.764279e+01 -6.912472e-01 0.000000e+00
      endloop
   endfacet
   facet normal 0.000000e+00 0.000000e+00 -1.000000e+00
      outer loop
         vertex -1.764279e+01 -6.912472e-01 0.000000e+00
         vertex -1.734702e+01 -1.541809e-01 0.000000e+00
         vertex -1.752268e+01 -5.775595e-01 0.000000e+00
      endloop
   endfacet
   facet normal 0.000000e+00 0.000000e+00 -1.000000e+00
      outer loop
         vertex -1.734702e+01 -1.541809e-01 0.000000e+00
         vertex -1.711216e+01 -6.577810e-02 0.000000e+00
         vertex -1.752268e+01 -5.775595e-01 0.000000e+00
      endloop
   endfacet
   facet normal 0.000000e+00 0.000000e+00 -1.000000e+00
      outer loop
         vertex -1.752268e+01 -5.775595e-01 0.000000e+00
         vertex -1.711216e+01 -6.577810e-02 0.000000e+00
         vertex -1.738730e+01 -4.825752e-01 0.000000e+00
      endloop
   endfacet
   facet normal 0.000000e+00 0.000000e+00 -1.000000e+00
      outer loop
         vertex -1.711216e+01 -6.577810e-02 0.000000e+00
         vertex -1.689256e+01 -1.653377e-02 0.000000e+00
         vertex -1.738730e+01 -4.825752e-01 0.000000e+00
      endloop
   endfacet
   facet normal 0.000000e+00 0.000000e+00 -1.000000e+00
      outer loop
         vertex -1.738730e+01 -4.825752e-01 0.000000e+00
         vertex -1.689256e+01 -1.653377e-02 0.000000e+00
         vertex -1.723880e+01 -4.060254e-01 0.000000e+00
      endloop
   endfacet
   facet normal 0.000000e+00 0.000000e+00 -1.000000e+00
      outer loop
         vertex -1.689256e+01 -1.653377e-02 0.000000e+00
         vertex -1.666813e+01 1.776357e-15 0.000000e+00
         vertex -1.723880e+01 -4.060254e-01 0.000000e+00
      endloop
   endfacet
   facet normal 0.000000e+00 0.000000e+00 -1.000000e+00
      outer loop
         vertex -1.723880e+01 -4.060254e-01 0.000000e+00
         vertex -1.666813e+01 1.776357e-15 0.000000e+00
         vertex -1.708188e+01 -3.486719e-01 0.000000e+00
      endloop
   endfacet
   facet normal 0.000000e+00 0.000000e+00 -1.000000e+00
      outer loop
         vertex -1.666813e+01 1.776357e-15 0.000000e+00
         vertex -1.629788e+01 1.995914e-15 0.000000e+00
         vertex -1.708188e+01 -3.486719e-01 0.000000e+00
      endloop
   endfacet
   facet normal 0.000000e+00 0.000000e+00 -1.000000e+00
      outer loop
         vertex -1.708188e+01 -3.486719e-01 0.000000e+00
         vertex -1.629788e+01 1.995914e-15 0.000000e+00
         vertex -1.693922e+01 -3.174096e-01 0.000000e+00
      endloop
   endfacet
   facet normal -0.000000e+00 0.000000e+00 -1.000000e+00
      outer loop
         vertex -1.629788e+01 1.995914e-15 0.000000e+00
         vertex -1.611353e+01 -1.607950e-02 0.000000e+00
         vertex -1.693922e+01 -3.174096e-01 0.000000e+00
      endloop
   endfacet
   facet normal 0.000000e+00 0.000000e+00 -1.000000e+00
      outer loop
         vertex -1.693922e+01 -3.174096e-01 0.000000e+00
         vertex -1.611353e+01 -1.607950e-02 0.000000e+00
         vertex -1.679356e+01 -3.069167e-01 0.000000e+00
      endloop
   endfacet
   facet normal -0.000000e+00 0.000000e+00 -1.000000e+00
      outer loop
         vertex -1.611353e+01 -1.607950e-02 0.000000e+00
         vertex -1.593475e+01 -6.383234e-02 0.000000e+00
         vertex -1.679356e+01 -3.069167e-01 0.000000e+00
      endloop
   endfacet
   facet normal 0.000000e+00 0.000000e+00 -1.000000e+00
      outer loop
         vertex -1.679356e+01 -3.069167e-01 0.000000e+00
         vertex -1.593475e+01 -6.383234e-02 0.000000e+00
         vertex -1.642335e+01 -3.069167e-01 0.000000e+00
      endloop
   endfacet
   facet normal -0.000000e+00 0.000000e+00 -1.000000e+00
      outer loop
         vertex -1.593475e+01 -6.383234e-02 0.000000e+00
         vertex -1.579906e+01 -1.302326e-01 0.000000e+00
         vertex -1.642335e+01 -3.069167e-01 0.000000e+00
      endloop
   endfacet
   facet normal 0.000000e+00 0.000000e+00 -1.000000e+00
      outer loop
         vertex -1.642335e+01 -3.069167e-01 0.000000e+00
         vertex -1.579906e+01 -1.302326e-01 0.000000e+00
         vertex -1.632851e+01 -3.121625e-01 0.000000e+00
      endloop
   endfacet
   facet normal -0.000000e+00 0.000000e+00 -1.000000e+00
      outer loop
         vertex -1.579906e+01 -1.302326e-01 0.000000e+00
         vertex -1.568057e+01 -2.239497e-01 0.000000e+00
         vertex -1.632851e+01 -3.121625e-01 0.000000e+00
      endloop
   endfacet
   facet normal 0.000000e+00 0.000000e+00 -1.000000e+00
      outer loop
         vertex -1.632851e+01 -3.121625e-01 0.000000e+00
         vertex -1.568057e+01 -2.239497e-01 0.000000e+00
         vertex -1.622416e+01 -3.338593e-01 0.000000e+00
      endloop
   endfacet
   facet normal -0.000000e+00 0.000000e+00 -1.000000e+00
      outer loop
         vertex -1.568057e+01 -2.239497e-01 0.000000e+00
         vertex -1.563911e+01 -2.680353e-01 0.000000e+00
         vertex -1.622416e+01 -3.338593e-01 0.000000e+00
      endloop
   endfacet
   facet normal 0.000000e+00 0.000000e+00 -1.000000e+00
      outer loop
         vertex -1.622416e+01 -3.338593e-01 0.000000e+00
         vertex -1.563911e+01 -2.680353e-01 0.000000e+00
         vertex -1.612536e+01 -3.738631e-01 0.000000e+00
      endloop
   endfacet
   facet normal -0.000000e+00 0.000000e+00 -1.000000e+00
      outer loop
         vertex -1.563911e+01 -2.680353e-01 0.000000e+00
         vertex -1.558224e+01 -3.455234e-01 0.000000e+00
         vertex -1.612536e+01 -3.738631e-01 0.000000e+00
      endloop
   endfacet
   facet normal 0.000000e+00 0.000000e+00 -1.000000e+00
      outer loop
         vertex -1.612536e+01 -3.738631e-01 0.000000e+00
         vertex -1.558224e+01 -3.455234e-01 0.000000e+00
         vertex -1.604755e+01 -4.246249e-01 0.000000e+00
      endloop
   endfacet
   facet normal 0.000000e+00 0.000000e+00 -1.000000e+00
      outer loop
         vertex -1.558224e+01 -3.455234e-01 0.000000e+00
         vertex -1.553886e+01 -4.312908e-01 0.000000e+00
         vertex -1.604755e+01 -4.246249e-01 0.000000e+00
      endloop
   endfacet
   facet normal -0.000000e+00 0.000000e+00 -1.000000e+00
      outer loop
         vertex -1.604755e+01 -4.246249e-01 0.000000e+00
         vertex -1.553886e+01 -4.312908e-01 0.000000e+00
         vertex -1.598182e+01 -4.902853e-01 0.000000e+00
      endloop
   endfacet
   facet normal 0.000000e+00 0.000000e+00 -1.000000e+00
      outer loop
         vertex -1.553886e+01 -4.312908e-01 0.000000e+00
         vertex -1.551214e+01 -5.180923e-01 0.000000e+00
         vertex -1.598182e+01 -4.902853e-01 0.000000e+00
      endloop
   endfacet
   facet normal -0.000000e+00 0.000000e+00 -1.000000e+00
      outer loop
         vertex -1.598182e+01 -4.902853e-01 0.000000e+00
         vertex -1.551214e+01 -5.180923e-01 0.000000e+00
         vertex -1.595623e+01 -5.252222e-01 0.000000e+00
      endloop
   endfacet
   facet normal 0.000000e+00 0.000000e+00 -1.000000e+00
      outer loop
         vertex -1.551214e+01 -5.180923e-01 0.000000e+00
         vertex -1.550091e+01 -6.082152e-01 0.000000e+00
         vertex -1.595623e+01 -5.252222e-01 0.000000e+00
      endloop
   endfacet
   facet normal 0.000000e+00 0.000000e+00 -1.000000e+00
      outer loop
         vertex -1.595623e+01 -5.252222e-01 0.000000e+00
         vertex -1.550091e+01 -6.082152e-01 0.000000e+00
         vertex -1.593426e+01 -5.625476e-01 0.000000e+00
      endloop
   endfacet
   facet normal 0.000000e+00 0.000000e+00 -1.000000e+00
      outer loop
         vertex -1.550091e+01 -6.082152e-01 0.000000e+00
         vertex -1.550251e+01 -6.803398e-01 0.000000e+00
         vertex -1.593426e+01 -5.625476e-01 0.000000e+00
      endloop
   endfacet
   facet normal 0.000000e+00 0.000000e+00 -1.000000e+00
      outer loop
         vertex -1.593426e+01 -5.625476e-01 0.000000e+00
         vertex -1.550251e+01 -6.803398e-01 0.000000e+00
         vertex -1.591794e+01 -5.984508e-01 0.000000e+00
      endloop
   endfacet
   facet normal 0.000000e+00 0.000000e+00 -1.000000e+00
      outer loop
         vertex -1.550251e+01 -6.803398e-01 0.000000e+00
         vertex -1.551261e+01 -7.517731e-01 0.000000e+00
         vertex -1.591794e+01 -5.984508e-01 0.000000e+00
      endloop
   endfacet
   facet normal 0.000000e+00 0.000000e+00 -1.000000e+00
      outer loop
         vertex -1.591794e+01 -5.984508e-01 0.000000e+00
         vertex -1.551261e+01 -7.517731e-01 0.000000e+00
         vertex -1.590567e+01 -6.359318e-01 0.000000e+00
      endloop
   endfacet
   facet normal 0.000000e+00 0.000000e+00 -1.000000e+00
      outer loop
         vertex -1.551261e+01 -7.517731e-01 0.000000e+00
         vertex -1.553462e+01 -8.392694e-01 0.000000e+00
         vertex -1.590567e+01 -6.359318e-01 0.000000e+00
      endloop
   endfacet
   facet normal 0.000000e+00 0.000000e+00 -1.000000e+00
      outer loop
         vertex -1.590567e+01 -6.359318e-01 0.000000e+00
         vertex -1.553462e+01 -8.392694e-01 0.000000e+00
         vertex -1.589464e+01 -6.999939e-01 0.000000e+00
      endloop
   endfacet
   facet normal 0.000000e+00 0.000000e+00 -1.000000e+00
      outer loop
         vertex -1.553462e+01 -8.392694e-01 0.000000e+00
         vertex -1.556478e+01 -9.243054e-01 0.000000e+00
         vertex -1.589464e+01 -6.999939e-01 0.000000e+00
      endloop
   endfacet
   facet normal 0.000000e+00 0.000000e+00 -1.000000e+00
      outer loop
         vertex -1.589464e+01 -6.999939e-01 0.000000e+00
         vertex -1.556478e+01 -9.243054e-01 0.000000e+00
         vertex -1.589532e+01 -7.649964e-01 0.000000e+00
      endloop
   endfacet
   facet normal 0.000000e+00 0.000000e+00 -1.000000e+00
      outer loop
         vertex -1.556478e+01 -9.243054e-01 0.000000e+00
         vertex -1.590938e+01 -8.455738e-01 0.000000e+00
         vertex -1.589532e+01 -7.649964e-01 0.000000e+00
      endloop
   endfacet
   facet normal 0.000000e+00 0.000000e+00 -1.000000e+00
      outer loop
         vertex -1.590938e+01 -8.455738e-01 0.000000e+00
         vertex -1.556478e+01 -9.243054e-01 0.000000e+00
         vertex -1.593482e+01 -9.233132e-01 0.000000e+00
      endloop
   endfacet
   facet normal 0.000000e+00 0.000000e+00 -1.000000e+00
      outer loop
         vertex -1.556478e+01 -9.243054e-01 0.000000e+00
         vertex -1.688678e+01 -4.159333e+00 0.000000e+00
         vertex -1.593482e+01 -9.233132e-01 0.000000e+00
      endloop
   endfacet
   facet normal 0.000000e+00 0.000000e+00 -1.000000e+00
      outer loop
         vertex -1.593482e+01 -9.233132e-01 0.000000e+00
         vertex -1.688678e+01 -4.159333e+00 0.000000e+00
         vertex -1.725716e+01 -4.159291e+00 0.000000e+00
      endloop
   endfacet
   facet normal 0.000000e+00 0.000000e+00 -1.000000e+00
      outer loop
         vertex -1.688678e+01 -4.159333e+00 0.000000e+00
         vertex -1.689870e+01 -4.182146e+00 0.000000e+00
         vertex -1.725716e+01 -4.159291e+00 0.000000e+00
      endloop
   endfacet
   facet normal -0.000000e+00 0.000000e+00 -1.000000e+00
      outer loop
         vertex -1.725716e+01 -4.159291e+00 0.000000e+00
         vertex -1.689870e+01 -4.182146e+00 0.000000e+00
         vertex -1.726890e+01 -4.226451e+00 0.000000e+00
      endloop
   endfacet
   facet normal -0.000000e+00 0.000000e+00 -1.000000e+00
      outer loop
         vertex -1.689870e+01 -4.182146e+00 0.000000e+00
         vertex -1.691466e+01 -4.202341e+00 0.000000e+00
         vertex -1.726890e+01 -4.226451e+00 0.000000e+00
      endloop
   endfacet
   facet normal 0.000000e+00 0.000000e+00 -1.000000e+00
      outer loop
         vertex -1.726890e+01 -4.226451e+00 0.000000e+00
         vertex -1.691466e+01 -4.202341e+00 0.000000e+00
         vertex -1.724449e+01 -4.273310e+00 0.000000e+00
      endloop
   endfacet
   facet normal -0.000000e+00 0.000000e+00 -1.000000e+00
      outer loop
         vertex -1.691466e+01 -4.202341e+00 0.000000e+00
         vertex -1.694772e+01 -4.233490e+00 0.000000e+00
         vertex -1.724449e+01 -4.273310e+00 0.000000e+00
      endloop
   endfacet
   facet normal 0.000000e+00 0.000000e+00 -1.000000e+00
      outer loop
         vertex -1.724449e+01 -4.273310e+00 0.000000e+00
         vertex -1.694772e+01 -4.233490e+00 0.000000e+00
         vertex -1.722232e+01 -4.290196e+00 0.000000e+00
      endloop
   endfacet
   facet normal -0.000000e+00 0.000000e+00 -1.000000e+00
      outer loop
         vertex -1.694772e+01 -4.233490e+00 0.000000e+00
         vertex -1.698387e+01 -4.260991e+00 0.000000e+00
         vertex -1.722232e+01 -4.290196e+00 0.000000e+00
      endloop
   endfacet
   facet normal 0.000000e+00 0.000000e+00 -1.000000e+00
      outer loop
         vertex -1.722232e+01 -4.290196e+00 0.000000e+00
         vertex -1.698387e+01 -4.260991e+00 0.000000e+00
         vertex -1.719724e+01 -4.302333e+00 0.000000e+00
      endloop
   endfacet
   facet normal -0.000000e+00 0.000000e+00 -1.000000e+00
      outer loop
         vertex -1.698387e+01 -4.260991e+00 0.000000e+00
         vertex -1.702284e+01 -4.283909e+00 0.000000e+00
         vertex -1.719724e+01 -4.302333e+00 0.000000e+00
      endloop
   endfacet
   facet normal 0.000000e+00 0.000000e+00 -1.000000e+00
      outer loop
         vertex -1.719724e+01 -4.302333e+00 0.000000e+00
         vertex -1.702284e+01 -4.283909e+00 0.000000e+00
         vertex -1.716656e+01 -4.310589e+00 0.000000e+00
      endloop
   endfacet
   facet normal -0.000000e+00 0.000000e+00 -1.000000e+00
      outer loop
         vertex -1.702284e+01 -4.283909e+00 0.000000e+00
         vertex -1.706448e+01 -4.301505e+00 0.000000e+00
         vertex -1.716656e+01 -4.310589e+00 0.000000e+00
      endloop
   endfacet
   facet normal 0.000000e+00 0.000000e+00 -1.000000e+00
      outer loop
         vertex -1.716656e+01 -4.310589e+00 0.000000e+00
         vertex -1.706448e+01 -4.301505e+00 0.000000e+00
         vertex -1.713491e+01 -4.313370e+00 0.000000e+00
      endloop
   endfacet
   facet normal -0.000000e+00 0.000000e+00 -1.000000e+00
      outer loop
         vertex -1.706448e+01 -4.301505e+00 0.000000e+00
         vertex -1.709920e+01 -4.310383e+00 0.000000e+00
         vertex -1.713491e+01 -4.313370e+00 0.000000e+00
      endloop
   endfacet
   facet normal -7.959889e-01 6.053112e-01 0.000000e+00
      outer loop
         vertex -2.787239e+01 -5.916736e-01 0.000000e+00
         vertex -2.799187e+01 -7.487959e-01 0.000000e+00
         vertex -2.799187e+01 -7.487959e-01 5.000000e+00
      endloop
   endfacet
   facet normal -7.959889e-01 6.053112e-01 0.000000e+00
      outer loop
         vertex -2.787239e+01 -5.916736e-01 0.000000e+00
         vertex -2.799187e+01 -7.487959e-01 5.000000e+00
         vertex -2.787239e+01 -5.916736e-01 5.000000e+00
      endloop
   endfacet
   facet normal -8.891356e-01 4.576438e-01 0.000000e+00
      outer loop
         vertex -2.799187e+01 -7.487959e-01 0.000000e+00
         vertex -2.808221e+01 -9.243054e-01 0.000000e+00
         vertex -2.808221e+01 -9.243054e-01 5.000000e+00
      endloop
   endfacet
   facet normal -8.891356e-01 4.576438e-01 0.000000e+00
      outer loop
         vertex -2.799187e+01 -7.487959e-01 0.000000e+00
         vertex -2.808221e+01 -9.243054e-01 5.000000e+00
         vertex -2.799187e+01 -7.487959e-01 5.000000e+00
      endloop
   endfacet
   facet normal -9.256885e-01 3.782867e-01 0.000000e+00
      outer loop
         vertex -2.808221e+01 -9.243054e-01 0.000000e+00
         vertex -2.940422e+01 -4.159333e+00 0.000000e+00
         vertex -2.940422e+01 -4.159333e+00 5.000000e+00
      endloop
   endfacet
   facet normal -9.256885e-01 3.782867e-01 0.000000e+00
      outer loop
         vertex -2.808221e+01 -9.243054e-01 0.000000e+00
         vertex -2.940422e+01 -4.159333e+00 5.000000e+00
         vertex -2.808221e+01 -9.243054e-01 5.000000e+00
      endloop
   endfacet
   facet normal -9.851078e-01 1.719379e-01 0.000000e+00
      outer loop
         vertex -2.940422e+01 -4.159333e+00 0.000000e+00
         vertex -2.941593e+01 -4.226431e+00 0.000000e+00
         vertex -2.941593e+01 -4.226431e+00 5.000000e+00
      endloop
   endfacet
   facet normal -9.851078e-01 1.719379e-01 0.000000e+00
      outer loop
         vertex -2.940422e+01 -4.159333e+00 0.000000e+00
         vertex -2.941593e+01 -4.226431e+00 5.000000e+00
         vertex -2.940422e+01 -4.159333e+00 5.000000e+00
      endloop
   endfacet
   facet normal -8.868575e-01 -4.620431e-01 0.000000e+00
      outer loop
         vertex -2.941593e+01 -4.226431e+00 0.000000e+00
         vertex -2.939151e+01 -4.273310e+00 0.000000e+00
         vertex -2.939151e+01 -4.273310e+00 5.000000e+00
      endloop
   endfacet
   facet normal -8.868575e-01 -4.620431e-01 0.000000e+00
      outer loop
         vertex -2.941593e+01 -4.226431e+00 0.000000e+00
         vertex -2.939151e+01 -4.273310e+00 5.000000e+00
         vertex -2.941593e+01 -4.226431e+00 5.000000e+00
      endloop
   endfacet
   facet normal -6.060396e-01 -7.954345e-01 0.000000e+00
      outer loop
         vertex -2.939151e+01 -4.273310e+00 0.000000e+00
         vertex -2.936934e+01 -4.290196e+00 0.000000e+00
         vertex -2.936934e+01 -4.290196e+00 5.000000e+00
      endloop
   endfacet
   facet normal -6.060396e-01 -7.954345e-01 0.000000e+00
      outer loop
         vertex -2.939151e+01 -4.273310e+00 0.000000e+00
         vertex -2.936934e+01 -4.290196e+00 5.000000e+00
         vertex -2.939151e+01 -4.273310e+00 5.000000e+00
      endloop
   endfacet
   facet normal -4.355802e-01 -9.001499e-01 0.000000e+00
      outer loop
         vertex -2.936934e+01 -4.290196e+00 0.000000e+00
         vertex -2.934426e+01 -4.302333e+00 0.000000e+00
         vertex -2.934426e+01 -4.302333e+00 5.000000e+00
      endloop
   endfacet
   facet normal -4.355802e-01 -9.001499e-01 0.000000e+00
      outer loop
         vertex -2.936934e+01 -4.290196e+00 0.000000e+00
         vertex -2.934426e+01 -4.302333e+00 5.000000e+00
         vertex -2.936934e+01 -4.290196e+00 5.000000e+00
      endloop
   endfacet
   facet normal -2.598572e-01 -9.656471e-01 0.000000e+00
      outer loop
         vertex -2.934426e+01 -4.302333e+00 0.000000e+00
         vertex -2.931358e+01 -4.310589e+00 0.000000e+00
         vertex -2.931358e+01 -4.310589e+00 5.000000e+00
      endloop
   endfacet
   facet normal -2.598572e-01 -9.656471e-01 0.000000e+00
      outer loop
         vertex -2.934426e+01 -4.302333e+00 0.000000e+00
         vertex -2.931358e+01 -4.310589e+00 5.000000e+00
         vertex -2.934426e+01 -4.302333e+00 5.000000e+00
      endloop
   endfacet
   facet normal -8.751099e-02 -9.961636e-01 0.000000e+00
      outer loop
         vertex -2.931358e+01 -4.310589e+00 0.000000e+00
         vertex -2.928193e+01 -4.313370e+00 0.000000e+00
         vertex -2.928193e+01 -4.313370e+00 5.000000e+00
      endloop
   endfacet
   facet normal -8.751099e-02 -9.961636e-01 0.000000e+00
      outer loop
         vertex -2.931358e+01 -4.310589e+00 0.000000e+00
         vertex -2.928193e+01 -4.313370e+00 5.000000e+00
         vertex -2.931358e+01 -4.310589e+00 5.000000e+00
      endloop
   endfacet
   facet normal 8.338026e-02 -9.965178e-01 0.000000e+00
      outer loop
         vertex -2.928193e+01 -4.313370e+00 0.000000e+00
         vertex -2.924622e+01 -4.310382e+00 0.000000e+00
         vertex -2.924622e+01 -4.310382e+00 5.000000e+00
      endloop
   endfacet
   facet normal 8.338026e-02 -9.965178e-01 0.000000e+00
      outer loop
         vertex -2.928193e+01 -4.313370e+00 0.000000e+00
         vertex -2.924622e+01 -4.310382e+00 5.000000e+00
         vertex -2.928193e+01 -4.313370e+00 5.000000e+00
      endloop
   endfacet
   facet normal 2.478420e-01 -9.688005e-01 0.000000e+00
      outer loop
         vertex -2.924622e+01 -4.310382e+00 0.000000e+00
         vertex -2.921150e+01 -4.301500e+00 0.000000e+00
         vertex -2.921150e+01 -4.301500e+00 5.000000e+00
      endloop
   endfacet
   facet normal 2.478420e-01 -9.688005e-01 0.000000e+00
      outer loop
         vertex -2.924622e+01 -4.310382e+00 0.000000e+00
         vertex -2.921150e+01 -4.301500e+00 5.000000e+00
         vertex -2.924622e+01 -4.310382e+00 5.000000e+00
      endloop
   endfacet
   facet normal 3.893283e-01 -9.210991e-01 0.000000e+00
      outer loop
         vertex -2.921150e+01 -4.301500e+00 0.000000e+00
         vertex -2.916986e+01 -4.283898e+00 0.000000e+00
         vertex -2.916986e+01 -4.283898e+00 5.000000e+00
      endloop
   endfacet
   facet normal 3.893283e-01 -9.210991e-01 0.000000e+00
      outer loop
         vertex -2.921150e+01 -4.301500e+00 0.000000e+00
         vertex -2.916986e+01 -4.283898e+00 5.000000e+00
         vertex -2.921150e+01 -4.301500e+00 5.000000e+00
      endloop
   endfacet
   facet normal 5.070989e-01 -8.618879e-01 0.000000e+00
      outer loop
         vertex -2.916986e+01 -4.283898e+00 0.000000e+00
         vertex -2.913089e+01 -4.260970e+00 0.000000e+00
         vertex -2.913089e+01 -4.260970e+00 5.000000e+00
      endloop
   endfacet
   facet normal 5.070989e-01 -8.618879e-01 0.000000e+00
      outer loop
         vertex -2.916986e+01 -4.283898e+00 0.000000e+00
         vertex -2.913089e+01 -4.260970e+00 5.000000e+00
         vertex -2.916986e+01 -4.283898e+00 5.000000e+00
      endloop
   endfacet
   facet normal 6.055207e-01 -7.958296e-01 0.000000e+00
      outer loop
         vertex -2.913089e+01 -4.260970e+00 0.000000e+00
         vertex -2.909473e+01 -4.233460e+00 0.000000e+00
         vertex -2.909473e+01 -4.233460e+00 5.000000e+00
      endloop
   endfacet
   facet normal 6.055207e-01 -7.958296e-01 0.000000e+00
      outer loop
         vertex -2.913089e+01 -4.260970e+00 0.000000e+00
         vertex -2.909473e+01 -4.233460e+00 5.000000e+00
         vertex -2.913089e+01 -4.260970e+00 5.000000e+00
      endloop
   endfacet
   facet normal 6.857657e-01 -7.278224e-01 0.000000e+00
      outer loop
         vertex -2.909473e+01 -4.233460e+00 0.000000e+00
         vertex -2.906167e+01 -4.202305e+00 0.000000e+00
         vertex -2.906167e+01 -4.202305e+00 5.000000e+00
      endloop
   endfacet
   facet normal 6.857657e-01 -7.278224e-01 0.000000e+00
      outer loop
         vertex -2.909473e+01 -4.233460e+00 0.000000e+00
         vertex -2.906167e+01 -4.202305e+00 5.000000e+00
         vertex -2.909473e+01 -4.233460e+00 5.000000e+00
      endloop
   endfacet
   facet normal 7.844332e-01 -6.202133e-01 0.000000e+00
      outer loop
         vertex -2.906167e+01 -4.202305e+00 0.000000e+00
         vertex -2.904570e+01 -4.182106e+00 0.000000e+00
         vertex -2.904570e+01 -4.182106e+00 5.000000e+00
      endloop
   endfacet
   facet normal 7.844332e-01 -6.202133e-01 0.000000e+00
      outer loop
         vertex -2.906167e+01 -4.202305e+00 0.000000e+00
         vertex -2.904570e+01 -4.182106e+00 5.000000e+00
         vertex -2.906167e+01 -4.202305e+00 5.000000e+00
      endloop
   endfacet
   facet normal 8.860348e-01 -4.636188e-01 0.000000e+00
      outer loop
         vertex -2.904570e+01 -4.182106e+00 0.000000e+00
         vertex -2.903376e+01 -4.159291e+00 0.000000e+00
         vertex -2.903376e+01 -4.159291e+00 5.000000e+00
      endloop
   endfacet
   facet normal 8.860348e-01 -4.636188e-01 0.000000e+00
      outer loop
         vertex -2.904570e+01 -4.182106e+00 0.000000e+00
         vertex -2.903376e+01 -4.159291e+00 5.000000e+00
         vertex -2.904570e+01 -4.182106e+00 5.000000e+00
      endloop
   endfacet
   facet normal 9.256944e-01 -3.782723e-01 0.000000e+00
      outer loop
         vertex -2.903376e+01 -4.159291e+00 0.000000e+00
         vertex -2.771142e+01 -9.233132e-01 0.000000e+00
         vertex -2.771142e+01 -9.233132e-01 5.000000e+00
      endloop
   endfacet
   facet normal 9.256944e-01 -3.782723e-01 0.000000e+00
      outer loop
         vertex -2.903376e+01 -4.159291e+00 0.000000e+00
         vertex -2.771142e+01 -9.233132e-01 5.000000e+00
         vertex -2.903376e+01 -4.159291e+00 5.000000e+00
      endloop
   endfacet
   facet normal 8.888469e-01 -4.582043e-01 0.000000e+00
      outer loop
         vertex -2.771142e+01 -9.233132e-01 0.000000e+00
         vertex -2.764827e+01 -8.008110e-01 0.000000e+00
         vertex -2.764827e+01 -8.008110e-01 5.000000e+00
      endloop
   endfacet
   facet normal 8.888469e-01 -4.582043e-01 0.000000e+00
      outer loop
         vertex -2.771142e+01 -9.233132e-01 0.000000e+00
         vertex -2.764827e+01 -8.008110e-01 5.000000e+00
         vertex -2.771142e+01 -9.233132e-01 5.000000e+00
      endloop
   endfacet
   facet normal 7.949718e-01 -6.066464e-01 0.000000e+00
      outer loop
         vertex -2.764827e+01 -8.008110e-01 0.000000e+00
         vertex -2.756466e+01 -6.912472e-01 0.000000e+00
         vertex -2.756466e+01 -6.912472e-01 5.000000e+00
      endloop
   endfacet
   facet normal 7.949718e-01 -6.066464e-01 0.000000e+00
      outer loop
         vertex -2.764827e+01 -8.008110e-01 0.000000e+00
         vertex -2.756466e+01 -6.912472e-01 5.000000e+00
         vertex -2.764827e+01 -8.008110e-01 5.000000e+00
      endloop
   endfacet
   facet normal 6.874305e-01 -7.262502e-01 0.000000e+00
      outer loop
         vertex -2.756466e+01 -6.912472e-01 0.000000e+00
         vertex -2.744456e+01 -5.775595e-01 0.000000e+00
         vertex -2.744456e+01 -5.775595e-01 5.000000e+00
      endloop
   endfacet
   facet normal 6.874305e-01 -7.262502e-01 0.000000e+00
      outer loop
         vertex -2.756466e+01 -6.912472e-01 0.000000e+00
         vertex -2.744456e+01 -5.775595e-01 5.000000e+00
         vertex -2.756466e+01 -6.912472e-01 5.000000e+00
      endloop
   endfacet
   facet normal 5.743378e-01 -8.186184e-01 0.000000e+00
      outer loop
         vertex -2.744456e+01 -5.775595e-01 0.000000e+00
         vertex -2.730917e+01 -4.825752e-01 0.000000e+00
         vertex -2.730917e+01 -4.825752e-01 5.000000e+00
      endloop
   endfacet
   facet normal 5.743378e-01 -8.186184e-01 0.000000e+00
      outer loop
         vertex -2.744456e+01 -5.775595e-01 0.000000e+00
         vertex -2.730917e+01 -4.825752e-01 5.000000e+00
         vertex -2.744456e+01 -5.775595e-01 5.000000e+00
      endloop
   endfacet
   facet normal 4.581863e-01 -8.888562e-01 0.000000e+00
      outer loop
         vertex -2.730917e+01 -4.825752e-01 0.000000e+00
         vertex -2.716067e+01 -4.060254e-01 0.000000e+00
         vertex -2.716067e+01 -4.060254e-01 5.000000e+00
      endloop
   endfacet
   facet normal 4.581863e-01 -8.888562e-01 0.000000e+00
      outer loop
         vertex -2.730917e+01 -4.825752e-01 0.000000e+00
         vertex -2.716067e+01 -4.060254e-01 5.000000e+00
         vertex -2.730917e+01 -4.825752e-01 5.000000e+00
      endloop
   endfacet
   facet normal 3.432894e-01 -9.392297e-01 0.000000e+00
      outer loop
         vertex -2.716067e+01 -4.060254e-01 0.000000e+00
         vertex -2.700375e+01 -3.486719e-01 0.000000e+00
         vertex -2.700375e+01 -3.486719e-01 5.000000e+00
      endloop
   endfacet
   facet normal 3.432894e-01 -9.392297e-01 0.000000e+00
      outer loop
         vertex -2.716067e+01 -4.060254e-01 0.000000e+00
         vertex -2.700375e+01 -3.486719e-01 5.000000e+00
         vertex -2.716067e+01 -4.060254e-01 5.000000e+00
      endloop
   endfacet
   facet normal 2.140642e-01 -9.768196e-01 0.000000e+00
      outer loop
         vertex -2.700375e+01 -3.486719e-01 0.000000e+00
         vertex -2.686110e+01 -3.174096e-01 0.000000e+00
         vertex -2.686110e+01 -3.174096e-01 5.000000e+00
      endloop
   endfacet
   facet normal 2.140642e-01 -9.768196e-01 0.000000e+00
      outer loop
         vertex -2.700375e+01 -3.486719e-01 0.000000e+00
         vertex -2.686110e+01 -3.174096e-01 5.000000e+00
         vertex -2.700375e+01 -3.486719e-01 5.000000e+00
      endloop
   endfacet
   facet normal 7.184923e-02 -9.974155e-01 0.000000e+00
      outer loop
         vertex -2.686110e+01 -3.174096e-01 0.000000e+00
         vertex -2.671543e+01 -3.069167e-01 0.000000e+00
         vertex -2.671543e+01 -3.069167e-01 5.000000e+00
      endloop
   endfacet
   facet normal 7.184923e-02 -9.974155e-01 0.000000e+00
      outer loop
         vertex -2.686110e+01 -3.174096e-01 0.000000e+00
         vertex -2.671543e+01 -3.069167e-01 5.000000e+00
         vertex -2.686110e+01 -3.174096e-01 5.000000e+00
      endloop
   endfacet
   facet normal 0.000000e+00 -1.000000e+00 0.000000e+00
      outer loop
         vertex -2.671543e+01 -3.069167e-01 0.000000e+00
         vertex -2.634522e+01 -3.069167e-01 0.000000e+00
         vertex -2.634522e+01 -3.069167e-01 5.000000e+00
      endloop
   endfacet
   facet normal -0.000000e+00 -1.000000e+00 0.000000e+00
      outer loop
         vertex -2.671543e+01 -3.069167e-01 0.000000e+00
         vertex -2.634522e+01 -3.069167e-01 5.000000e+00
         vertex -2.671543e+01 -3.069167e-01 5.000000e+00
      endloop
   endfacet
   facet normal -5.522920e-02 -9.984737e-01 0.000000e+00
      outer loop
         vertex -2.634522e+01 -3.069167e-01 0.000000e+00
         vertex -2.625038e+01 -3.121625e-01 0.000000e+00
         vertex -2.625038e+01 -3.121625e-01 5.000000e+00
      endloop
   endfacet
   facet normal -5.522920e-02 -9.984737e-01 0.000000e+00
      outer loop
         vertex -2.634522e+01 -3.069167e-01 0.000000e+00
         vertex -2.625038e+01 -3.121625e-01 5.000000e+00
         vertex -2.634522e+01 -3.069167e-01 5.000000e+00
      endloop
   endfacet
   facet normal -2.035633e-01 -9.790618e-01 0.000000e+00
      outer loop
         vertex -2.625038e+01 -3.121625e-01 0.000000e+00
         vertex -2.614603e+01 -3.338593e-01 0.000000e+00
         vertex -2.614603e+01 -3.338593e-01 5.000000e+00
      endloop
   endfacet
   facet normal -2.035633e-01 -9.790618e-01 0.000000e+00
      outer loop
         vertex -2.625038e+01 -3.121625e-01 0.000000e+00
         vertex -2.614603e+01 -3.338593e-01 5.000000e+00
         vertex -2.625038e+01 -3.121625e-01 5.000000e+00
      endloop
   endfacet
   facet normal -3.753170e-01 -9.268965e-01 0.000000e+00
      outer loop
         vertex -2.614603e+01 -3.338593e-01 0.000000e+00
         vertex -2.604723e+01 -3.738631e-01 0.000000e+00
         vertex -2.604723e+01 -3.738631e-01 5.000000e+00
      endloop
   endfacet
   facet normal -3.753170e-01 -9.268965e-01 0.000000e+00
      outer loop
         vertex -2.614603e+01 -3.338593e-01 0.000000e+00
         vertex -2.604723e+01 -3.738631e-01 5.000000e+00
         vertex -2.614603e+01 -3.338593e-01 5.000000e+00
      endloop
   endfacet
   facet normal -5.463884e-01 -8.375319e-01 0.000000e+00
      outer loop
         vertex -2.604723e+01 -3.738631e-01 0.000000e+00
         vertex -2.596942e+01 -4.246249e-01 0.000000e+00
         vertex -2.596942e+01 -4.246249e-01 5.000000e+00
      endloop
   endfacet
   facet normal -5.463884e-01 -8.375319e-01 0.000000e+00
      outer loop
         vertex -2.604723e+01 -3.738631e-01 0.000000e+00
         vertex -2.596942e+01 -4.246249e-01 5.000000e+00
         vertex -2.604723e+01 -3.738631e-01 5.000000e+00
      endloop
   endfacet
   facet normal -7.067574e-01 -7.074560e-01 0.000000e+00
      outer loop
         vertex -2.596942e+01 -4.246249e-01 0.000000e+00
         vertex -2.590370e+01 -4.902853e-01 0.000000e+00
         vertex -2.590370e+01 -4.902853e-01 5.000000e+00
      endloop
   endfacet
   facet normal -7.067574e-01 -7.074560e-01 0.000000e+00
      outer loop
         vertex -2.596942e+01 -4.246249e-01 0.000000e+00
         vertex -2.590370e+01 -4.902853e-01 5.000000e+00
         vertex -2.596942e+01 -4.246249e-01 5.000000e+00
      endloop
   endfacet
   facet normal -8.066663e-01 -5.910072e-01 0.000000e+00
      outer loop
         vertex -2.590370e+01 -4.902853e-01 0.000000e+00
         vertex -2.587810e+01 -5.252222e-01 0.000000e+00
         vertex -2.587810e+01 -5.252222e-01 5.000000e+00
      endloop
   endfacet
   facet normal -8.066663e-01 -5.910072e-01 0.000000e+00
      outer loop
         vertex -2.590370e+01 -4.902853e-01 0.000000e+00
         vertex -2.587810e+01 -5.252222e-01 5.000000e+00
         vertex -2.590370e+01 -4.902853e-01 5.000000e+00
      endloop
   endfacet
   facet normal -8.618253e-01 -5.072052e-01 0.000000e+00
      outer loop
         vertex -2.587810e+01 -5.252222e-01 0.000000e+00
         vertex -2.585613e+01 -5.625476e-01 0.000000e+00
         vertex -2.585613e+01 -5.625476e-01 5.000000e+00
      endloop
   endfacet
   facet normal -8.618253e-01 -5.072052e-01 0.000000e+00
      outer loop
         vertex -2.587810e+01 -5.252222e-01 0.000000e+00
         vertex -2.585613e+01 -5.625476e-01 5.000000e+00
         vertex -2.587810e+01 -5.252222e-01 5.000000e+00
      endloop
   endfacet
   facet normal -9.103697e-01 -4.137958e-01 0.000000e+00
      outer loop
         vertex -2.585613e+01 -5.625476e-01 0.000000e+00
         vertex -2.583982e+01 -5.984508e-01 0.000000e+00
         vertex -2.583982e+01 -5.984508e-01 5.000000e+00
      endloop
   endfacet
   facet normal -9.103697e-01 -4.137958e-01 0.000000e+00
      outer loop
         vertex -2.585613e+01 -5.625476e-01 0.000000e+00
         vertex -2.583982e+01 -5.984508e-01 5.000000e+00
         vertex -2.585613e+01 -5.625476e-01 5.000000e+00
      endloop
   endfacet
   facet normal -9.503856e-01 -3.110742e-01 0.000000e+00
      outer loop
         vertex -2.583982e+01 -5.984508e-01 0.000000e+00
         vertex -2.582755e+01 -6.359318e-01 0.000000e+00
         vertex -2.582755e+01 -6.359318e-01 5.000000e+00
      endloop
   endfacet
   facet normal -9.503856e-01 -3.110742e-01 0.000000e+00
      outer loop
         vertex -2.583982e+01 -5.984508e-01 0.000000e+00
         vertex -2.582755e+01 -6.359318e-01 5.000000e+00
         vertex -2.583982e+01 -5.984508e-01 5.000000e+00
      endloop
   endfacet
   facet normal -9.854741e-01 -1.698255e-01 0.000000e+00
      outer loop
         vertex -2.582755e+01 -6.359318e-01 0.000000e+00
         vertex -2.581651e+01 -6.999939e-01 0.000000e+00
         vertex -2.581651e+01 -6.999939e-01 5.000000e+00
      endloop
   endfacet
   facet normal -9.854741e-01 -1.698255e-01 0.000000e+00
      outer loop
         vertex -2.582755e+01 -6.359318e-01 0.000000e+00
         vertex -2.581651e+01 -6.999939e-01 5.000000e+00
         vertex -2.582755e+01 -6.359318e-01 5.000000e+00
      endloop
   endfacet
   facet normal -9.999448e-01 1.050411e-02 0.000000e+00
      outer loop
         vertex -2.581651e+01 -6.999939e-01 0.000000e+00
         vertex -2.581719e+01 -7.649964e-01 0.000000e+00
         vertex -2.581719e+01 -7.649964e-01 5.000000e+00
      endloop
   endfacet
   facet normal -9.999448e-01 1.050411e-02 0.000000e+00
      outer loop
         vertex -2.581651e+01 -6.999939e-01 0.000000e+00
         vertex -2.581719e+01 -7.649964e-01 5.000000e+00
         vertex -2.581651e+01 -6.999939e-01 5.000000e+00
      endloop
   endfacet
   facet normal -9.851056e-01 1.719502e-01 0.000000e+00
      outer loop
         vertex -2.581719e+01 -7.649964e-01 0.000000e+00
         vertex -2.583125e+01 -8.455738e-01 0.000000e+00
         vertex -2.583125e+01 -8.455738e-01 5.000000e+00
      endloop
   endfacet
   facet normal -9.851056e-01 1.719502e-01 0.000000e+00
      outer loop
         vertex -2.581719e+01 -7.649964e-01 0.000000e+00
         vertex -2.583125e+01 -8.455738e-01 5.000000e+00
         vertex -2.581719e+01 -7.649964e-01 5.000000e+00
      endloop
   endfacet
   facet normal -9.504104e-01 3.109986e-01 0.000000e+00
      outer loop
         vertex -2.583125e+01 -8.455738e-01 0.000000e+00
         vertex -2.585669e+01 -9.233132e-01 0.000000e+00
         vertex -2.585669e+01 -9.233132e-01 5.000000e+00
      endloop
   endfacet
   facet normal -9.504104e-01 3.109986e-01 0.000000e+00
      outer loop
         vertex -2.583125e+01 -8.455738e-01 0.000000e+00
         vertex -2.585669e+01 -9.233132e-01 5.000000e+00
         vertex -2.583125e+01 -8.455738e-01 5.000000e+00
      endloop
   endfacet
   facet normal -9.256944e-01 3.782723e-01 0.000000e+00
      outer loop
         vertex -2.585669e+01 -9.233132e-01 0.000000e+00
         vertex -2.717903e+01 -4.159291e+00 0.000000e+00
         vertex -2.717903e+01 -4.159291e+00 5.000000e+00
      endloop
   endfacet
   facet normal -9.256944e-01 3.782723e-01 0.000000e+00
      outer loop
         vertex -2.585669e+01 -9.233132e-01 0.000000e+00
         vertex -2.717903e+01 -4.159291e+00 5.000000e+00
         vertex -2.585669e+01 -9.233132e-01 5.000000e+00
      endloop
   endfacet
   facet normal -9.850683e-01 1.721640e-01 0.000000e+00
      outer loop
         vertex -2.717903e+01 -4.159291e+00 0.000000e+00
         vertex -2.719077e+01 -4.226451e+00 0.000000e+00
         vertex -2.719077e+01 -4.226451e+00 5.000000e+00
      endloop
   endfacet
   facet normal -9.850683e-01 1.721640e-01 0.000000e+00
      outer loop
         vertex -2.717903e+01 -4.159291e+00 0.000000e+00
         vertex -2.719077e+01 -4.226451e+00 5.000000e+00
         vertex -2.717903e+01 -4.159291e+00 5.000000e+00
      endloop
   endfacet
   facet normal -8.868782e-01 -4.620033e-01 0.000000e+00
      outer loop
         vertex -2.719077e+01 -4.226451e+00 0.000000e+00
         vertex -2.716636e+01 -4.273310e+00 0.000000e+00
         vertex -2.716636e+01 -4.273310e+00 5.000000e+00
      endloop
   endfacet
   facet normal -8.868782e-01 -4.620033e-01 0.000000e+00
      outer loop
         vertex -2.719077e+01 -4.226451e+00 0.000000e+00
         vertex -2.716636e+01 -4.273310e+00 5.000000e+00
         vertex -2.719077e+01 -4.226451e+00 5.000000e+00
      endloop
   endfacet
   facet normal -6.060396e-01 -7.954345e-01 0.000000e+00
      outer loop
         vertex -2.716636e+01 -4.273310e+00 0.000000e+00
         vertex -2.714420e+01 -4.290196e+00 0.000000e+00
         vertex -2.714420e+01 -4.290196e+00 5.000000e+00
      endloop
   endfacet
   facet normal -6.060396e-01 -7.954345e-01 0.000000e+00
      outer loop
         vertex -2.716636e+01 -4.273310e+00 0.000000e+00
         vertex -2.714420e+01 -4.290196e+00 5.000000e+00
         vertex -2.716636e+01 -4.273310e+00 5.000000e+00
      endloop
   endfacet
   facet normal -4.356070e-01 -9.001370e-01 0.000000e+00
      outer loop
         vertex -2.714420e+01 -4.290196e+00 0.000000e+00
         vertex -2.711912e+01 -4.302333e+00 0.000000e+00
         vertex -2.711912e+01 -4.302333e+00 5.000000e+00
      endloop
   endfacet
   facet normal -4.356070e-01 -9.001370e-01 0.000000e+00
      outer loop
         vertex -2.714420e+01 -4.290196e+00 0.000000e+00
         vertex -2.711912e+01 -4.302333e+00 5.000000e+00
         vertex -2.714420e+01 -4.290196e+00 5.000000e+00
      endloop
   endfacet
   facet normal -2.598421e-01 -9.656511e-01 0.000000e+00
      outer loop
         vertex -2.711912e+01 -4.302333e+00 0.000000e+00
         vertex -2.708843e+01 -4.310589e+00 0.000000e+00
         vertex -2.708843e+01 -4.310589e+00 5.000000e+00
      endloop
   endfacet
   facet normal -2.598421e-01 -9.656511e-01 0.000000e+00
      outer loop
         vertex -2.711912e+01 -4.302333e+00 0.000000e+00
         vertex -2.708843e+01 -4.310589e+00 5.000000e+00
         vertex -2.711912e+01 -4.302333e+00 5.000000e+00
      endloop
   endfacet
   facet normal -8.751623e-02 -9.961631e-01 0.000000e+00
      outer loop
         vertex -2.708843e+01 -4.310589e+00 0.000000e+00
         vertex -2.705679e+01 -4.313370e+00 0.000000e+00
         vertex -2.705679e+01 -4.313370e+00 5.000000e+00
      endloop
   endfacet
   facet normal -8.751623e-02 -9.961631e-01 0.000000e+00
      outer loop
         vertex -2.708843e+01 -4.310589e+00 0.000000e+00
         vertex -2.705679e+01 -4.313370e+00 5.000000e+00
         vertex -2.708843e+01 -4.310589e+00 5.000000e+00
      endloop
   endfacet
   facet normal 8.334941e-02 -9.965204e-01 0.000000e+00
      outer loop
         vertex -2.705679e+01 -4.313370e+00 0.000000e+00
         vertex -2.702107e+01 -4.310383e+00 0.000000e+00
         vertex -2.702107e+01 -4.310383e+00 5.000000e+00
      endloop
   endfacet
   facet normal 8.334941e-02 -9.965204e-01 0.000000e+00
      outer loop
         vertex -2.705679e+01 -4.313370e+00 0.000000e+00
         vertex -2.702107e+01 -4.310383e+00 5.000000e+00
         vertex -2.705679e+01 -4.313370e+00 5.000000e+00
      endloop
   endfacet
   facet normal 2.477545e-01 -9.688228e-01 0.000000e+00
      outer loop
         vertex -2.702107e+01 -4.310383e+00 0.000000e+00
         vertex -2.698636e+01 -4.301505e+00 0.000000e+00
         vertex -2.698636e+01 -4.301505e+00 5.000000e+00
      endloop
   endfacet
   facet normal 2.477545e-01 -9.688228e-01 0.000000e+00
      outer loop
         vertex -2.702107e+01 -4.310383e+00 0.000000e+00
         vertex -2.698636e+01 -4.301505e+00 5.000000e+00
         vertex -2.702107e+01 -4.310383e+00 5.000000e+00
      endloop
   endfacet
   facet normal 3.892091e-01 -9.211494e-01 0.000000e+00
      outer loop
         vertex -2.698636e+01 -4.301505e+00 0.000000e+00
         vertex -2.694471e+01 -4.283909e+00 0.000000e+00
         vertex -2.694471e+01 -4.283909e+00 5.000000e+00
      endloop
   endfacet
   facet normal 3.892091e-01 -9.211494e-01 0.000000e+00
      outer loop
         vertex -2.698636e+01 -4.301505e+00 0.000000e+00
         vertex -2.694471e+01 -4.283909e+00 5.000000e+00
         vertex -2.698636e+01 -4.301505e+00 5.000000e+00
      endloop
   endfacet
   facet normal 5.069501e-01 -8.619754e-01 0.000000e+00
      outer loop
         vertex -2.694471e+01 -4.283909e+00 0.000000e+00
         vertex -2.690574e+01 -4.260991e+00 0.000000e+00
         vertex -2.690574e+01 -4.260991e+00 5.000000e+00
      endloop
   endfacet
   facet normal 5.069501e-01 -8.619754e-01 0.000000e+00
      outer loop
         vertex -2.694471e+01 -4.283909e+00 0.000000e+00
         vertex -2.690574e+01 -4.260991e+00 5.000000e+00
         vertex -2.694471e+01 -4.283909e+00 5.000000e+00
      endloop
   endfacet
   facet normal 6.054282e-01 -7.959000e-01 0.000000e+00
      outer loop
         vertex -2.690574e+01 -4.260991e+00 0.000000e+00
         vertex -2.686959e+01 -4.233490e+00 0.000000e+00
         vertex -2.686959e+01 -4.233490e+00 5.000000e+00
      endloop
   endfacet
   facet normal 6.054282e-01 -7.959000e-01 0.000000e+00
      outer loop
         vertex -2.690574e+01 -4.260991e+00 0.000000e+00
         vertex -2.686959e+01 -4.233490e+00 5.000000e+00
         vertex -2.690574e+01 -4.260991e+00 5.000000e+00
      endloop
   endfacet
   facet normal 6.857883e-01 -7.278011e-01 0.000000e+00
      outer loop
         vertex -2.686959e+01 -4.233490e+00 0.000000e+00
         vertex -2.683653e+01 -4.202341e+00 0.000000e+00
         vertex -2.683653e+01 -4.202341e+00 5.000000e+00
      endloop
   endfacet
   facet normal 6.857883e-01 -7.278011e-01 0.000000e+00
      outer loop
         vertex -2.686959e+01 -4.233490e+00 0.000000e+00
         vertex -2.683653e+01 -4.202341e+00 5.000000e+00
         vertex -2.686959e+01 -4.233490e+00 5.000000e+00
      endloop
   endfacet
   facet normal 7.845925e-01 -6.200118e-01 0.000000e+00
      outer loop
         vertex -2.683653e+01 -4.202341e+00 0.000000e+00
         vertex -2.682058e+01 -4.182146e+00 0.000000e+00
         vertex -2.682058e+01 -4.182146e+00 5.000000e+00
      endloop
   endfacet
   facet normal 7.845925e-01 -6.200118e-01 0.000000e+00
      outer loop
         vertex -2.683653e+01 -4.202341e+00 0.000000e+00
         vertex -2.682058e+01 -4.182146e+00 5.000000e+00
         vertex -2.683653e+01 -4.202341e+00 5.000000e+00
      endloop
   endfacet
   facet normal 8.862887e-01 -4.631332e-01 0.000000e+00
      outer loop
         vertex -2.682058e+01 -4.182146e+00 0.000000e+00
         vertex -2.680865e+01 -4.159333e+00 0.000000e+00
         vertex -2.680865e+01 -4.159333e+00 5.000000e+00
      endloop
   endfacet
   facet normal 8.862887e-01 -4.631332e-01 0.000000e+00
      outer loop
         vertex -2.682058e+01 -4.182146e+00 0.000000e+00
         vertex -2.680865e+01 -4.159333e+00 5.000000e+00
         vertex -2.682058e+01 -4.182146e+00 5.000000e+00
      endloop
   endfacet
   facet normal 9.256887e-01 -3.782862e-01 0.000000e+00
      outer loop
         vertex -2.680865e+01 -4.159333e+00 0.000000e+00
         vertex -2.548665e+01 -9.243054e-01 0.000000e+00
         vertex -2.548665e+01 -9.243054e-01 5.000000e+00
      endloop
   endfacet
   facet normal 9.256887e-01 -3.782862e-01 0.000000e+00
      outer loop
         vertex -2.680865e+01 -4.159333e+00 0.000000e+00
         vertex -2.548665e+01 -9.243054e-01 5.000000e+00
         vertex -2.680865e+01 -4.159333e+00 5.000000e+00
      endloop
   endfacet
   facet normal 9.425003e-01 -3.342052e-01 0.000000e+00
      outer loop
         vertex -2.548665e+01 -9.243054e-01 0.000000e+00
         vertex -2.545650e+01 -8.392694e-01 0.000000e+00
         vertex -2.545650e+01 -8.392694e-01 5.000000e+00
      endloop
   endfacet
   facet normal 9.425003e-01 -3.342052e-01 0.000000e+00
      outer loop
         vertex -2.548665e+01 -9.243054e-01 0.000000e+00
         vertex -2.545650e+01 -8.392694e-01 5.000000e+00
         vertex -2.548665e+01 -9.243054e-01 5.000000e+00
      endloop
   endfacet
   facet normal 9.697699e-01 -2.440214e-01 0.000000e+00
      outer loop
         vertex -2.545650e+01 -8.392694e-01 0.000000e+00
         vertex -2.543448e+01 -7.517731e-01 0.000000e+00
         vertex -2.543448e+01 -7.517731e-01 5.000000e+00
      endloop
   endfacet
   facet normal 9.697699e-01 -2.440214e-01 0.000000e+00
      outer loop
         vertex -2.545650e+01 -8.392694e-01 0.000000e+00
         vertex -2.543448e+01 -7.517731e-01 5.000000e+00
         vertex -2.545650e+01 -8.392694e-01 5.000000e+00
      endloop
   endfacet
   facet normal 9.901675e-01 -1.398865e-01 0.000000e+00
      outer loop
         vertex -2.543448e+01 -7.517731e-01 0.000000e+00
         vertex -2.542439e+01 -6.803398e-01 0.000000e+00
         vertex -2.542439e+01 -6.803398e-01 5.000000e+00
      endloop
   endfacet
   facet normal 9.901675e-01 -1.398865e-01 0.000000e+00
      outer loop
         vertex -2.543448e+01 -7.517731e-01 0.000000e+00
         vertex -2.542439e+01 -6.803398e-01 5.000000e+00
         vertex -2.543448e+01 -7.517731e-01 5.000000e+00
      endloop
   endfacet
   facet normal 9.997516e-01 -2.228774e-02 0.000000e+00
      outer loop
         vertex -2.542439e+01 -6.803398e-01 0.000000e+00
         vertex -2.542278e+01 -6.082152e-01 0.000000e+00
         vertex -2.542278e+01 -6.082152e-01 5.000000e+00
      endloop
   endfacet
   facet normal 9.997516e-01 -2.228774e-02 0.000000e+00
      outer loop
         vertex -2.542439e+01 -6.803398e-01 0.000000e+00
         vertex -2.542278e+01 -6.082152e-01 5.000000e+00
         vertex -2.542439e+01 -6.803398e-01 5.000000e+00
      endloop
   endfacet
   facet normal 9.923199e-01 1.236979e-01 -0.000000e+00
      outer loop
         vertex -2.542278e+01 -6.082152e-01 0.000000e+00
         vertex -2.543401e+01 -5.180923e-01 0.000000e+00
         vertex -2.543401e+01 -5.180923e-01 5.000000e+00
      endloop
   endfacet
   facet normal 9.923199e-01 1.236979e-01 0.000000e+00
      outer loop
         vertex -2.542278e+01 -6.082152e-01 0.000000e+00
         vertex -2.543401e+01 -5.180923e-01 5.000000e+00
         vertex -2.542278e+01 -6.082152e-01 5.000000e+00
      endloop
   endfacet
   facet normal 9.557482e-01 2.941861e-01 -0.000000e+00
      outer loop
         vertex -2.543401e+01 -5.180923e-01 0.000000e+00
         vertex -2.546073e+01 -4.312908e-01 0.000000e+00
         vertex -2.546073e+01 -4.312908e-01 5.000000e+00
      endloop
   endfacet
   facet normal 9.557482e-01 2.941861e-01 0.000000e+00
      outer loop
         vertex -2.543401e+01 -5.180923e-01 0.000000e+00
         vertex -2.546073e+01 -4.312908e-01 5.000000e+00
         vertex -2.543401e+01 -5.180923e-01 5.000000e+00
      endloop
   endfacet
   facet normal 8.923411e-01 4.513616e-01 -0.000000e+00
      outer loop
         vertex -2.546073e+01 -4.312908e-01 0.000000e+00
         vertex -2.550411e+01 -3.455234e-01 0.000000e+00
         vertex -2.550411e+01 -3.455234e-01 5.000000e+00
      endloop
   endfacet
   facet normal 8.923411e-01 4.513616e-01 0.000000e+00
      outer loop
         vertex -2.546073e+01 -4.312908e-01 0.000000e+00
         vertex -2.550411e+01 -3.455234e-01 5.000000e+00
         vertex -2.546073e+01 -4.312908e-01 5.000000e+00
      endloop
   endfacet
   facet normal 8.062009e-01 5.916419e-01 -0.000000e+00
      outer loop
         vertex -2.550411e+01 -3.455234e-01 0.000000e+00
         vertex -2.556098e+01 -2.680353e-01 0.000000e+00
         vertex -2.556098e+01 -2.680353e-01 5.000000e+00
      endloop
   endfacet
   facet normal 8.062009e-01 5.916419e-01 0.000000e+00
      outer loop
         vertex -2.550411e+01 -3.455234e-01 0.000000e+00
         vertex -2.556098e+01 -2.680353e-01 5.000000e+00
         vertex -2.550411e+01 -3.455234e-01 5.000000e+00
      endloop
   endfacet
   facet normal 7.284663e-01 6.850816e-01 -0.000000e+00
      outer loop
         vertex -2.556098e+01 -2.680353e-01 0.000000e+00
         vertex -2.560244e+01 -2.239497e-01 0.000000e+00
         vertex -2.560244e+01 -2.239497e-01 5.000000e+00
      endloop
   endfacet
   facet normal 7.284663e-01 6.850816e-01 0.000000e+00
      outer loop
         vertex -2.556098e+01 -2.680353e-01 0.000000e+00
         vertex -2.560244e+01 -2.239497e-01 5.000000e+00
         vertex -2.556098e+01 -2.680353e-01 5.000000e+00
      endloop
   endfacet
   facet normal 6.203524e-01 7.843232e-01 -0.000000e+00
      outer loop
         vertex -2.560244e+01 -2.239497e-01 0.000000e+00
         vertex -2.572093e+01 -1.302326e-01 0.000000e+00
         vertex -2.572093e+01 -1.302326e-01 5.000000e+00
      endloop
   endfacet
   facet normal 6.203524e-01 7.843232e-01 0.000000e+00
      outer loop
         vertex -2.560244e+01 -2.239497e-01 0.000000e+00
         vertex -2.572093e+01 -1.302326e-01 5.000000e+00
         vertex -2.560244e+01 -2.239497e-01 5.000000e+00
      endloop
   endfacet
   facet normal 4.395246e-01 8.982306e-01 -0.000000e+00
      outer loop
         vertex -2.572093e+01 -1.302326e-01 0.000000e+00
         vertex -2.585663e+01 -6.383234e-02 0.000000e+00
         vertex -2.585663e+01 -6.383234e-02 5.000000e+00
      endloop
   endfacet
   facet normal 4.395246e-01 8.982306e-01 0.000000e+00
      outer loop
         vertex -2.572093e+01 -1.302326e-01 0.000000e+00
         vertex -2.585663e+01 -6.383234e-02 5.000000e+00
         vertex -2.572093e+01 -1.302326e-01 5.000000e+00
      endloop
   endfacet
   facet normal 2.580602e-01 9.661288e-01 -0.000000e+00
      outer loop
         vertex -2.585663e+01 -6.383234e-02 0.000000e+00
         vertex -2.603540e+01 -1.607950e-02 0.000000e+00
         vertex -2.603540e+01 -1.607950e-02 5.000000e+00
      endloop
   endfacet
   facet normal 2.580602e-01 9.661288e-01 0.000000e+00
      outer loop
         vertex -2.585663e+01 -6.383234e-02 0.000000e+00
         vertex -2.603540e+01 -1.607950e-02 5.000000e+00
         vertex -2.585663e+01 -6.383234e-02 5.000000e+00
      endloop
   endfacet
   facet normal 8.689408e-02 9.962176e-01 -0.000000e+00
      outer loop
         vertex -2.603540e+01 -1.607950e-02 0.000000e+00
         vertex -2.621975e+01 3.330669e-15 0.000000e+00
         vertex -2.621975e+01 3.330669e-15 5.000000e+00
      endloop
   endfacet
   facet normal 8.689408e-02 9.962176e-01 0.000000e+00
      outer loop
         vertex -2.603540e+01 -1.607950e-02 0.000000e+00
         vertex -2.621975e+01 3.330669e-15 5.000000e+00
         vertex -2.603540e+01 -1.607950e-02 5.000000e+00
      endloop
   endfacet
   facet normal 1.224649e-16 1.000000e+00 -0.000000e+00
      outer loop
         vertex -2.621975e+01 3.210993e-15 0.000000e+00
         vertex -2.659000e+01 3.256336e-15 0.000000e+00
         vertex -2.659000e+01 3.256336e-15 5.000000e+00
      endloop
   endfacet
   facet normal 1.224649e-16 1.000000e+00 0.000000e+00
      outer loop
         vertex -2.621975e+01 3.210993e-15 0.000000e+00
         vertex -2.659000e+01 3.256336e-15 5.000000e+00
         vertex -2.621975e+01 3.210993e-15 5.000000e+00
      endloop
   endfacet
   facet normal -7.346905e-02 9.972975e-01 0.000000e+00
      outer loop
         vertex -2.659000e+01 3.108624e-15 0.000000e+00
         vertex -2.681444e+01 -1.653377e-02 0.000000e+00
         vertex -2.681444e+01 -1.653377e-02 5.000000e+00
      endloop
   endfacet
   facet normal -7.346905e-02 9.972975e-01 0.000000e+00
      outer loop
         vertex -2.659000e+01 3.108624e-15 0.000000e+00
         vertex -2.681444e+01 -1.653377e-02 5.000000e+00
         vertex -2.659000e+01 3.108624e-15 5.000000e+00
      endloop
   endfacet
   facet normal -2.188199e-01 9.757653e-01 0.000000e+00
      outer loop
         vertex -2.681444e+01 -1.653377e-02 0.000000e+00
         vertex -2.703403e+01 -6.577810e-02 0.000000e+00
         vertex -2.703403e+01 -6.577810e-02 5.000000e+00
      endloop
   endfacet
   facet normal -2.188199e-01 9.757653e-01 0.000000e+00
      outer loop
         vertex -2.681444e+01 -1.653377e-02 0.000000e+00
         vertex -2.703403e+01 -6.577810e-02 5.000000e+00
         vertex -2.681444e+01 -1.653377e-02 5.000000e+00
      endloop
   endfacet
   facet normal -3.522780e-01 9.358954e-01 0.000000e+00
      outer loop
         vertex -2.703403e+01 -6.577810e-02 0.000000e+00
         vertex -2.726889e+01 -1.541809e-01 0.000000e+00
         vertex -2.726889e+01 -1.541809e-01 5.000000e+00
      endloop
   endfacet
   facet normal -3.522780e-01 9.358954e-01 0.000000e+00
      outer loop
         vertex -2.703403e+01 -6.577810e-02 0.000000e+00
         vertex -2.726889e+01 -1.541809e-01 5.000000e+00
         vertex -2.703403e+01 -6.577810e-02 5.000000e+00
      endloop
   endfacet
   facet normal -4.721500e-01 8.815182e-01 0.000000e+00
      outer loop
         vertex -2.726889e+01 -1.541809e-01 0.000000e+00
         vertex -2.749010e+01 -2.726655e-01 0.000000e+00
         vertex -2.749010e+01 -2.726655e-01 5.000000e+00
      endloop
   endfacet
   facet normal -4.721500e-01 8.815182e-01 0.000000e+00
      outer loop
         vertex -2.726889e+01 -1.541809e-01 0.000000e+00
         vertex -2.749010e+01 -2.726655e-01 5.000000e+00
         vertex -2.726889e+01 -1.541809e-01 5.000000e+00
      endloop
   endfacet
   facet normal -5.863142e-01 8.100838e-01 0.000000e+00
      outer loop
         vertex -2.749010e+01 -2.726655e-01 0.000000e+00
         vertex -2.769226e+01 -4.189772e-01 0.000000e+00
         vertex -2.769226e+01 -4.189772e-01 5.000000e+00
      endloop
   endfacet
   facet normal -5.863142e-01 8.100838e-01 0.000000e+00
      outer loop
         vertex -2.749010e+01 -2.726655e-01 0.000000e+00
         vertex -2.769226e+01 -4.189772e-01 5.000000e+00
         vertex -2.749010e+01 -2.726655e-01 5.000000e+00
      endloop
   endfacet
   facet normal -6.920439e-01 7.218555e-01 0.000000e+00
      outer loop
         vertex -2.769226e+01 -4.189772e-01 0.000000e+00
         vertex -2.787239e+01 -5.916736e-01 0.000000e+00
         vertex -2.787239e+01 -5.916736e-01 5.000000e+00
      endloop
   endfacet
   facet normal -6.920439e-01 7.218555e-01 0.000000e+00
      outer loop
         vertex -2.769226e+01 -4.189772e-01 0.000000e+00
         vertex -2.787239e+01 -5.916736e-01 5.000000e+00
         vertex -2.769226e+01 -4.189772e-01 5.000000e+00
      endloop
   endfacet
   facet normal 0.000000e+00 0.000000e+00 1.000000e+00
      outer loop
         vertex -2.769226e+01 -4.189772e-01 5.000000e+00
         vertex -2.787239e+01 -5.916736e-01 5.000000e+00
         vertex -2.749010e+01 -2.726655e-01 5.000000e+00
      endloop
   endfacet
   facet normal 0.000000e+00 0.000000e+00 1.000000e+00
      outer loop
         vertex -2.787239e+01 -5.916736e-01 5.000000e+00
         vertex -2.799187e+01 -7.487959e-01 5.000000e+00
         vertex -2.749010e+01 -2.726655e-01 5.000000e+00
      endloop
   endfacet
   facet normal 0.000000e+00 0.000000e+00 1.000000e+00
      outer loop
         vertex -2.749010e+01 -2.726655e-01 5.000000e+00
         vertex -2.799187e+01 -7.487959e-01 5.000000e+00
         vertex -2.726889e+01 -1.541809e-01 5.000000e+00
      endloop
   endfacet
   facet normal 0.000000e+00 0.000000e+00 1.000000e+00
      outer loop
         vertex -2.799187e+01 -7.487959e-01 5.000000e+00
         vertex -2.808221e+01 -9.243054e-01 5.000000e+00
         vertex -2.726889e+01 -1.541809e-01 5.000000e+00
      endloop
   endfacet
   facet normal 0.000000e+00 0.000000e+00 1.000000e+00
      outer loop
         vertex -2.726889e+01 -1.541809e-01 5.000000e+00
         vertex -2.808221e+01 -9.243054e-01 5.000000e+00
         vertex -2.703403e+01 -6.577810e-02 5.000000e+00
      endloop
   endfacet
   facet normal 0.000000e+00 -0.000000e+00 1.000000e+00
      outer loop
         vertex -2.808221e+01 -9.243054e-01 5.000000e+00
         vertex -2.756466e+01 -6.912472e-01 5.000000e+00
         vertex -2.703403e+01 -6.577810e-02 5.000000e+00
      endloop
   endfacet
   facet normal 0.000000e+00 0.000000e+00 1.000000e+00
      outer loop
         vertex -2.703403e+01 -6.577810e-02 5.000000e+00
         vertex -2.744456e+01 -5.775595e-01 5.000000e+00
         vertex -2.681444e+01 -1.653377e-02 5.000000e+00
      endloop
   endfacet
   facet normal 0.000000e+00 -0.000000e+00 1.000000e+00
      outer loop
         vertex -2.744456e+01 -5.775595e-01 5.000000e+00
         vertex -2.730917e+01 -4.825752e-01 5.000000e+00
         vertex -2.681444e+01 -1.653377e-02 5.000000e+00
      endloop
   endfacet
   facet normal 0.000000e+00 0.000000e+00 1.000000e+00
      outer loop
         vertex -2.681444e+01 -1.653377e-02 5.000000e+00
         vertex -2.730917e+01 -4.825752e-01 5.000000e+00
         vertex -2.659000e+01 3.108624e-15 5.000000e+00
      endloop
   endfacet
   facet normal 0.000000e+00 -0.000000e+00 1.000000e+00
      outer loop
         vertex -2.730917e+01 -4.825752e-01 5.000000e+00
         vertex -2.716067e+01 -4.060254e-01 5.000000e+00
         vertex -2.659000e+01 3.108624e-15 5.000000e+00
      endloop
   endfacet
   facet normal 0.000000e+00 0.000000e+00 1.000000e+00
      outer loop
         vertex -2.659000e+01 3.108624e-15 5.000000e+00
         vertex -2.716067e+01 -4.060254e-01 5.000000e+00
         vertex -2.621975e+01 3.210993e-15 5.000000e+00
      endloop
   endfacet
   facet normal 0.000000e+00 -0.000000e+00 1.000000e+00
      outer loop
         vertex -2.716067e+01 -4.060254e-01 5.000000e+00
         vertex -2.700375e+01 -3.486719e-01 5.000000e+00
         vertex -2.621975e+01 3.210993e-15 5.000000e+00
      endloop
   endfacet
   facet normal 0.000000e+00 0.000000e+00 1.000000e+00
      outer loop
         vertex -2.621975e+01 3.210993e-15 5.000000e+00
         vertex -2.700375e+01 -3.486719e-01 5.000000e+00
         vertex -2.603540e+01 -1.607950e-02 5.000000e+00
      endloop
   endfacet
   facet normal 0.000000e+00 -0.000000e+00 1.000000e+00
      outer loop
         vertex -2.700375e+01 -3.486719e-01 5.000000e+00
         vertex -2.686110e+01 -3.174096e-01 5.000000e+00
         vertex -2.603540e+01 -1.607950e-02 5.000000e+00
      endloop
   endfacet
   facet normal 0.000000e+00 0.000000e+00 1.000000e+00
      outer loop
         vertex -2.603540e+01 -1.607950e-02 5.000000e+00
         vertex -2.686110e+01 -3.174096e-01 5.000000e+00
         vertex -2.585663e+01 -6.383234e-02 5.000000e+00
      endloop
   endfacet
   facet normal 0.000000e+00 -0.000000e+00 1.000000e+00
      outer loop
         vertex -2.686110e+01 -3.174096e-01 5.000000e+00
         vertex -2.671543e+01 -3.069167e-01 5.000000e+00
         vertex -2.585663e+01 -6.383234e-02 5.000000e+00
      endloop
   endfacet
   facet normal 0.000000e+00 0.000000e+00 1.000000e+00
      outer loop
         vertex -2.585663e+01 -6.383234e-02 5.000000e+00
         vertex -2.671543e+01 -3.069167e-01 5.000000e+00
         vertex -2.572093e+01 -1.302326e-01 5.000000e+00
      endloop
   endfacet
   facet normal 0.000000e+00 -0.000000e+00 1.000000e+00
      outer loop
         vertex -2.671543e+01 -3.069167e-01 5.000000e+00
         vertex -2.634522e+01 -3.069167e-01 5.000000e+00
         vertex -2.572093e+01 -1.302326e-01 5.000000e+00
      endloop
   endfacet
   facet normal 0.000000e+00 0.000000e+00 1.000000e+00
      outer loop
         vertex -2.572093e+01 -1.302326e-01 5.000000e+00
         vertex -2.634522e+01 -3.069167e-01 5.000000e+00
         vertex -2.560244e+01 -2.239497e-01 5.000000e+00
      endloop
   endfacet
   facet normal 0.000000e+00 -0.000000e+00 1.000000e+00
      outer loop
         vertex -2.634522e+01 -3.069167e-01 5.000000e+00
         vertex -2.625038e+01 -3.121625e-01 5.000000e+00
         vertex -2.560244e+01 -2.239497e-01 5.000000e+00
      endloop
   endfacet
   facet normal 0.000000e+00 0.000000e+00 1.000000e+00
      outer loop
         vertex -2.560244e+01 -2.239497e-01 5.000000e+00
         vertex -2.625038e+01 -3.121625e-01 5.000000e+00
         vertex -2.556098e+01 -2.680353e-01 5.000000e+00
      endloop
   endfacet
   facet normal 0.000000e+00 -0.000000e+00 1.000000e+00
      outer loop
         vertex -2.625038e+01 -3.121625e-01 5.000000e+00
         vertex -2.614603e+01 -3.338593e-01 5.000000e+00
         vertex -2.556098e+01 -2.680353e-01 5.000000e+00
      endloop
   endfacet
   facet normal -0.000000e+00 0.000000e+00 1.000000e+00
      outer loop
         vertex -2.556098e+01 -2.680353e-01 5.000000e+00
         vertex -2.614603e+01 -3.338593e-01 5.000000e+00
         vertex -2.550411e+01 -3.455234e-01 5.000000e+00
      endloop
   endfacet
   facet normal 0.000000e+00 -0.000000e+00 1.000000e+00
      outer loop
         vertex -2.614603e+01 -3.338593e-01 5.000000e+00
         vertex -2.604723e+01 -3.738631e-01 5.000000e+00
         vertex -2.550411e+01 -3.455234e-01 5.000000e+00
      endloop
   endfacet
   facet normal -0.000000e+00 0.000000e+00 1.000000e+00
      outer loop
         vertex -2.550411e+01 -3.455234e-01 5.000000e+00
         vertex -2.604723e+01 -3.738631e-01 5.000000e+00
         vertex -2.546073e+01 -4.312908e-01 5.000000e+00
      endloop
   endfacet
   facet normal -0.000000e+00 -0.000000e+00 1.000000e+00
      outer loop
         vertex -2.604723e+01 -3.738631e-01 5.000000e+00
         vertex -2.596942e+01 -4.246249e-01 5.000000e+00
         vertex -2.546073e+01 -4.312908e-01 5.000000e+00
      endloop
   endfacet
   facet normal 0.000000e+00 0.000000e+00 1.000000e+00
      outer loop
         vertex -2.546073e+01 -4.312908e-01 5.000000e+00
         vertex -2.596942e+01 -4.246249e-01 5.000000e+00
         vertex -2.543401e+01 -5.180923e-01 5.000000e+00
      endloop
   endfacet
   facet normal -0.000000e+00 -0.000000e+00 1.000000e+00
      outer loop
         vertex -2.596942e+01 -4.246249e-01 5.000000e+00
         vertex -2.590370e+01 -4.902853e-01 5.000000e+00
         vertex -2.543401e+01 -5.180923e-01 5.000000e+00
      endloop
   endfacet
   facet normal 0.000000e+00 0.000000e+00 1.000000e+00
      outer loop
         vertex -2.543401e+01 -5.180923e-01 5.000000e+00
         vertex -2.590370e+01 -4.902853e-01 5.000000e+00
         vertex -2.542278e+01 -6.082152e-01 5.000000e+00
      endloop
   endfacet
   facet normal -0.000000e+00 -0.000000e+00 1.000000e+00
      outer loop
         vertex -2.590370e+01 -4.902853e-01 5.000000e+00
         vertex -2.587810e+01 -5.252222e-01 5.000000e+00
         vertex -2.542278e+01 -6.082152e-01 5.000000e+00
      endloop
   endfacet
   facet normal 0.000000e+00 0.000000e+00 1.000000e+00
      outer loop
         vertex -2.542278e+01 -6.082152e-01 5.000000e+00
         vertex -2.587810e+01 -5.252222e-01 5.000000e+00
         vertex -2.542439e+01 -6.803398e-01 5.000000e+00
      endloop
   endfacet
   facet normal -0.000000e+00 -0.000000e+00 1.000000e+00
      outer loop
         vertex -2.587810e+01 -5.252222e-01 5.000000e+00
         vertex -2.585613e+01 -5.625476e-01 5.000000e+00
         vertex -2.542439e+01 -6.803398e-01 5.000000e+00
      endloop
   endfacet
   facet normal 0.000000e+00 0.000000e+00 1.000000e+00
      outer loop
         vertex -2.542439e+01 -6.803398e-01 5.000000e+00
         vertex -2.585613e+01 -5.625476e-01 5.000000e+00
         vertex -2.543448e+01 -7.517731e-01 5.000000e+00
      endloop
   endfacet
   facet normal -0.000000e+00 -0.000000e+00 1.000000e+00
      outer loop
         vertex -2.585613e+01 -5.625476e-01 5.000000e+00
         vertex -2.583982e+01 -5.984508e-01 5.000000e+00
         vertex -2.543448e+01 -7.517731e-01 5.000000e+00
      endloop
   endfacet
   facet normal 0.000000e+00 0.000000e+00 1.000000e+00
      outer loop
         vertex -2.543448e+01 -7.517731e-01 5.000000e+00
         vertex -2.583982e+01 -5.984508e-01 5.000000e+00
         vertex -2.545650e+01 -8.392694e-01 5.000000e+00
      endloop
   endfacet
   facet normal -0.000000e+00 -0.000000e+00 1.000000e+00
      outer loop
         vertex -2.583982e+01 -5.984508e-01 5.000000e+00
         vertex -2.582755e+01 -6.359318e-01 5.000000e+00
         vertex -2.545650e+01 -8.392694e-01 5.000000e+00
      endloop
   endfacet
   facet normal 0.000000e+00 0.000000e+00 1.000000e+00
      outer loop
         vertex -2.545650e+01 -8.392694e-01 5.000000e+00
         vertex -2.582755e+01 -6.359318e-01 5.000000e+00
         vertex -2.548665e+01 -9.243054e-01 5.000000e+00
      endloop
   endfacet
   facet normal -0.000000e+00 -0.000000e+00 1.000000e+00
      outer loop
         vertex -2.582755e+01 -6.359318e-01 5.000000e+00
         vertex -2.581651e+01 -6.999939e-01 5.000000e+00
         vertex -2.548665e+01 -9.243054e-01 5.000000e+00
      endloop
   endfacet
   facet normal 0.000000e+00 0.000000e+00 1.000000e+00
      outer loop
         vertex -2.548665e+01 -9.243054e-01 5.000000e+00
         vertex -2.583125e+01 -8.455738e-01 5.000000e+00
         vertex -2.680865e+01 -4.159333e+00 5.000000e+00
      endloop
   endfacet
   facet normal -0.000000e+00 0.000000e+00 1.000000e+00
      outer loop
         vertex -2.583125e+01 -8.455738e-01 5.000000e+00
         vertex -2.585669e+01 -9.233132e-01 5.000000e+00
         vertex -2.680865e+01 -4.159333e+00 5.000000e+00
      endloop
   endfacet
   facet normal 0.000000e+00 0.000000e+00 1.000000e+00
      outer loop
         vertex -2.680865e+01 -4.159333e+00 5.000000e+00
         vertex -2.585669e+01 -9.233132e-01 5.000000e+00
         vertex -2.682058e+01 -4.182146e+00 5.000000e+00
      endloop
   endfacet
   facet normal -0.000000e+00 0.000000e+00 1.000000e+00
      outer loop
         vertex -2.585669e+01 -9.233132e-01 5.000000e+00
         vertex -2.717903e+01 -4.159291e+00 5.000000e+00
         vertex -2.682058e+01 -4.182146e+00 5.000000e+00
      endloop
   endfacet
   facet normal 0.000000e+00 0.000000e+00 1.000000e+00
      outer loop
         vertex -2.682058e+01 -4.182146e+00 5.000000e+00
         vertex -2.717903e+01 -4.159291e+00 5.000000e+00
         vertex -2.683653e+01 -4.202341e+00 5.000000e+00
      endloop
   endfacet
   facet normal 0.000000e+00 0.000000e+00 1.000000e+00
      outer loop
         vertex -2.717903e+01 -4.159291e+00 5.000000e+00
         vertex -2.719077e+01 -4.226451e+00 5.000000e+00
         vertex -2.683653e+01 -4.202341e+00 5.000000e+00
      endloop
   endfacet
   facet normal -0.000000e+00 0.000000e+00 1.000000e+00
      outer loop
         vertex -2.683653e+01 -4.202341e+00 5.000000e+00
         vertex -2.719077e+01 -4.226451e+00 5.000000e+00
         vertex -2.686959e+01 -4.233490e+00 5.000000e+00
      endloop
   endfacet
   facet normal 0.000000e+00 -0.000000e+00 1.000000e+00
      outer loop
         vertex -2.719077e+01 -4.226451e+00 5.000000e+00
         vertex -2.716636e+01 -4.273310e+00 5.000000e+00
         vertex -2.686959e+01 -4.233490e+00 5.000000e+00
      endloop
   endfacet
   facet normal 0.000000e+00 0.000000e+00 1.000000e+00
      outer loop
         vertex -2.686959e+01 -4.233490e+00 5.000000e+00
         vertex -2.716636e+01 -4.273310e+00 5.000000e+00
         vertex -2.690574e+01 -4.260991e+00 5.000000e+00
      endloop
   endfacet
   facet normal 0.000000e+00 -0.000000e+00 1.000000e+00
      outer loop
         vertex -2.716636e+01 -4.273310e+00 5.000000e+00
         vertex -2.714420e+01 -4.290196e+00 5.000000e+00
         vertex -2.690574e+01 -4.260991e+00 5.000000e+00
      endloop
   endfacet
   facet normal 0.000000e+00 0.000000e+00 1.000000e+00
      outer loop
         vertex -2.690574e+01 -4.260991e+00 5.000000e+00
         vertex -2.714420e+01 -4.290196e+00 5.000000e+00
         vertex -2.694471e+01 -4.283909e+00 5.000000e+00
      endloop
   endfacet
   facet normal 0.000000e+00 -0.000000e+00 1.000000e+00
      outer loop
         vertex -2.714420e+01 -4.290196e+00 5.000000e+00
         vertex -2.711912e+01 -4.302333e+00 5.000000e+00
         vertex -2.694471e+01 -4.283909e+00 5.000000e+00
      endloop
   endfacet
   facet normal 0.000000e+00 0.000000e+00 1.000000e+00
      outer loop
         vertex -2.694471e+01 -4.283909e+00 5.000000e+00
         vertex -2.711912e+01 -4.302333e+00 5.000000e+00
         vertex -2.698636e+01 -4.301505e+00 5.000000e+00
      endloop
   endfacet
   facet normal 0.000000e+00 -0.000000e+00 1.000000e+00
      outer loop
         vertex -2.711912e+01 -4.302333e+00 5.000000e+00
         vertex -2.708843e+01 -4.310589e+00 5.000000e+00
         vertex -2.698636e+01 -4.301505e+00 5.000000e+00
      endloop
   endfacet
   facet normal 0.000000e+00 0.000000e+00 1.000000e+00
      outer loop
         vertex -2.698636e+01 -4.301505e+00 5.000000e+00
         vertex -2.708843e+01 -4.310589e+00 5.000000e+00
         vertex -2.702107e+01 -4.310383e+00 5.000000e+00
      endloop
   endfacet
   facet normal 0.000000e+00 -0.000000e+00 1.000000e+00
      outer loop
         vertex -2.708843e+01 -4.310589e+00 5.000000e+00
         vertex -2.705679e+01 -4.313370e+00 5.000000e+00
         vertex -2.702107e+01 -4.310383e+00 5.000000e+00
      endloop
   endfacet
   facet normal 0.000000e+00 0.000000e+00 1.000000e+00
      outer loop
         vertex -2.583125e+01 -8.455738e-01 5.000000e+00
         vertex -2.548665e+01 -9.243054e-01 5.000000e+00
         vertex -2.581719e+01 -7.649964e-01 5.000000e+00
      endloop
   endfacet
   facet normal 0.000000e+00 0.000000e+00 1.000000e+00
      outer loop
         vertex -2.548665e+01 -9.243054e-01 5.000000e+00
         vertex -2.581651e+01 -6.999939e-01 5.000000e+00
         vertex -2.581719e+01 -7.649964e-01 5.000000e+00
      endloop
   endfacet
   facet normal 0.000000e+00 0.000000e+00 1.000000e+00
      outer loop
         vertex -2.744456e+01 -5.775595e-01 5.000000e+00
         vertex -2.703403e+01 -6.577810e-02 5.000000e+00
         vertex -2.756466e+01 -6.912472e-01 5.000000e+00
      endloop
   endfacet
   facet normal 0.000000e+00 0.000000e+00 1.000000e+00
      outer loop
         vertex -2.756466e+01 -6.912472e-01 5.000000e+00
         vertex -2.808221e+01 -9.243054e-01 5.000000e+00
         vertex -2.764827e+01 -8.008110e-01 5.000000e+00
      endloop
   endfacet
   facet normal 0.000000e+00 0.000000e+00 1.000000e+00
      outer loop
         vertex -2.764827e+01 -8.008110e-01 5.000000e+00
         vertex -2.808221e+01 -9.243054e-01 5.000000e+00
         vertex -2.771142e+01 -9.233132e-01 5.000000e+00
      endloop
   endfacet
   facet normal 0.000000e+00 0.000000e+00 1.000000e+00
      outer loop
         vertex -2.808221e+01 -9.243054e-01 5.000000e+00
         vertex -2.940422e+01 -4.159333e+00 5.000000e+00
         vertex -2.771142e+01 -9.233132e-01 5.000000e+00
      endloop
   endfacet
   facet normal 0.000000e+00 0.000000e+00 1.000000e+00
      outer loop
         vertex -2.771142e+01 -9.233132e-01 5.000000e+00
         vertex -2.940422e+01 -4.159333e+00 5.000000e+00
         vertex -2.903376e+01 -4.159291e+00 5.000000e+00
      endloop
   endfacet
   facet normal 0.000000e+00 0.000000e+00 1.000000e+00
      outer loop
         vertex -2.940422e+01 -4.159333e+00 5.000000e+00
         vertex -2.941593e+01 -4.226431e+00 5.000000e+00
         vertex -2.903376e+01 -4.159291e+00 5.000000e+00
      endloop
   endfacet
   facet normal 0.000000e+00 0.000000e+00 1.000000e+00
      outer loop
         vertex -2.903376e+01 -4.159291e+00 5.000000e+00
         vertex -2.941593e+01 -4.226431e+00 5.000000e+00
         vertex -2.904570e+01 -4.182106e+00 5.000000e+00
      endloop
   endfacet
   facet normal 0.000000e+00 -0.000000e+00 1.000000e+00
      outer loop
         vertex -2.941593e+01 -4.226431e+00 5.000000e+00
         vertex -2.939151e+01 -4.273310e+00 5.000000e+00
         vertex -2.904570e+01 -4.182106e+00 5.000000e+00
      endloop
   endfacet
   facet normal 0.000000e+00 0.000000e+00 1.000000e+00
      outer loop
         vertex -2.904570e+01 -4.182106e+00 5.000000e+00
         vertex -2.939151e+01 -4.273310e+00 5.000000e+00
         vertex -2.906167e+01 -4.202305e+00 5.000000e+00
      endloop
   endfacet
   facet normal 0.000000e+00 -0.000000e+00 1.000000e+00
      outer loop
         vertex -2.939151e+01 -4.273310e+00 5.000000e+00
         vertex -2.936934e+01 -4.290196e+00 5.000000e+00
         vertex -2.906167e+01 -4.202305e+00 5.000000e+00
      endloop
   endfacet
   facet normal 0.000000e+00 0.000000e+00 1.000000e+00
      outer loop
         vertex -2.906167e+01 -4.202305e+00 5.000000e+00
         vertex -2.936934e+01 -4.290196e+00 5.000000e+00
         vertex -2.909473e+01 -4.233460e+00 5.000000e+00
      endloop
   endfacet
   facet normal 0.000000e+00 -0.000000e+00 1.000000e+00
      outer loop
         vertex -2.936934e+01 -4.290196e+00 5.000000e+00
         vertex -2.934426e+01 -4.302333e+00 5.000000e+00
         vertex -2.909473e+01 -4.233460e+00 5.000000e+00
      endloop
   endfacet
   facet normal 0.000000e+00 0.000000e+00 1.000000e+00
      outer loop
         vertex -2.909473e+01 -4.233460e+00 5.000000e+00
         vertex -2.934426e+01 -4.302333e+00 5.000000e+00
         vertex -2.913089e+01 -4.260970e+00 5.000000e+00
      endloop
   endfacet
   facet normal 0.000000e+00 -0.000000e+00 1.000000e+00
      outer loop
         vertex -2.934426e+01 -4.302333e+00 5.000000e+00
         vertex -2.931358e+01 -4.310589e+00 5.000000e+00
         vertex -2.913089e+01 -4.260970e+00 5.000000e+00
      endloop
   endfacet
   facet normal 0.000000e+00 0.000000e+00 1.000000e+00
      outer loop
         vertex -2.913089e+01 -4.260970e+00 5.000000e+00
         vertex -2.931358e+01 -4.310589e+00 5.000000e+00
         vertex -2.916986e+01 -4.283898e+00 5.000000e+00
      endloop
   endfacet
   facet normal 0.000000e+00 -0.000000e+00 1.000000e+00
      outer loop
         vertex -2.931358e+01 -4.310589e+00 5.000000e+00
         vertex -2.928193e+01 -4.313370e+00 5.000000e+00
         vertex -2.916986e+01 -4.283898e+00 5.000000e+00
      endloop
   endfacet
   facet normal 0.000000e+00 0.000000e+00 1.000000e+00
      outer loop
         vertex -2.916986e+01 -4.283898e+00 5.000000e+00
         vertex -2.928193e+01 -4.313370e+00 5.000000e+00
         vertex -2.921150e+01 -4.301500e+00 5.000000e+00
      endloop
   endfacet
   facet normal 0.000000e+00 -0.000000e+00 1.000000e+00
      outer loop
         vertex -2.928193e+01 -4.313370e+00 5.000000e+00
         vertex -2.924622e+01 -4.310382e+00 5.000000e+00
         vertex -2.921150e+01 -4.301500e+00 5.000000e+00
      endloop
   endfacet
   facet normal 0.000000e+00 0.000000e+00 -1.000000e+00
      outer loop
         vertex -2.799187e+01 -7.487959e-01 0.000000e+00
         vertex -2.787239e+01 -5.916736e-01 0.000000e+00
         vertex -2.808221e+01 -9.243054e-01 0.000000e+00
      endloop
   endfacet
   facet normal 0.000000e+00 0.000000e+00 -1.000000e+00
      outer loop
         vertex -2.787239e+01 -5.916736e-01 0.000000e+00
         vertex -2.769226e+01 -4.189772e-01 0.000000e+00
         vertex -2.808221e+01 -9.243054e-01 0.000000e+00
      endloop
   endfacet
   facet normal 0.000000e+00 0.000000e+00 -1.000000e+00
      outer loop
         vertex -2.808221e+01 -9.243054e-01 0.000000e+00
         vertex -2.769226e+01 -4.189772e-01 0.000000e+00
         vertex -2.940422e+01 -4.159333e+00 0.000000e+00
      endloop
   endfacet
   facet normal 0.000000e+00 0.000000e+00 -1.000000e+00
      outer loop
         vertex -2.769226e+01 -4.189772e-01 0.000000e+00
         vertex -2.749010e+01 -2.726655e-01 0.000000e+00
         vertex -2.940422e+01 -4.159333e+00 0.000000e+00
      endloop
   endfacet
   facet normal 0.000000e+00 0.000000e+00 -1.000000e+00
      outer loop
         vertex -2.940422e+01 -4.159333e+00 0.000000e+00
         vertex -2.749010e+01 -2.726655e-01 0.000000e+00
         vertex -2.941593e+01 -4.226431e+00 0.000000e+00
      endloop
   endfacet
   facet normal -0.000000e+00 0.000000e+00 -1.000000e+00
      outer loop
         vertex -2.749010e+01 -2.726655e-01 0.000000e+00
         vertex -2.764827e+01 -8.008110e-01 0.000000e+00
         vertex -2.941593e+01 -4.226431e+00 0.000000e+00
      endloop
   endfacet
   facet normal 0.000000e+00 0.000000e+00 -1.000000e+00
      outer loop
         vertex -2.941593e+01 -4.226431e+00 0.000000e+00
         vertex -2.771142e+01 -9.233132e-01 0.000000e+00
         vertex -2.939151e+01 -4.273310e+00 0.000000e+00
      endloop
   endfacet
   facet normal -0.000000e+00 0.000000e+00 -1.000000e+00
      outer loop
         vertex -2.771142e+01 -9.233132e-01 0.000000e+00
         vertex -2.903376e+01 -4.159291e+00 0.000000e+00
         vertex -2.939151e+01 -4.273310e+00 0.000000e+00
      endloop
   endfacet
   facet normal 0.000000e+00 0.000000e+00 -1.000000e+00
      outer loop
         vertex -2.939151e+01 -4.273310e+00 0.000000e+00
         vertex -2.903376e+01 -4.159291e+00 0.000000e+00
         vertex -2.936934e+01 -4.290196e+00 0.000000e+00
      endloop
   endfacet
   facet normal -0.000000e+00 0.000000e+00 -1.000000e+00
      outer loop
         vertex -2.903376e+01 -4.159291e+00 0.000000e+00
         vertex -2.904570e+01 -4.182106e+00 0.000000e+00
         vertex -2.936934e+01 -4.290196e+00 0.000000e+00
      endloop
   endfacet
   facet normal 0.000000e+00 0.000000e+00 -1.000000e+00
      outer loop
         vertex -2.936934e+01 -4.290196e+00 0.000000e+00
         vertex -2.904570e+01 -4.182106e+00 0.000000e+00
         vertex -2.934426e+01 -4.302333e+00 0.000000e+00
      endloop
   endfacet
   facet normal -0.000000e+00 0.000000e+00 -1.000000e+00
      outer loop
         vertex -2.904570e+01 -4.182106e+00 0.000000e+00
         vertex -2.906167e+01 -4.202305e+00 0.000000e+00
         vertex -2.934426e+01 -4.302333e+00 0.000000e+00
      endloop
   endfacet
   facet normal 0.000000e+00 0.000000e+00 -1.000000e+00
      outer loop
         vertex -2.934426e+01 -4.302333e+00 0.000000e+00
         vertex -2.906167e+01 -4.202305e+00 0.000000e+00
         vertex -2.931358e+01 -4.310589e+00 0.000000e+00
      endloop
   endfacet
   facet normal -0.000000e+00 0.000000e+00 -1.000000e+00
      outer loop
         vertex -2.906167e+01 -4.202305e+00 0.000000e+00
         vertex -2.909473e+01 -4.233460e+00 0.000000e+00
         vertex -2.931358e+01 -4.310589e+00 0.000000e+00
      endloop
   endfacet
   facet normal 0.000000e+00 0.000000e+00 -1.000000e+00
      outer loop
         vertex -2.931358e+01 -4.310589e+00 0.000000e+00
         vertex -2.909473e+01 -4.233460e+00 0.000000e+00
         vertex -2.928193e+01 -4.313370e+00 0.000000e+00
      endloop
   endfacet
   facet normal -0.000000e+00 0.000000e+00 -1.000000e+00
      outer loop
         vertex -2.909473e+01 -4.233460e+00 0.000000e+00
         vertex -2.913089e+01 -4.260970e+00 0.000000e+00
         vertex -2.928193e+01 -4.313370e+00 0.000000e+00
      endloop
   endfacet
   facet normal 0.000000e+00 0.000000e+00 -1.000000e+00
      outer loop
         vertex -2.928193e+01 -4.313370e+00 0.000000e+00
         vertex -2.913089e+01 -4.260970e+00 0.000000e+00
         vertex -2.924622e+01 -4.310382e+00 0.000000e+00
      endloop
   endfacet
   facet normal -0.000000e+00 0.000000e+00 -1.000000e+00
      outer loop
         vertex -2.913089e+01 -4.260970e+00 0.000000e+00
         vertex -2.916986e+01 -4.283898e+00 0.000000e+00
         vertex -2.924622e+01 -4.310382e+00 0.000000e+00
      endloop
   endfacet
   facet normal 0.000000e+00 0.000000e+00 -1.000000e+00
      outer loop
         vertex -2.924622e+01 -4.310382e+00 0.000000e+00
         vertex -2.916986e+01 -4.283898e+00 0.000000e+00
         vertex -2.921150e+01 -4.301500e+00 0.000000e+00
      endloop
   endfacet
   facet normal 0.000000e+00 0.000000e+00 -1.000000e+00
      outer loop
         vertex -2.771142e+01 -9.233132e-01 0.000000e+00
         vertex -2.941593e+01 -4.226431e+00 0.000000e+00
         vertex -2.764827e+01 -8.008110e-01 0.000000e+00
      endloop
   endfacet
   facet normal 0.000000e+00 0.000000e+00 -1.000000e+00
      outer loop
         vertex -2.764827e+01 -8.008110e-01 0.000000e+00
         vertex -2.749010e+01 -2.726655e-01 0.000000e+00
         vertex -2.756466e+01 -6.912472e-01 0.000000e+00
      endloop
   endfacet
   facet normal 0.000000e+00 0.000000e+00 -1.000000e+00
      outer loop
         vertex -2.749010e+01 -2.726655e-01 0.000000e+00
         vertex -2.726889e+01 -1.541809e-01 0.000000e+00
         vertex -2.756466e+01 -6.912472e-01 0.000000e+00
      endloop
   endfacet
   facet normal 0.000000e+00 0.000000e+00 -1.000000e+00
      outer loop
         vertex -2.756466e+01 -6.912472e-01 0.000000e+00
         vertex -2.726889e+01 -1.541809e-01 0.000000e+00
         vertex -2.744456e+01 -5.775595e-01 0.000000e+00
      endloop
   endfacet
   facet normal 0.000000e+00 0.000000e+00 -1.000000e+00
      outer loop
         vertex -2.726889e+01 -1.541809e-01 0.000000e+00
         vertex -2.703403e+01 -6.577810e-02 0.000000e+00
         vertex -2.744456e+01 -5.775595e-01 0.000000e+00
      endloop
   endfacet
   facet normal 0.000000e+00 0.000000e+00 -1.000000e+00
      outer loop
         vertex -2.744456e+01 -5.775595e-01 0.000000e+00
         vertex -2.703403e+01 -6.577810e-02 0.000000e+00
         vertex -2.730917e+01 -4.825752e-01 0.000000e+00
      endloop
   endfacet
   facet normal 0.000000e+00 0.000000e+00 -1.000000e+00
      outer loop
         vertex -2.703403e+01 -6.577810e-02 0.000000e+00
         vertex -2.681444e+01 -1.653377e-02 0.000000e+00
         vertex -2.730917e+01 -4.825752e-01 0.000000e+00
      endloop
   endfacet
   facet normal 0.000000e+00 0.000000e+00 -1.000000e+00
      outer loop
         vertex -2.730917e+01 -4.825752e-01 0.000000e+00
         vertex -2.681444e+01 -1.653377e-02 0.000000e+00
         vertex -2.716067e+01 -4.060254e-01 0.000000e+00
      endloop
   endfacet
   facet normal 0.000000e+00 0.000000e+00 -1.000000e+00
      outer loop
         vertex -2.681444e+01 -1.653377e-02 0.000000e+00
         vertex -2.659000e+01 3.108624e-15 0.000000e+00
         vertex -2.716067e+01 -4.060254e-01 0.000000e+00
      endloop
   endfacet
   facet normal 0.000000e+00 0.000000e+00 -1.000000e+00
      outer loop
         vertex -2.716067e+01 -4.060254e-01 0.000000e+00
         vertex -2.659000e+01 3.108624e-15 0.000000e+00
         vertex -2.700375e+01 -3.486719e-01 0.000000e+00
      endloop
   endfacet
   facet normal 0.000000e+00 0.000000e+00 -1.000000e+00
      outer loop
         vertex -2.659000e+01 3.108624e-15 0.000000e+00
         vertex -2.621975e+01 3.210993e-15 0.000000e+00
         vertex -2.700375e+01 -3.486719e-01 0.000000e+00
      endloop
   endfacet
   facet normal 0.000000e+00 0.000000e+00 -1.000000e+00
      outer loop
         vertex -2.700375e+01 -3.486719e-01 0.000000e+00
         vertex -2.621975e+01 3.210993e-15 0.000000e+00
         vertex -2.686110e+01 -3.174096e-01 0.000000e+00
      endloop
   endfacet
   facet normal -0.000000e+00 0.000000e+00 -1.000000e+00
      outer loop
         vertex -2.621975e+01 3.210993e-15 0.000000e+00
         vertex -2.603540e+01 -1.607950e-02 0.000000e+00
         vertex -2.686110e+01 -3.174096e-01 0.000000e+00
      endloop
   endfacet
   facet normal 0.000000e+00 0.000000e+00 -1.000000e+00
      outer loop
         vertex -2.686110e+01 -3.174096e-01 0.000000e+00
         vertex -2.603540e+01 -1.607950e-02 0.000000e+00
         vertex -2.671543e+01 -3.069167e-01 0.000000e+00
      endloop
   endfacet
   facet normal -0.000000e+00 0.000000e+00 -1.000000e+00
      outer loop
         vertex -2.603540e+01 -1.607950e-02 0.000000e+00
         vertex -2.585663e+01 -6.383234e-02 0.000000e+00
         vertex -2.671543e+01 -3.069167e-01 0.000000e+00
      endloop
   endfacet
   facet normal 0.000000e+00 0.000000e+00 -1.000000e+00
      outer loop
         vertex -2.671543e+01 -3.069167e-01 0.000000e+00
         vertex -2.585663e+01 -6.383234e-02 0.000000e+00
         vertex -2.634522e+01 -3.069167e-01 0.000000e+00
      endloop
   endfacet
   facet normal -0.000000e+00 0.000000e+00 -1.000000e+00
      outer loop
         vertex -2.585663e+01 -6.383234e-02 0.000000e+00
         vertex -2.572093e+01 -1.302326e-01 0.000000e+00
         vertex -2.634522e+01 -3.069167e-01 0.000000e+00
      endloop
   endfacet
   facet normal 0.000000e+00 0.000000e+00 -1.000000e+00
      outer loop
         vertex -2.634522e+01 -3.069167e-01 0.000000e+00
         vertex -2.572093e+01 -1.302326e-01 0.000000e+00
         vertex -2.625038e+01 -3.121625e-01 0.000000e+00
      endloop
   endfacet
   facet normal -0.000000e+00 0.000000e+00 -1.000000e+00
      outer loop
         vertex -2.572093e+01 -1.302326e-01 0.000000e+00
         vertex -2.560244e+01 -2.239497e-01 0.000000e+00
         vertex -2.625038e+01 -3.121625e-01 0.000000e+00
      endloop
   endfacet
   facet normal 0.000000e+00 0.000000e+00 -1.000000e+00
      outer loop
         vertex -2.625038e+01 -3.121625e-01 0.000000e+00
         vertex -2.560244e+01 -2.239497e-01 0.000000e+00
         vertex -2.614603e+01 -3.338593e-01 0.000000e+00
      endloop
   endfacet
   facet normal -0.000000e+00 0.000000e+00 -1.000000e+00
      outer loop
         vertex -2.560244e+01 -2.239497e-01 0.000000e+00
         vertex -2.556098e+01 -2.680353e-01 0.000000e+00
         vertex -2.614603e+01 -3.338593e-01 0.000000e+00
      endloop
   endfacet
   facet normal 0.000000e+00 0.000000e+00 -1.000000e+00
      outer loop
         vertex -2.614603e+01 -3.338593e-01 0.000000e+00
         vertex -2.556098e+01 -2.680353e-01 0.000000e+00
         vertex -2.604723e+01 -3.738631e-01 0.000000e+00
      endloop
   endfacet
   facet normal -0.000000e+00 0.000000e+00 -1.000000e+00
      outer loop
         vertex -2.556098e+01 -2.680353e-01 0.000000e+00
         vertex -2.550411e+01 -3.455234e-01 0.000000e+00
         vertex -2.604723e+01 -3.738631e-01 0.000000e+00
      endloop
   endfacet
   facet normal 0.000000e+00 0.000000e+00 -1.000000e+00
      outer loop
         vertex -2.604723e+01 -3.738631e-01 0.000000e+00
         vertex -2.550411e+01 -3.455234e-01 0.000000e+00
         vertex -2.596942e+01 -4.246249e-01 0.000000e+00
      endloop
   endfacet
   facet normal 0.000000e+00 0.000000e+00 -1.000000e+00
      outer loop
         vertex -2.550411e+01 -3.455234e-01 0.000000e+00
         vertex -2.546073e+01 -4.312908e-01 0.000000e+00
         vertex -2.596942e+01 -4.246249e-01 0.000000e+00
      endloop
   endfacet
   facet normal -0.000000e+00 0.000000e+00 -1.000000e+00
      outer loop
         vertex -2.596942e+01 -4.246249e-01 0.000000e+00
         vertex -2.546073e+01 -4.312908e-01 0.000000e+00
         vertex -2.590370e+01 -4.902853e-01 0.000000e+00
      endloop
   endfacet
   facet normal 0.000000e+00 0.000000e+00 -1.000000e+00
      outer loop
         vertex -2.546073e+01 -4.312908e-01 0.000000e+00
         vertex -2.543401e+01 -5.180923e-01 0.000000e+00
         vertex -2.590370e+01 -4.902853e-01 0.000000e+00
      endloop
   endfacet
   facet normal -0.000000e+00 0.000000e+00 -1.000000e+00
      outer loop
         vertex -2.590370e+01 -4.902853e-01 0.000000e+00
         vertex -2.543401e+01 -5.180923e-01 0.000000e+00
         vertex -2.587810e+01 -5.252222e-01 0.000000e+00
      endloop
   endfacet
   facet normal 0.000000e+00 0.000000e+00 -1.000000e+00
      outer loop
         vertex -2.543401e+01 -5.180923e-01 0.000000e+00
         vertex -2.542278e+01 -6.082152e-01 0.000000e+00
         vertex -2.587810e+01 -5.252222e-01 0.000000e+00
      endloop
   endfacet
   facet normal 0.000000e+00 0.000000e+00 -1.000000e+00
      outer loop
         vertex -2.587810e+01 -5.252222e-01 0.000000e+00
         vertex -2.542278e+01 -6.082152e-01 0.000000e+00
         vertex -2.585613e+01 -5.625476e-01 0.000000e+00
      endloop
   endfacet
   facet normal 0.000000e+00 0.000000e+00 -1.000000e+00
      outer loop
         vertex -2.542278e+01 -6.082152e-01 0.000000e+00
         vertex -2.542439e+01 -6.803398e-01 0.000000e+00
         vertex -2.585613e+01 -5.625476e-01 0.000000e+00
      endloop
   endfacet
   facet normal 0.000000e+00 0.000000e+00 -1.000000e+00
      outer loop
         vertex -2.585613e+01 -5.625476e-01 0.000000e+00
         vertex -2.542439e+01 -6.803398e-01 0.000000e+00
         vertex -2.583982e+01 -5.984508e-01 0.000000e+00
      endloop
   endfacet
   facet normal 0.000000e+00 0.000000e+00 -1.000000e+00
      outer loop
         vertex -2.542439e+01 -6.803398e-01 0.000000e+00
         vertex -2.543448e+01 -7.517731e-01 0.000000e+00
         vertex -2.583982e+01 -5.984508e-01 0.000000e+00
      endloop
   endfacet
   facet normal 0.000000e+00 0.000000e+00 -1.000000e+00
      outer loop
         vertex -2.583982e+01 -5.984508e-01 0.000000e+00
         vertex -2.543448e+01 -7.517731e-01 0.000000e+00
         vertex -2.582755e+01 -6.359318e-01 0.000000e+00
      endloop
   endfacet
   facet normal 0.000000e+00 0.000000e+00 -1.000000e+00
      outer loop
         vertex -2.543448e+01 -7.517731e-01 0.000000e+00
         vertex -2.545650e+01 -8.392694e-01 0.000000e+00
         vertex -2.582755e+01 -6.359318e-01 0.000000e+00
      endloop
   endfacet
   facet normal 0.000000e+00 0.000000e+00 -1.000000e+00
      outer loop
         vertex -2.582755e+01 -6.359318e-01 0.000000e+00
         vertex -2.545650e+01 -8.392694e-01 0.000000e+00
         vertex -2.581651e+01 -6.999939e-01 0.000000e+00
      endloop
   endfacet
   facet normal 0.000000e+00 0.000000e+00 -1.000000e+00
      outer loop
         vertex -2.545650e+01 -8.392694e-01 0.000000e+00
         vertex -2.548665e+01 -9.243054e-01 0.000000e+00
         vertex -2.581651e+01 -6.999939e-01 0.000000e+00
      endloop
   endfacet
   facet normal 0.000000e+00 0.000000e+00 -1.000000e+00
      outer loop
         vertex -2.581651e+01 -6.999939e-01 0.000000e+00
         vertex -2.548665e+01 -9.243054e-01 0.000000e+00
         vertex -2.581719e+01 -7.649964e-01 0.000000e+00
      endloop
   endfacet
   facet normal 0.000000e+00 0.000000e+00 -1.000000e+00
      outer loop
         vertex -2.548665e+01 -9.243054e-01 0.000000e+00
         vertex -2.583125e+01 -8.455738e-01 0.000000e+00
         vertex -2.581719e+01 -7.649964e-01 0.000000e+00
      endloop
   endfacet
   facet normal 0.000000e+00 0.000000e+00 -1.000000e+00
      outer loop
         vertex -2.583125e+01 -8.455738e-01 0.000000e+00
         vertex -2.548665e+01 -9.243054e-01 0.000000e+00
         vertex -2.585669e+01 -9.233132e-01 0.000000e+00
      endloop
   endfacet
   facet normal 0.000000e+00 0.000000e+00 -1.000000e+00
      outer loop
         vertex -2.548665e+01 -9.243054e-01 0.000000e+00
         vertex -2.680865e+01 -4.159333e+00 0.000000e+00
         vertex -2.585669e+01 -9.233132e-01 0.000000e+00
      endloop
   endfacet
   facet normal 0.000000e+00 0.000000e+00 -1.000000e+00
      outer loop
         vertex -2.585669e+01 -9.233132e-01 0.000000e+00
         vertex -2.680865e+01 -4.159333e+00 0.000000e+00
         vertex -2.717903e+01 -4.159291e+00 0.000000e+00
      endloop
   endfacet
   facet normal 0.000000e+00 0.000000e+00 -1.000000e+00
      outer loop
         vertex -2.680865e+01 -4.159333e+00 0.000000e+00
         vertex -2.682058e+01 -4.182146e+00 0.000000e+00
         vertex -2.717903e+01 -4.159291e+00 0.000000e+00
      endloop
   endfacet
   facet normal -0.000000e+00 0.000000e+00 -1.000000e+00
      outer loop
         vertex -2.717903e+01 -4.159291e+00 0.000000e+00
         vertex -2.682058e+01 -4.182146e+00 0.000000e+00
         vertex -2.719077e+01 -4.226451e+00 0.000000e+00
      endloop
   endfacet
   facet normal -0.000000e+00 0.000000e+00 -1.000000e+00
      outer loop
         vertex -2.682058e+01 -4.182146e+00 0.000000e+00
         vertex -2.683653e+01 -4.202341e+00 0.000000e+00
         vertex -2.719077e+01 -4.226451e+00 0.000000e+00
      endloop
   endfacet
   facet normal 0.000000e+00 0.000000e+00 -1.000000e+00
      outer loop
         vertex -2.719077e+01 -4.226451e+00 0.000000e+00
         vertex -2.683653e+01 -4.202341e+00 0.000000e+00
         vertex -2.716636e+01 -4.273310e+00 0.000000e+00
      endloop
   endfacet
   facet normal -0.000000e+00 0.000000e+00 -1.000000e+00
      outer loop
         vertex -2.683653e+01 -4.202341e+00 0.000000e+00
         vertex -2.686959e+01 -4.233490e+00 0.000000e+00
         vertex -2.716636e+01 -4.273310e+00 0.000000e+00
      endloop
   endfacet
   facet normal 0.000000e+00 0.000000e+00 -1.000000e+00
      outer loop
         vertex -2.716636e+01 -4.273310e+00 0.000000e+00
         vertex -2.686959e+01 -4.233490e+00 0.000000e+00
         vertex -2.714420e+01 -4.290196e+00 0.000000e+00
      endloop
   endfacet
   facet normal -0.000000e+00 0.000000e+00 -1.000000e+00
      outer loop
         vertex -2.686959e+01 -4.233490e+00 0.000000e+00
         vertex -2.690574e+01 -4.260991e+00 0.000000e+00
         vertex -2.714420e+01 -4.290196e+00 0.000000e+00
      endloop
   endfacet
   facet normal 0.000000e+00 0.000000e+00 -1.000000e+00
      outer loop
         vertex -2.714420e+01 -4.290196e+00 0.000000e+00
         vertex -2.690574e+01 -4.260991e+00 0.000000e+00
         vertex -2.711912e+01 -4.302333e+00 0.000000e+00
      endloop
   endfacet
   facet normal -0.000000e+00 0.000000e+00 -1.000000e+00
      outer loop
         vertex -2.690574e+01 -4.260991e+00 0.000000e+00
         vertex -2.694471e+01 -4.283909e+00 0.000000e+00
         vertex -2.711912e+01 -4.302333e+00 0.000000e+00
      endloop
   endfacet
   facet normal 0.000000e+00 0.000000e+00 -1.000000e+00
      outer loop
         vertex -2.711912e+01 -4.302333e+00 0.000000e+00
         vertex -2.694471e+01 -4.283909e+00 0.000000e+00
         vertex -2.708843e+01 -4.310589e+00 0.000000e+00
      endloop
   endfacet
   facet normal -0.000000e+00 0.000000e+00 -1.000000e+00
      outer loop
         vertex -2.694471e+01 -4.283909e+00 0.000000e+00
         vertex -2.698636e+01 -4.301505e+00 0.000000e+00
         vertex -2.708843e+01 -4.310589e+00 0.000000e+00
      endloop
   endfacet
   facet normal 0.000000e+00 0.000000e+00 -1.000000e+00
      outer loop
         vertex -2.708843e+01 -4.310589e+00 0.000000e+00
         vertex -2.698636e+01 -4.301505e+00 0.000000e+00
         vertex -2.705679e+01 -4.313370e+00 0.000000e+00
      endloop
   endfacet
   facet normal -0.000000e+00 0.000000e+00 -1.000000e+00
      outer loop
         vertex -2.698636e+01 -4.301505e+00 0.000000e+00
         vertex -2.702107e+01 -4.310383e+00 0.000000e+00
         vertex -2.705679e+01 -4.313370e+00 0.000000e+00
      endloop
   endfacet
   facet normal -9.256915e-01 3.782794e-01 0.000000e+00
      outer loop
         vertex -9.997032e+00 -3.069167e-01 0.000000e+00
         vertex -1.075171e+01 -2.153708e+00 0.000000e+00
         vertex -1.075171e+01 -2.153708e+00 5.000000e+00
      endloop
   endfacet
   facet normal -9.256915e-01 3.782794e-01 0.000000e+00
      outer loop
         vertex -9.997032e+00 -3.069167e-01 0.000000e+00
         vertex -1.075171e+01 -2.153708e+00 5.000000e+00
         vertex -9.997032e+00 -3.069167e-01 5.000000e+00
      endloop
   endfacet
   facet normal 0.000000e+00 1.000000e+00 0.000000e+00
      outer loop
         vertex -1.075171e+01 -2.153708e+00 0.000000e+00
         vertex -1.167776e+01 -2.153708e+00 0.000000e+00
         vertex -1.167776e+01 -2.153708e+00 5.000000e+00
      endloop
   endfacet
   facet normal -0.000000e+00 1.000000e+00 0.000000e+00
      outer loop
         vertex -1.075171e+01 -2.153708e+00 0.000000e+00
         vertex -1.167776e+01 -2.153708e+00 5.000000e+00
         vertex -1.075171e+01 -2.153708e+00 5.000000e+00
      endloop
   endfacet
   facet normal -7.567435e-02 9.971326e-01 0.000000e+00
      outer loop
         vertex -1.167776e+01 -2.153708e+00 0.000000e+00
         vertex -1.172060e+01 -2.156960e+00 0.000000e+00
         vertex -1.172060e+01 -2.156960e+00 5.000000e+00
      endloop
   endfacet
   facet normal -7.567435e-02 9.971326e-01 0.000000e+00
      outer loop
         vertex -1.167776e+01 -2.153708e+00 0.000000e+00
         vertex -1.172060e+01 -2.156960e+00 5.000000e+00
         vertex -1.167776e+01 -2.153708e+00 5.000000e+00
      endloop
   endfacet
   facet normal -2.252700e-01 9.742964e-01 0.000000e+00
      outer loop
         vertex -1.172060e+01 -2.156960e+00 0.000000e+00
         vertex -1.176247e+01 -2.166640e+00 0.000000e+00
         vertex -1.176247e+01 -2.166640e+00 5.000000e+00
      endloop
   endfacet
   facet normal -2.252700e-01 9.742964e-01 0.000000e+00
      outer loop
         vertex -1.172060e+01 -2.156960e+00 0.000000e+00
         vertex -1.176247e+01 -2.166640e+00 5.000000e+00
         vertex -1.172060e+01 -2.156960e+00 5.000000e+00
      endloop
   endfacet
   facet normal -3.738901e-01 9.274730e-01 0.000000e+00
      outer loop
         vertex -1.176247e+01 -2.166640e+00 0.000000e+00
         vertex -1.180013e+01 -2.181820e+00 0.000000e+00
         vertex -1.180013e+01 -2.181820e+00 5.000000e+00
      endloop
   endfacet
   facet normal -3.738901e-01 9.274730e-01 0.000000e+00
      outer loop
         vertex -1.176247e+01 -2.166640e+00 0.000000e+00
         vertex -1.180013e+01 -2.181820e+00 5.000000e+00
         vertex -1.176247e+01 -2.166640e+00 5.000000e+00
      endloop
   endfacet
   facet normal -5.172590e-01 8.558289e-01 0.000000e+00
      outer loop
         vertex -1.180013e+01 -2.181820e+00 0.000000e+00
         vertex -1.183487e+01 -2.202822e+00 0.000000e+00
         vertex -1.183487e+01 -2.202822e+00 5.000000e+00
      endloop
   endfacet
   facet normal -5.172590e-01 8.558289e-01 0.000000e+00
      outer loop
         vertex -1.180013e+01 -2.181820e+00 0.000000e+00
         vertex -1.183487e+01 -2.202822e+00 5.000000e+00
         vertex -1.180013e+01 -2.181820e+00 5.000000e+00
      endloop
   endfacet
   facet normal -6.300174e-01 7.765810e-01 0.000000e+00
      outer loop
         vertex -1.183487e+01 -2.202822e+00 0.000000e+00
         vertex -1.186673e+01 -2.228667e+00 0.000000e+00
         vertex -1.186673e+01 -2.228667e+00 5.000000e+00
      endloop
   endfacet
   facet normal -6.300174e-01 7.765810e-01 0.000000e+00
      outer loop
         vertex -1.183487e+01 -2.202822e+00 0.000000e+00
         vertex -1.186673e+01 -2.228667e+00 5.000000e+00
         vertex -1.183487e+01 -2.202822e+00 5.000000e+00
      endloop
   endfacet
   facet normal -7.152483e-01 6.988704e-01 0.000000e+00
      outer loop
         vertex -1.186673e+01 -2.228667e+00 0.000000e+00
         vertex -1.189540e+01 -2.258008e+00 0.000000e+00
         vertex -1.189540e+01 -2.258008e+00 5.000000e+00
      endloop
   endfacet
   facet normal -7.152483e-01 6.988704e-01 0.000000e+00
      outer loop
         vertex -1.186673e+01 -2.228667e+00 0.000000e+00
         vertex -1.189540e+01 -2.258008e+00 5.000000e+00
         vertex -1.186673e+01 -2.228667e+00 5.000000e+00
      endloop
   endfacet
   facet normal -8.056066e-01 5.924508e-01 0.000000e+00
      outer loop
         vertex -1.189540e+01 -2.258008e+00 0.000000e+00
         vertex -1.191256e+01 -2.281343e+00 0.000000e+00
         vertex -1.191256e+01 -2.281343e+00 5.000000e+00
      endloop
   endfacet
   facet normal -8.056066e-01 5.924508e-01 0.000000e+00
      outer loop
         vertex -1.189540e+01 -2.258008e+00 0.000000e+00
         vertex -1.191256e+01 -2.281343e+00 5.000000e+00
         vertex -1.189540e+01 -2.258008e+00 5.000000e+00
      endloop
   endfacet
   facet normal -8.915677e-01 4.528875e-01 0.000000e+00
      outer loop
         vertex -1.191256e+01 -2.281343e+00 0.000000e+00
         vertex -1.192568e+01 -2.307167e+00 0.000000e+00
         vertex -1.192568e+01 -2.307167e+00 5.000000e+00
      endloop
   endfacet
   facet normal -8.915677e-01 4.528875e-01 0.000000e+00
      outer loop
         vertex -1.191256e+01 -2.281343e+00 0.000000e+00
         vertex -1.192568e+01 -2.307167e+00 5.000000e+00
         vertex -1.191256e+01 -2.281343e+00 5.000000e+00
      endloop
   endfacet
   facet normal -9.800577e-01 1.987130e-01 0.000000e+00
      outer loop
         vertex -1.192568e+01 -2.307167e+00 0.000000e+00
         vertex -1.193392e+01 -2.347819e+00 0.000000e+00
         vertex -1.193392e+01 -2.347819e+00 5.000000e+00
      endloop
   endfacet
   facet normal -9.800577e-01 1.987130e-01 0.000000e+00
      outer loop
         vertex -1.192568e+01 -2.307167e+00 0.000000e+00
         vertex -1.193392e+01 -2.347819e+00 5.000000e+00
         vertex -1.192568e+01 -2.307167e+00 5.000000e+00
      endloop
   endfacet
   facet normal -9.315489e-01 -3.636160e-01 0.000000e+00
      outer loop
         vertex -1.193392e+01 -2.347819e+00 0.000000e+00
         vertex -1.190906e+01 -2.411512e+00 0.000000e+00
         vertex -1.190906e+01 -2.411512e+00 5.000000e+00
      endloop
   endfacet
   facet normal -9.315489e-01 -3.636160e-01 0.000000e+00
      outer loop
         vertex -1.193392e+01 -2.347819e+00 0.000000e+00
         vertex -1.190906e+01 -2.411512e+00 5.000000e+00
         vertex -1.193392e+01 -2.347819e+00 5.000000e+00
      endloop
   endfacet
   facet normal -7.049472e-01 -7.092598e-01 0.000000e+00
      outer loop
         vertex -1.190906e+01 -2.411512e+00 0.000000e+00
         vertex -1.188628e+01 -2.434155e+00 0.000000e+00
         vertex -1.188628e+01 -2.434155e+00 5.000000e+00
      endloop
   endfacet
   facet normal -7.049472e-01 -7.092598e-01 0.000000e+00
      outer loop
         vertex -1.190906e+01 -2.411512e+00 0.000000e+00
         vertex -1.188628e+01 -2.434155e+00 5.000000e+00
         vertex -1.190906e+01 -2.411512e+00 5.000000e+00
      endloop
   endfacet
   facet normal -3.035320e-01 -9.528212e-01 0.000000e+00
      outer loop
         vertex -1.188628e+01 -2.434155e+00 0.000000e+00
         vertex -1.180319e+01 -2.460625e+00 0.000000e+00
         vertex -1.180319e+01 -2.460625e+00 5.000000e+00
      endloop
   endfacet
   facet normal -3.035320e-01 -9.528212e-01 0.000000e+00
      outer loop
         vertex -1.188628e+01 -2.434155e+00 0.000000e+00
         vertex -1.180319e+01 -2.460625e+00 5.000000e+00
         vertex -1.188628e+01 -2.434155e+00 5.000000e+00
      endloop
   endfacet
   facet normal 0.000000e+00 -1.000000e+00 0.000000e+00
      outer loop
         vertex -1.180319e+01 -2.460625e+00 0.000000e+00
         vertex -1.087714e+01 -2.460625e+00 0.000000e+00
         vertex -1.087714e+01 -2.460625e+00 5.000000e+00
      endloop
   endfacet
   facet normal -0.000000e+00 -1.000000e+00 0.000000e+00
      outer loop
         vertex -1.180319e+01 -2.460625e+00 0.000000e+00
         vertex -1.087714e+01 -2.460625e+00 5.000000e+00
         vertex -1.180319e+01 -2.460625e+00 5.000000e+00
      endloop
   endfacet
   facet normal -9.256959e-01 3.782686e-01 0.000000e+00
      outer loop
         vertex -1.087714e+01 -2.460625e+00 0.000000e+00
         vertex -1.150855e+01 -4.005792e+00 0.000000e+00
         vertex -1.150855e+01 -4.005792e+00 5.000000e+00
      endloop
   endfacet
   facet normal -9.256959e-01 3.782686e-01 0.000000e+00
      outer loop
         vertex -1.087714e+01 -2.460625e+00 0.000000e+00
         vertex -1.150855e+01 -4.005792e+00 5.000000e+00
         vertex -1.087714e+01 -2.460625e+00 5.000000e+00
      endloop
   endfacet
   facet normal 0.000000e+00 1.000000e+00 0.000000e+00
      outer loop
         vertex -1.150855e+01 -4.005792e+00 0.000000e+00
         vertex -1.317526e+01 -4.005792e+00 0.000000e+00
         vertex -1.317526e+01 -4.005792e+00 5.000000e+00
      endloop
   endfacet
   facet normal -0.000000e+00 1.000000e+00 0.000000e+00
      outer loop
         vertex -1.150855e+01 -4.005792e+00 0.000000e+00
         vertex -1.317526e+01 -4.005792e+00 5.000000e+00
         vertex -1.150855e+01 -4.005792e+00 5.000000e+00
      endloop
   endfacet
   facet normal -7.565574e-02 9.971340e-01 0.000000e+00
      outer loop
         vertex -1.317526e+01 -4.005792e+00 0.000000e+00
         vertex -1.321812e+01 -4.009044e+00 0.000000e+00
         vertex -1.321812e+01 -4.009044e+00 5.000000e+00
      endloop
   endfacet
   facet normal -7.565574e-02 9.971340e-01 0.000000e+00
      outer loop
         vertex -1.317526e+01 -4.005792e+00 0.000000e+00
         vertex -1.321812e+01 -4.009044e+00 5.000000e+00
         vertex -1.317526e+01 -4.005792e+00 5.000000e+00
      endloop
   endfacet
   facet normal -2.252516e-01 9.743006e-01 0.000000e+00
      outer loop
         vertex -1.321812e+01 -4.009044e+00 0.000000e+00
         vertex -1.326001e+01 -4.018728e+00 0.000000e+00
         vertex -1.326001e+01 -4.018728e+00 5.000000e+00
      endloop
   endfacet
   facet normal -2.252516e-01 9.743006e-01 0.000000e+00
      outer loop
         vertex -1.321812e+01 -4.009044e+00 0.000000e+00
         vertex -1.326001e+01 -4.018728e+00 5.000000e+00
         vertex -1.321812e+01 -4.009044e+00 5.000000e+00
      endloop
   endfacet
   facet normal -3.739028e-01 9.274679e-01 0.000000e+00
      outer loop
         vertex -1.326001e+01 -4.018728e+00 0.000000e+00
         vertex -1.329766e+01 -4.033905e+00 0.000000e+00
         vertex -1.329766e+01 -4.033905e+00 5.000000e+00
      endloop
   endfacet
   facet normal -3.739028e-01 9.274679e-01 0.000000e+00
      outer loop
         vertex -1.326001e+01 -4.018728e+00 0.000000e+00
         vertex -1.329766e+01 -4.033905e+00 5.000000e+00
         vertex -1.326001e+01 -4.018728e+00 5.000000e+00
      endloop
   endfacet
   facet normal -5.173433e-01 8.557779e-01 0.000000e+00
      outer loop
         vertex -1.329766e+01 -4.033905e+00 0.000000e+00
         vertex -1.333239e+01 -4.054905e+00 0.000000e+00
         vertex -1.333239e+01 -4.054905e+00 5.000000e+00
      endloop
   endfacet
   facet normal -5.173433e-01 8.557779e-01 0.000000e+00
      outer loop
         vertex -1.329766e+01 -4.033905e+00 0.000000e+00
         vertex -1.333239e+01 -4.054905e+00 5.000000e+00
         vertex -1.329766e+01 -4.033905e+00 5.000000e+00
      endloop
   endfacet
   facet normal -6.301242e-01 7.764944e-01 0.000000e+00
      outer loop
         vertex -1.333239e+01 -4.054905e+00 0.000000e+00
         vertex -1.336424e+01 -4.080750e+00 0.000000e+00
         vertex -1.336424e+01 -4.080750e+00 5.000000e+00
      endloop
   endfacet
   facet normal -6.301242e-01 7.764944e-01 0.000000e+00
      outer loop
         vertex -1.333239e+01 -4.054905e+00 0.000000e+00
         vertex -1.336424e+01 -4.080750e+00 5.000000e+00
         vertex -1.333239e+01 -4.054905e+00 5.000000e+00
      endloop
   endfacet
   facet normal -7.153186e-01 6.987985e-01 0.000000e+00
      outer loop
         vertex -1.336424e+01 -4.080750e+00 0.000000e+00
         vertex -1.339290e+01 -4.110089e+00 0.000000e+00
         vertex -1.339290e+01 -4.110089e+00 5.000000e+00
      endloop
   endfacet
   facet normal -7.153186e-01 6.987985e-01 0.000000e+00
      outer loop
         vertex -1.336424e+01 -4.080750e+00 0.000000e+00
         vertex -1.339290e+01 -4.110089e+00 5.000000e+00
         vertex -1.336424e+01 -4.080750e+00 5.000000e+00
      endloop
   endfacet
   facet normal -8.056612e-01 5.923766e-01 0.000000e+00
      outer loop
         vertex -1.339290e+01 -4.110089e+00 0.000000e+00
         vertex -1.341006e+01 -4.133425e+00 0.000000e+00
         vertex -1.341006e+01 -4.133425e+00 5.000000e+00
      endloop
   endfacet
   facet normal -8.056612e-01 5.923766e-01 0.000000e+00
      outer loop
         vertex -1.339290e+01 -4.110089e+00 0.000000e+00
         vertex -1.341006e+01 -4.133425e+00 5.000000e+00
         vertex -1.339290e+01 -4.110089e+00 5.000000e+00
      endloop
   endfacet
   facet normal -8.915844e-01 4.528547e-01 0.000000e+00
      outer loop
         vertex -1.341006e+01 -4.133425e+00 0.000000e+00
         vertex -1.342318e+01 -4.159250e+00 0.000000e+00
         vertex -1.342318e+01 -4.159250e+00 5.000000e+00
      endloop
   endfacet
   facet normal -8.915844e-01 4.528547e-01 0.000000e+00
      outer loop
         vertex -1.341006e+01 -4.133425e+00 0.000000e+00
         vertex -1.342318e+01 -4.159250e+00 5.000000e+00
         vertex -1.341006e+01 -4.133425e+00 5.000000e+00
      endloop
   endfacet
   facet normal -9.800577e-01 1.987130e-01 0.000000e+00
      outer loop
         vertex -1.342318e+01 -4.159250e+00 0.000000e+00
         vertex -1.343142e+01 -4.199903e+00 0.000000e+00
         vertex -1.343142e+01 -4.199903e+00 5.000000e+00
      endloop
   endfacet
   facet normal -9.800577e-01 1.987130e-01 0.000000e+00
      outer loop
         vertex -1.342318e+01 -4.159250e+00 0.000000e+00
         vertex -1.343142e+01 -4.199903e+00 5.000000e+00
         vertex -1.342318e+01 -4.159250e+00 5.000000e+00
      endloop
   endfacet
   facet normal -9.315494e-01 -3.636148e-01 0.000000e+00
      outer loop
         vertex -1.343142e+01 -4.199903e+00 0.000000e+00
         vertex -1.340656e+01 -4.263595e+00 0.000000e+00
         vertex -1.340656e+01 -4.263595e+00 5.000000e+00
      endloop
   endfacet
   facet normal -9.315494e-01 -3.636148e-01 0.000000e+00
      outer loop
         vertex -1.343142e+01 -4.199903e+00 0.000000e+00
         vertex -1.340656e+01 -4.263595e+00 5.000000e+00
         vertex -1.343142e+01 -4.199903e+00 5.000000e+00
      endloop
   endfacet
   facet normal -7.049434e-01 -7.092635e-01 0.000000e+00
      outer loop
         vertex -1.340656e+01 -4.263595e+00 0.000000e+00
         vertex -1.338378e+01 -4.286238e+00 0.000000e+00
         vertex -1.338378e+01 -4.286238e+00 5.000000e+00
      endloop
   endfacet
   facet normal -7.049434e-01 -7.092635e-01 0.000000e+00
      outer loop
         vertex -1.340656e+01 -4.263595e+00 0.000000e+00
         vertex -1.338378e+01 -4.286238e+00 5.000000e+00
         vertex -1.340656e+01 -4.263595e+00 5.000000e+00
      endloop
   endfacet
   facet normal -3.035345e-01 -9.528204e-01 0.000000e+00
      outer loop
         vertex -1.338378e+01 -4.286238e+00 0.000000e+00
         vertex -1.330069e+01 -4.312708e+00 0.000000e+00
         vertex -1.330069e+01 -4.312708e+00 5.000000e+00
      endloop
   endfacet
   facet normal -3.035345e-01 -9.528204e-01 0.000000e+00
      outer loop
         vertex -1.338378e+01 -4.286238e+00 0.000000e+00
         vertex -1.330069e+01 -4.312708e+00 5.000000e+00
         vertex -1.338378e+01 -4.286238e+00 5.000000e+00
      endloop
   endfacet
   facet normal 0.000000e+00 -1.000000e+00 0.000000e+00
      outer loop
         vertex -1.330069e+01 -4.312708e+00 0.000000e+00
         vertex -1.144877e+01 -4.312708e+00 0.000000e+00
         vertex -1.144877e+01 -4.312708e+00 5.000000e+00
      endloop
   endfacet
   facet normal -0.000000e+00 -1.000000e+00 0.000000e+00
      outer loop
         vertex -1.330069e+01 -4.312708e+00 0.000000e+00
         vertex -1.144877e+01 -4.312708e+00 5.000000e+00
         vertex -1.330069e+01 -4.312708e+00 5.000000e+00
      endloop
   endfacet
   facet normal 5.570195e-02 -9.984474e-01 0.000000e+00
      outer loop
         vertex -1.144877e+01 -4.312708e+00 0.000000e+00
         vertex -1.140693e+01 -4.310374e+00 0.000000e+00
         vertex -1.140693e+01 -4.310374e+00 5.000000e+00
      endloop
   endfacet
   facet normal 5.570195e-02 -9.984474e-01 0.000000e+00
      outer loop
         vertex -1.144877e+01 -4.312708e+00 0.000000e+00
         vertex -1.140693e+01 -4.310374e+00 5.000000e+00
         vertex -1.144877e+01 -4.312708e+00 5.000000e+00
      endloop
   endfacet
   facet normal 1.663952e-01 -9.860591e-01 0.000000e+00
      outer loop
         vertex -1.140693e+01 -4.310374e+00 0.000000e+00
         vertex -1.136561e+01 -4.303401e+00 0.000000e+00
         vertex -1.136561e+01 -4.303401e+00 5.000000e+00
      endloop
   endfacet
   facet normal 1.663952e-01 -9.860591e-01 0.000000e+00
      outer loop
         vertex -1.140693e+01 -4.310374e+00 0.000000e+00
         vertex -1.136561e+01 -4.303401e+00 5.000000e+00
         vertex -1.140693e+01 -4.310374e+00 5.000000e+00
      endloop
   endfacet
   facet normal 2.892245e-01 -9.572613e-01 0.000000e+00
      outer loop
         vertex -1.136561e+01 -4.303401e+00 0.000000e+00
         vertex -1.133384e+01 -4.293803e+00 0.000000e+00
         vertex -1.133384e+01 -4.293803e+00 5.000000e+00
      endloop
   endfacet
   facet normal 2.892245e-01 -9.572613e-01 0.000000e+00
      outer loop
         vertex -1.136561e+01 -4.303401e+00 0.000000e+00
         vertex -1.133384e+01 -4.293803e+00 5.000000e+00
         vertex -1.136561e+01 -4.303401e+00 5.000000e+00
      endloop
   endfacet
   facet normal 4.209078e-01 -9.071034e-01 0.000000e+00
      outer loop
         vertex -1.133384e+01 -4.293803e+00 0.000000e+00
         vertex -1.130374e+01 -4.279834e+00 0.000000e+00
         vertex -1.130374e+01 -4.279834e+00 5.000000e+00
      endloop
   endfacet
   facet normal 4.209078e-01 -9.071034e-01 0.000000e+00
      outer loop
         vertex -1.133384e+01 -4.293803e+00 0.000000e+00
         vertex -1.130374e+01 -4.279834e+00 5.000000e+00
         vertex -1.133384e+01 -4.293803e+00 5.000000e+00
      endloop
   endfacet
   facet normal 5.606075e-01 -8.280817e-01 0.000000e+00
      outer loop
         vertex -1.130374e+01 -4.279834e+00 0.000000e+00
         vertex -1.127231e+01 -4.258561e+00 0.000000e+00
         vertex -1.127231e+01 -4.258561e+00 5.000000e+00
      endloop
   endfacet
   facet normal 5.606075e-01 -8.280817e-01 0.000000e+00
      outer loop
         vertex -1.130374e+01 -4.279834e+00 0.000000e+00
         vertex -1.127231e+01 -4.258561e+00 5.000000e+00
         vertex -1.130374e+01 -4.279834e+00 5.000000e+00
      endloop
   endfacet
   facet normal 7.000224e-01 -7.141209e-01 0.000000e+00
      outer loop
         vertex -1.127231e+01 -4.258561e+00 0.000000e+00
         vertex -1.124521e+01 -4.231996e+00 0.000000e+00
         vertex -1.124521e+01 -4.231996e+00 5.000000e+00
      endloop
   endfacet
   facet normal 7.000224e-01 -7.141209e-01 0.000000e+00
      outer loop
         vertex -1.127231e+01 -4.258561e+00 0.000000e+00
         vertex -1.124521e+01 -4.231996e+00 5.000000e+00
         vertex -1.127231e+01 -4.258561e+00 5.000000e+00
      endloop
   endfacet
   facet normal 8.104283e-01 -5.858379e-01 0.000000e+00
      outer loop
         vertex -1.124521e+01 -4.231996e+00 0.000000e+00
         vertex -1.121999e+01 -4.197106e+00 0.000000e+00
         vertex -1.121999e+01 -4.197106e+00 5.000000e+00
      endloop
   endfacet
   facet normal 8.104283e-01 -5.858379e-01 0.000000e+00
      outer loop
         vertex -1.124521e+01 -4.231996e+00 0.000000e+00
         vertex -1.121999e+01 -4.197106e+00 5.000000e+00
         vertex -1.124521e+01 -4.231996e+00 5.000000e+00
      endloop
   endfacet
   facet normal 8.927730e-01 -4.505068e-01 0.000000e+00
      outer loop
         vertex -1.121999e+01 -4.197106e+00 0.000000e+00
         vertex -1.120060e+01 -4.158671e+00 0.000000e+00
         vertex -1.120060e+01 -4.158671e+00 5.000000e+00
      endloop
   endfacet
   facet normal 8.927730e-01 -4.505068e-01 0.000000e+00
      outer loop
         vertex -1.121999e+01 -4.197106e+00 0.000000e+00
         vertex -1.120060e+01 -4.158671e+00 5.000000e+00
         vertex -1.121999e+01 -4.197106e+00 5.000000e+00
      endloop
   endfacet
   facet normal 9.256936e-01 -3.782741e-01 0.000000e+00
      outer loop
         vertex -1.120060e+01 -4.158671e+00 0.000000e+00
         vertex -9.564149e+00 -1.540371e-01 0.000000e+00
         vertex -9.564149e+00 -1.540371e-01 5.000000e+00
      endloop
   endfacet
   facet normal 9.256936e-01 -3.782741e-01 0.000000e+00
      outer loop
         vertex -1.120060e+01 -4.158671e+00 0.000000e+00
         vertex -9.564149e+00 -1.540371e-01 5.000000e+00
         vertex -1.120060e+01 -4.158671e+00 5.000000e+00
      endloop
   endfacet
   facet normal 9.733457e-01 -2.293427e-01 0.000000e+00
      outer loop
         vertex -9.564149e+00 -1.540371e-01 0.000000e+00
         vertex -9.548177e+00 -8.625031e-02 0.000000e+00
         vertex -9.548177e+00 -8.625031e-02 5.000000e+00
      endloop
   endfacet
   facet normal 9.733457e-01 -2.293427e-01 0.000000e+00
      outer loop
         vertex -9.564149e+00 -1.540371e-01 0.000000e+00
         vertex -9.548177e+00 -8.625031e-02 5.000000e+00
         vertex -9.564149e+00 -1.540371e-01 5.000000e+00
      endloop
   endfacet
   facet normal 9.453560e-01 3.260400e-01 -0.000000e+00
      outer loop
         vertex -9.548177e+00 -8.625031e-02 0.000000e+00
         vertex -9.565626e+00 -3.565567e-02 0.000000e+00
         vertex -9.565626e+00 -3.565567e-02 5.000000e+00
      endloop
   endfacet
   facet normal 9.453560e-01 3.260400e-01 0.000000e+00
      outer loop
         vertex -9.548177e+00 -8.625031e-02 0.000000e+00
         vertex -9.565626e+00 -3.565567e-02 5.000000e+00
         vertex -9.548177e+00 -8.625031e-02 5.000000e+00
      endloop
   endfacet
   facet normal 6.939958e-01 7.199791e-01 -0.000000e+00
      outer loop
         vertex -9.565626e+00 -3.565567e-02 0.000000e+00
         vertex -9.573506e+00 -2.805985e-02 0.000000e+00
         vertex -9.573506e+00 -2.805985e-02 5.000000e+00
      endloop
   endfacet
   facet normal 6.939958e-01 7.199791e-01 0.000000e+00
      outer loop
         vertex -9.565626e+00 -3.565567e-02 0.000000e+00
         vertex -9.573506e+00 -2.805985e-02 5.000000e+00
         vertex -9.565626e+00 -3.565567e-02 5.000000e+00
      endloop
   endfacet
   facet normal 5.481195e-01 8.364001e-01 -0.000000e+00
      outer loop
         vertex -9.573506e+00 -2.805985e-02 0.000000e+00
         vertex -9.591040e+00 -1.656972e-02 0.000000e+00
         vertex -9.591040e+00 -1.656972e-02 5.000000e+00
      endloop
   endfacet
   facet normal 5.481195e-01 8.364001e-01 0.000000e+00
      outer loop
         vertex -9.573506e+00 -2.805985e-02 0.000000e+00
         vertex -9.591040e+00 -1.656972e-02 5.000000e+00
         vertex -9.573506e+00 -2.805985e-02 5.000000e+00
      endloop
   endfacet
   facet normal 3.483210e-01 9.373753e-01 -0.000000e+00
      outer loop
         vertex -9.591040e+00 -1.656972e-02 0.000000e+00
         vertex -9.610690e+00 -9.267773e-03 0.000000e+00
         vertex -9.610690e+00 -9.267773e-03 5.000000e+00
      endloop
   endfacet
   facet normal 3.483210e-01 9.373753e-01 0.000000e+00
      outer loop
         vertex -9.591040e+00 -1.656972e-02 0.000000e+00
         vertex -9.610690e+00 -9.267773e-03 5.000000e+00
         vertex -9.591040e+00 -1.656972e-02 5.000000e+00
      endloop
   endfacet
   facet normal 1.817048e-01 9.833531e-01 -0.000000e+00
      outer loop
         vertex -9.610690e+00 -9.267773e-03 0.000000e+00
         vertex -9.648260e+00 -2.325560e-03 0.000000e+00
         vertex -9.648260e+00 -2.325560e-03 5.000000e+00
      endloop
   endfacet
   facet normal 1.817048e-01 9.833531e-01 0.000000e+00
      outer loop
         vertex -9.610690e+00 -9.267773e-03 0.000000e+00
         vertex -9.648260e+00 -2.325560e-03 5.000000e+00
         vertex -9.610690e+00 -9.267773e-03 5.000000e+00
      endloop
   endfacet
   facet normal 6.086989e-02 9.981457e-01 -0.000000e+00
      outer loop
         vertex -9.648260e+00 -2.325560e-03 0.000000e+00
         vertex -9.686395e+00 1.165734e-15 0.000000e+00
         vertex -9.686395e+00 1.165734e-15 5.000000e+00
      endloop
   endfacet
   facet normal 6.086989e-02 9.981457e-01 0.000000e+00
      outer loop
         vertex -9.648260e+00 -2.325560e-03 0.000000e+00
         vertex -9.686395e+00 1.165734e-15 5.000000e+00
         vertex -9.648260e+00 -2.325560e-03 5.000000e+00
      endloop
   endfacet
   facet normal 1.224647e-16 1.000000e+00 -0.000000e+00
      outer loop
         vertex -9.686395e+00 1.186241e-15 0.000000e+00
         vertex -1.153831e+01 1.413036e-15 0.000000e+00
         vertex -1.153831e+01 1.413036e-15 5.000000e+00
      endloop
   endfacet
   facet normal 1.224647e-16 1.000000e+00 0.000000e+00
      outer loop
         vertex -9.686395e+00 1.186241e-15 0.000000e+00
         vertex -1.153831e+01 1.413036e-15 5.000000e+00
         vertex -9.686395e+00 1.186241e-15 5.000000e+00
      endloop
   endfacet
   facet normal -7.566051e-02 9.971336e-01 0.000000e+00
      outer loop
         vertex -1.153831e+01 1.387779e-15 0.000000e+00
         vertex -1.158118e+01 -3.252640e-03 0.000000e+00
         vertex -1.158118e+01 -3.252640e-03 5.000000e+00
      endloop
   endfacet
   facet normal -7.566051e-02 9.971336e-01 0.000000e+00
      outer loop
         vertex -1.153831e+01 1.387779e-15 0.000000e+00
         vertex -1.158118e+01 -3.252640e-03 5.000000e+00
         vertex -1.153831e+01 1.387779e-15 5.000000e+00
      endloop
   endfacet
   facet normal -2.252479e-01 9.743015e-01 0.000000e+00
      outer loop
         vertex -1.158118e+01 -3.252640e-03 0.000000e+00
         vertex -1.162306e+01 -1.293608e-02 0.000000e+00
         vertex -1.162306e+01 -1.293608e-02 5.000000e+00
      endloop
   endfacet
   facet normal -2.252479e-01 9.743015e-01 0.000000e+00
      outer loop
         vertex -1.158118e+01 -3.252640e-03 0.000000e+00
         vertex -1.162306e+01 -1.293608e-02 5.000000e+00
         vertex -1.158118e+01 -3.252640e-03 5.000000e+00
      endloop
   endfacet
   facet normal -3.738904e-01 9.274729e-01 0.000000e+00
      outer loop
         vertex -1.162306e+01 -1.293608e-02 0.000000e+00
         vertex -1.166071e+01 -2.811313e-02 0.000000e+00
         vertex -1.166071e+01 -2.811313e-02 5.000000e+00
      endloop
   endfacet
   facet normal -3.738904e-01 9.274729e-01 0.000000e+00
      outer loop
         vertex -1.162306e+01 -1.293608e-02 0.000000e+00
         vertex -1.166071e+01 -2.811313e-02 5.000000e+00
         vertex -1.162306e+01 -1.293608e-02 5.000000e+00
      endloop
   endfacet
   facet normal -5.173481e-01 8.557750e-01 0.000000e+00
      outer loop
         vertex -1.166071e+01 -2.811313e-02 0.000000e+00
         vertex -1.169545e+01 -4.911330e-02 0.000000e+00
         vertex -1.169545e+01 -4.911330e-02 5.000000e+00
      endloop
   endfacet
   facet normal -5.173481e-01 8.557750e-01 0.000000e+00
      outer loop
         vertex -1.166071e+01 -2.811313e-02 0.000000e+00
         vertex -1.169545e+01 -4.911330e-02 5.000000e+00
         vertex -1.166071e+01 -2.811313e-02 5.000000e+00
      endloop
   endfacet
   facet normal -6.301243e-01 7.764943e-01 0.000000e+00
      outer loop
         vertex -1.169545e+01 -4.911330e-02 0.000000e+00
         vertex -1.172730e+01 -7.495788e-02 0.000000e+00
         vertex -1.172730e+01 -7.495788e-02 5.000000e+00
      endloop
   endfacet
   facet normal -6.301243e-01 7.764943e-01 0.000000e+00
      outer loop
         vertex -1.169545e+01 -4.911330e-02 0.000000e+00
         vertex -1.172730e+01 -7.495788e-02 5.000000e+00
         vertex -1.169545e+01 -4.911330e-02 5.000000e+00
      endloop
   endfacet
   facet normal -7.153283e-01 6.987886e-01 0.000000e+00
      outer loop
         vertex -1.172730e+01 -7.495788e-02 0.000000e+00
         vertex -1.175596e+01 -1.042970e-01 0.000000e+00
         vertex -1.175596e+01 -1.042970e-01 5.000000e+00
      endloop
   endfacet
   facet normal -7.153283e-01 6.987886e-01 0.000000e+00
      outer loop
         vertex -1.172730e+01 -7.495788e-02 0.000000e+00
         vertex -1.175596e+01 -1.042970e-01 5.000000e+00
         vertex -1.172730e+01 -7.495788e-02 5.000000e+00
      endloop
   endfacet
   facet normal -8.056605e-01 5.923775e-01 0.000000e+00
      outer loop
         vertex -1.175596e+01 -1.042970e-01 0.000000e+00
         vertex -1.177312e+01 -1.276334e-01 0.000000e+00
         vertex -1.177312e+01 -1.276334e-01 5.000000e+00
      endloop
   endfacet
   facet normal -8.056605e-01 5.923775e-01 0.000000e+00
      outer loop
         vertex -1.175596e+01 -1.042970e-01 0.000000e+00
         vertex -1.177312e+01 -1.276334e-01 5.000000e+00
         vertex -1.175596e+01 -1.042970e-01 5.000000e+00
      endloop
   endfacet
   facet normal -8.915738e-01 4.528754e-01 0.000000e+00
      outer loop
         vertex -1.177312e+01 -1.276334e-01 0.000000e+00
         vertex -1.178624e+01 -1.534583e-01 0.000000e+00
         vertex -1.178624e+01 -1.534583e-01 5.000000e+00
      endloop
   endfacet
   facet normal -8.915738e-01 4.528754e-01 0.000000e+00
      outer loop
         vertex -1.177312e+01 -1.276334e-01 0.000000e+00
         vertex -1.178624e+01 -1.534583e-01 5.000000e+00
         vertex -1.177312e+01 -1.276334e-01 5.000000e+00
      endloop
   endfacet
   facet normal -9.800577e-01 1.987133e-01 0.000000e+00
      outer loop
         vertex -1.178624e+01 -1.534583e-01 0.000000e+00
         vertex -1.179448e+01 -1.941110e-01 0.000000e+00
         vertex -1.179448e+01 -1.941110e-01 5.000000e+00
      endloop
   endfacet
   facet normal -9.800577e-01 1.987133e-01 0.000000e+00
      outer loop
         vertex -1.178624e+01 -1.534583e-01 0.000000e+00
         vertex -1.179448e+01 -1.941110e-01 5.000000e+00
         vertex -1.178624e+01 -1.534583e-01 5.000000e+00
      endloop
   endfacet
   facet normal -9.315490e-01 -3.636157e-01 0.000000e+00
      outer loop
         vertex -1.179448e+01 -1.941110e-01 0.000000e+00
         vertex -1.176962e+01 -2.578034e-01 0.000000e+00
         vertex -1.176962e+01 -2.578034e-01 5.000000e+00
      endloop
   endfacet
   facet normal -9.315490e-01 -3.636157e-01 0.000000e+00
      outer loop
         vertex -1.179448e+01 -1.941110e-01 0.000000e+00
         vertex -1.176962e+01 -2.578034e-01 5.000000e+00
         vertex -1.179448e+01 -1.941110e-01 5.000000e+00
      endloop
   endfacet
   facet normal -7.049444e-01 -7.092626e-01 0.000000e+00
      outer loop
         vertex -1.176962e+01 -2.578034e-01 0.000000e+00
         vertex -1.174684e+01 -2.804461e-01 0.000000e+00
         vertex -1.174684e+01 -2.804461e-01 5.000000e+00
      endloop
   endfacet
   facet normal -7.049444e-01 -7.092626e-01 0.000000e+00
      outer loop
         vertex -1.176962e+01 -2.578034e-01 0.000000e+00
         vertex -1.174684e+01 -2.804461e-01 5.000000e+00
         vertex -1.176962e+01 -2.578034e-01 5.000000e+00
      endloop
   endfacet
   facet normal -3.035336e-01 -9.528207e-01 0.000000e+00
      outer loop
         vertex -1.174684e+01 -2.804461e-01 0.000000e+00
         vertex -1.166374e+01 -3.069167e-01 0.000000e+00
         vertex -1.166374e+01 -3.069167e-01 5.000000e+00
      endloop
   endfacet
   facet normal -3.035336e-01 -9.528207e-01 0.000000e+00
      outer loop
         vertex -1.174684e+01 -2.804461e-01 0.000000e+00
         vertex -1.166374e+01 -3.069167e-01 5.000000e+00
         vertex -1.174684e+01 -2.804461e-01 5.000000e+00
      endloop
   endfacet
   facet normal 0.000000e+00 -1.000000e+00 0.000000e+00
      outer loop
         vertex -1.166374e+01 -3.069167e-01 0.000000e+00
         vertex -9.997032e+00 -3.069167e-01 0.000000e+00
         vertex -9.997032e+00 -3.069167e-01 5.000000e+00
      endloop
   endfacet
   facet normal -0.000000e+00 -1.000000e+00 0.000000e+00
      outer loop
         vertex -1.166374e+01 -3.069167e-01 0.000000e+00
         vertex -9.997032e+00 -3.069167e-01 5.000000e+00
         vertex -1.166374e+01 -3.069167e-01 5.000000e+00
      endloop
   endfacet
   facet normal 0.000000e+00 0.000000e+00 1.000000e+00
      outer loop
         vertex -1.166374e+01 -3.069167e-01 5.000000e+00
         vertex -9.997032e+00 -3.069167e-01 5.000000e+00
         vertex -1.174684e+01 -2.804461e-01 5.000000e+00
      endloop
   endfacet
   facet normal 0.000000e+00 0.000000e+00 1.000000e+00
      outer loop
         vertex -1.167776e+01 -2.153708e+00 5.000000e+00
         vertex -1.172060e+01 -2.156960e+00 5.000000e+00
         vertex -1.075171e+01 -2.153708e+00 5.000000e+00
      endloop
   endfacet
   facet normal 0.000000e+00 0.000000e+00 1.000000e+00
      outer loop
         vertex -1.172060e+01 -2.156960e+00 5.000000e+00
         vertex -1.176247e+01 -2.166640e+00 5.000000e+00
         vertex -1.075171e+01 -2.153708e+00 5.000000e+00
      endloop
   endfacet
   facet normal 0.000000e+00 0.000000e+00 1.000000e+00
      outer loop
         vertex -1.176247e+01 -2.166640e+00 5.000000e+00
         vertex -1.180013e+01 -2.181820e+00 5.000000e+00
         vertex -1.075171e+01 -2.153708e+00 5.000000e+00
      endloop
   endfacet
   facet normal 0.000000e+00 0.000000e+00 1.000000e+00
      outer loop
         vertex -1.180013e+01 -2.181820e+00 5.000000e+00
         vertex -1.183487e+01 -2.202822e+00 5.000000e+00
         vertex -1.075171e+01 -2.153708e+00 5.000000e+00
      endloop
   endfacet
   facet normal 0.000000e+00 0.000000e+00 1.000000e+00
      outer loop
         vertex -1.183487e+01 -2.202822e+00 5.000000e+00
         vertex -1.186673e+01 -2.228667e+00 5.000000e+00
         vertex -1.075171e+01 -2.153708e+00 5.000000e+00
      endloop
   endfacet
   facet normal 0.000000e+00 0.000000e+00 1.000000e+00
      outer loop
         vertex -1.186673e+01 -2.228667e+00 5.000000e+00
         vertex -1.189540e+01 -2.258008e+00 5.000000e+00
         vertex -1.075171e+01 -2.153708e+00 5.000000e+00
      endloop
   endfacet
   facet normal 0.000000e+00 0.000000e+00 1.000000e+00
      outer loop
         vertex -1.189540e+01 -2.258008e+00 5.000000e+00
         vertex -1.191256e+01 -2.281343e+00 5.000000e+00
         vertex -1.075171e+01 -2.153708e+00 5.000000e+00
      endloop
   endfacet
   facet normal 0.000000e+00 0.000000e+00 1.000000e+00
      outer loop
         vertex -1.191256e+01 -2.281343e+00 5.000000e+00
         vertex -1.192568e+01 -2.307167e+00 5.000000e+00
         vertex -1.075171e+01 -2.153708e+00 5.000000e+00
      endloop
   endfacet
   facet normal 0.000000e+00 0.000000e+00 1.000000e+00
      outer loop
         vertex -1.192568e+01 -2.307167e+00 5.000000e+00
         vertex -1.193392e+01 -2.347819e+00 5.000000e+00
         vertex -1.075171e+01 -2.153708e+00 5.000000e+00
      endloop
   endfacet
   facet normal 0.000000e+00 -0.000000e+00 1.000000e+00
      outer loop
         vertex -1.193392e+01 -2.347819e+00 5.000000e+00
         vertex -1.190906e+01 -2.411512e+00 5.000000e+00
         vertex -1.075171e+01 -2.153708e+00 5.000000e+00
      endloop
   endfacet
   facet normal 0.000000e+00 -0.000000e+00 1.000000e+00
      outer loop
         vertex -1.190906e+01 -2.411512e+00 5.000000e+00
         vertex -1.188628e+01 -2.434155e+00 5.000000e+00
         vertex -1.075171e+01 -2.153708e+00 5.000000e+00
      endloop
   endfacet
   facet normal 0.000000e+00 -0.000000e+00 1.000000e+00
      outer loop
         vertex -1.188628e+01 -2.434155e+00 5.000000e+00
         vertex -1.180319e+01 -2.460625e+00 5.000000e+00
         vertex -1.075171e+01 -2.153708e+00 5.000000e+00
      endloop
   endfacet
   facet normal 0.000000e+00 -0.000000e+00 1.000000e+00
      outer loop
         vertex -1.180319e+01 -2.460625e+00 5.000000e+00
         vertex -1.087714e+01 -2.460625e+00 5.000000e+00
         vertex -1.075171e+01 -2.153708e+00 5.000000e+00
      endloop
   endfacet
   facet normal 0.000000e+00 0.000000e+00 1.000000e+00
      outer loop
         vertex -1.087714e+01 -2.460625e+00 5.000000e+00
         vertex -1.150855e+01 -4.005792e+00 5.000000e+00
         vertex -1.075171e+01 -2.153708e+00 5.000000e+00
      endloop
   endfacet
   facet normal 0.000000e+00 0.000000e+00 1.000000e+00
      outer loop
         vertex -1.317526e+01 -4.005792e+00 5.000000e+00
         vertex -1.321812e+01 -4.009044e+00 5.000000e+00
         vertex -1.150855e+01 -4.005792e+00 5.000000e+00
      endloop
   endfacet
   facet normal 0.000000e+00 0.000000e+00 1.000000e+00
      outer loop
         vertex -1.321812e+01 -4.009044e+00 5.000000e+00
         vertex -1.326001e+01 -4.018728e+00 5.000000e+00
         vertex -1.150855e+01 -4.005792e+00 5.000000e+00
      endloop
   endfacet
   facet normal 0.000000e+00 0.000000e+00 1.000000e+00
      outer loop
         vertex -1.326001e+01 -4.018728e+00 5.000000e+00
         vertex -1.329766e+01 -4.033905e+00 5.000000e+00
         vertex -1.150855e+01 -4.005792e+00 5.000000e+00
      endloop
   endfacet
   facet normal 0.000000e+00 0.000000e+00 1.000000e+00
      outer loop
         vertex -1.329766e+01 -4.033905e+00 5.000000e+00
         vertex -1.333239e+01 -4.054905e+00 5.000000e+00
         vertex -1.150855e+01 -4.005792e+00 5.000000e+00
      endloop
   endfacet
   facet normal 0.000000e+00 0.000000e+00 1.000000e+00
      outer loop
         vertex -1.333239e+01 -4.054905e+00 5.000000e+00
         vertex -1.336424e+01 -4.080750e+00 5.000000e+00
         vertex -1.150855e+01 -4.005792e+00 5.000000e+00
      endloop
   endfacet
   facet normal 0.000000e+00 0.000000e+00 1.000000e+00
      outer loop
         vertex -1.336424e+01 -4.080750e+00 5.000000e+00
         vertex -1.339290e+01 -4.110089e+00 5.000000e+00
         vertex -1.150855e+01 -4.005792e+00 5.000000e+00
      endloop
   endfacet
   facet normal 0.000000e+00 0.000000e+00 1.000000e+00
      outer loop
         vertex -1.339290e+01 -4.110089e+00 5.000000e+00
         vertex -1.341006e+01 -4.133425e+00 5.000000e+00
         vertex -1.150855e+01 -4.005792e+00 5.000000e+00
      endloop
   endfacet
   facet normal 0.000000e+00 0.000000e+00 1.000000e+00
      outer loop
         vertex -1.341006e+01 -4.133425e+00 5.000000e+00
         vertex -1.342318e+01 -4.159250e+00 5.000000e+00
         vertex -1.150855e+01 -4.005792e+00 5.000000e+00
      endloop
   endfacet
   facet normal 0.000000e+00 0.000000e+00 1.000000e+00
      outer loop
         vertex -1.342318e+01 -4.159250e+00 5.000000e+00
         vertex -1.343142e+01 -4.199903e+00 5.000000e+00
         vertex -1.150855e+01 -4.005792e+00 5.000000e+00
      endloop
   endfacet
   facet normal 0.000000e+00 -0.000000e+00 1.000000e+00
      outer loop
         vertex -1.343142e+01 -4.199903e+00 5.000000e+00
         vertex -1.340656e+01 -4.263595e+00 5.000000e+00
         vertex -1.150855e+01 -4.005792e+00 5.000000e+00
      endloop
   endfacet
   facet normal 0.000000e+00 -0.000000e+00 1.000000e+00
      outer loop
         vertex -1.340656e+01 -4.263595e+00 5.000000e+00
         vertex -1.338378e+01 -4.286238e+00 5.000000e+00
         vertex -1.150855e+01 -4.005792e+00 5.000000e+00
      endloop
   endfacet
   facet normal 0.000000e+00 -0.000000e+00 1.000000e+00
      outer loop
         vertex -1.338378e+01 -4.286238e+00 5.000000e+00
         vertex -1.330069e+01 -4.312708e+00 5.000000e+00
         vertex -1.150855e+01 -4.005792e+00 5.000000e+00
      endloop
   endfacet
   facet normal 0.000000e+00 0.000000e+00 1.000000e+00
      outer loop
         vertex -1.330069e+01 -4.312708e+00 5.000000e+00
         vertex -1.144877e+01 -4.312708e+00 5.000000e+00
         vertex -1.150855e+01 -4.005792e+00 5.000000e+00
      endloop
   endfacet
   facet normal 0.000000e+00 -0.000000e+00 1.000000e+00
      outer loop
         vertex -1.150855e+01 -4.005792e+00 5.000000e+00
         vertex -1.144877e+01 -4.312708e+00 5.000000e+00
         vertex -1.075171e+01 -2.153708e+00 5.000000e+00
      endloop
   endfacet
   facet normal 0.000000e+00 -0.000000e+00 1.000000e+00
      outer loop
         vertex -1.144877e+01 -4.312708e+00 5.000000e+00
         vertex -1.140693e+01 -4.310374e+00 5.000000e+00
         vertex -1.075171e+01 -2.153708e+00 5.000000e+00
      endloop
   endfacet
   facet normal 0.000000e+00 0.000000e+00 1.000000e+00
      outer loop
         vertex -1.075171e+01 -2.153708e+00 5.000000e+00
         vertex -1.140693e+01 -4.310374e+00 5.000000e+00
         vertex -9.997032e+00 -3.069167e-01 5.000000e+00
      endloop
   endfacet
   facet normal 0.000000e+00 -0.000000e+00 1.000000e+00
      outer loop
         vertex -1.140693e+01 -4.310374e+00 5.000000e+00
         vertex -1.136561e+01 -4.303401e+00 5.000000e+00
         vertex -9.997032e+00 -3.069167e-01 5.000000e+00
      endloop
   endfacet
   facet normal 0.000000e+00 -0.000000e+00 1.000000e+00
      outer loop
         vertex -1.136561e+01 -4.303401e+00 5.000000e+00
         vertex -1.133384e+01 -4.293803e+00 5.000000e+00
         vertex -9.997032e+00 -3.069167e-01 5.000000e+00
      endloop
   endfacet
   facet normal 0.000000e+00 -0.000000e+00 1.000000e+00
      outer loop
         vertex -1.133384e+01 -4.293803e+00 5.000000e+00
         vertex -1.130374e+01 -4.279834e+00 5.000000e+00
         vertex -9.997032e+00 -3.069167e-01 5.000000e+00
      endloop
   endfacet
   facet normal 0.000000e+00 -0.000000e+00 1.000000e+00
      outer loop
         vertex -1.130374e+01 -4.279834e+00 5.000000e+00
         vertex -1.127231e+01 -4.258561e+00 5.000000e+00
         vertex -9.997032e+00 -3.069167e-01 5.000000e+00
      endloop
   endfacet
   facet normal 0.000000e+00 -0.000000e+00 1.000000e+00
      outer loop
         vertex -1.127231e+01 -4.258561e+00 5.000000e+00
         vertex -1.124521e+01 -4.231996e+00 5.000000e+00
         vertex -9.997032e+00 -3.069167e-01 5.000000e+00
      endloop
   endfacet
   facet normal 0.000000e+00 -0.000000e+00 1.000000e+00
      outer loop
         vertex -1.124521e+01 -4.231996e+00 5.000000e+00
         vertex -1.121999e+01 -4.197106e+00 5.000000e+00
         vertex -9.997032e+00 -3.069167e-01 5.000000e+00
      endloop
   endfacet
   facet normal 0.000000e+00 -0.000000e+00 1.000000e+00
      outer loop
         vertex -1.121999e+01 -4.197106e+00 5.000000e+00
         vertex -1.120060e+01 -4.158671e+00 5.000000e+00
         vertex -9.997032e+00 -3.069167e-01 5.000000e+00
      endloop
   endfacet
   facet normal 0.000000e+00 0.000000e+00 1.000000e+00
      outer loop
         vertex -1.120060e+01 -4.158671e+00 5.000000e+00
         vertex -9.564149e+00 -1.540371e-01 5.000000e+00
         vertex -9.997032e+00 -3.069167e-01 5.000000e+00
      endloop
   endfacet
   facet normal 0.000000e+00 0.000000e+00 1.000000e+00
      outer loop
         vertex -9.564149e+00 -1.540371e-01 5.000000e+00
         vertex -9.548177e+00 -8.625031e-02 5.000000e+00
         vertex -9.997032e+00 -3.069167e-01 5.000000e+00
      endloop
   endfacet
   facet normal 0.000000e+00 0.000000e+00 1.000000e+00
      outer loop
         vertex -9.997032e+00 -3.069167e-01 5.000000e+00
         vertex -9.548177e+00 -8.625031e-02 5.000000e+00
         vertex -1.174684e+01 -2.804461e-01 5.000000e+00
      endloop
   endfacet
   facet normal 0.000000e+00 0.000000e+00 1.000000e+00
      outer loop
         vertex -9.548177e+00 -8.625031e-02 5.000000e+00
         vertex -9.565626e+00 -3.565567e-02 5.000000e+00
         vertex -1.174684e+01 -2.804461e-01 5.000000e+00
      endloop
   endfacet
   facet normal 0.000000e+00 0.000000e+00 1.000000e+00
      outer loop
         vertex -1.174684e+01 -2.804461e-01 5.000000e+00
         vertex -9.565626e+00 -3.565567e-02 5.000000e+00
         vertex -1.176962e+01 -2.578034e-01 5.000000e+00
      endloop
   endfacet
   facet normal 0.000000e+00 0.000000e+00 1.000000e+00
      outer loop
         vertex -9.565626e+00 -3.565567e-02 5.000000e+00
         vertex -9.573506e+00 -2.805985e-02 5.000000e+00
         vertex -1.176962e+01 -2.578034e-01 5.000000e+00
      endloop
   endfacet
   facet normal 0.000000e+00 0.000000e+00 1.000000e+00
      outer loop
         vertex -1.176962e+01 -2.578034e-01 5.000000e+00
         vertex -9.573506e+00 -2.805985e-02 5.000000e+00
         vertex -1.179448e+01 -1.941110e-01 5.000000e+00
      endloop
   endfacet
   facet normal 0.000000e+00 0.000000e+00 1.000000e+00
      outer loop
         vertex -9.573506e+00 -2.805985e-02 5.000000e+00
         vertex -9.591040e+00 -1.656972e-02 5.000000e+00
         vertex -1.179448e+01 -1.941110e-01 5.000000e+00
      endloop
   endfacet
   facet normal 0.000000e+00 0.000000e+00 1.000000e+00
      outer loop
         vertex -1.179448e+01 -1.941110e-01 5.000000e+00
         vertex -9.591040e+00 -1.656972e-02 5.000000e+00
         vertex -1.178624e+01 -1.534583e-01 5.000000e+00
      endloop
   endfacet
   facet normal 0.000000e+00 0.000000e+00 1.000000e+00
      outer loop
         vertex -9.591040e+00 -1.656972e-02 5.000000e+00
         vertex -9.610690e+00 -9.267773e-03 5.000000e+00
         vertex -1.178624e+01 -1.534583e-01 5.000000e+00
      endloop
   endfacet
   facet normal 0.000000e+00 0.000000e+00 1.000000e+00
      outer loop
         vertex -1.178624e+01 -1.534583e-01 5.000000e+00
         vertex -9.610690e+00 -9.267773e-03 5.000000e+00
         vertex -1.177312e+01 -1.276334e-01 5.000000e+00
      endloop
   endfacet
   facet normal 0.000000e+00 0.000000e+00 1.000000e+00
      outer loop
         vertex -9.610690e+00 -9.267773e-03 5.000000e+00
         vertex -9.648260e+00 -2.325560e-03 5.000000e+00
         vertex -1.177312e+01 -1.276334e-01 5.000000e+00
      endloop
   endfacet
   facet normal 0.000000e+00 0.000000e+00 1.000000e+00
      outer loop
         vertex -1.177312e+01 -1.276334e-01 5.000000e+00
         vertex -9.648260e+00 -2.325560e-03 5.000000e+00
         vertex -1.175596e+01 -1.042970e-01 5.000000e+00
      endloop
   endfacet
   facet normal 0.000000e+00 0.000000e+00 1.000000e+00
      outer loop
         vertex -9.648260e+00 -2.325560e-03 5.000000e+00
         vertex -9.686395e+00 1.186241e-15 5.000000e+00
         vertex -1.175596e+01 -1.042970e-01 5.000000e+00
      endloop
   endfacet
   facet normal 0.000000e+00 0.000000e+00 1.000000e+00
      outer loop
         vertex -1.175596e+01 -1.042970e-01 5.000000e+00
         vertex -9.686395e+00 1.186241e-15 5.000000e+00
         vertex -1.172730e+01 -7.495788e-02 5.000000e+00
      endloop
   endfacet
   facet normal 0.000000e+00 0.000000e+00 1.000000e+00
      outer loop
         vertex -9.686395e+00 1.186241e-15 5.000000e+00
         vertex -1.153831e+01 1.387779e-15 5.000000e+00
         vertex -1.172730e+01 -7.495788e-02 5.000000e+00
      endloop
   endfacet
   facet normal 0.000000e+00 0.000000e+00 1.000000e+00
      outer loop
         vertex -1.172730e+01 -7.495788e-02 5.000000e+00
         vertex -1.153831e+01 1.387779e-15 5.000000e+00
         vertex -1.169545e+01 -4.911330e-02 5.000000e+00
      endloop
   endfacet
   facet normal -0.000000e+00 0.000000e+00 1.000000e+00
      outer loop
         vertex -1.153831e+01 1.387779e-15 5.000000e+00
         vertex -1.158118e+01 -3.252640e-03 5.000000e+00
         vertex -1.169545e+01 -4.911330e-02 5.000000e+00
      endloop
   endfacet
   facet normal 0.000000e+00 0.000000e+00 1.000000e+00
      outer loop
         vertex -1.169545e+01 -4.911330e-02 5.000000e+00
         vertex -1.158118e+01 -3.252640e-03 5.000000e+00
         vertex -1.166071e+01 -2.811313e-02 5.000000e+00
      endloop
   endfacet
   facet normal -0.000000e+00 0.000000e+00 1.000000e+00
      outer loop
         vertex -1.158118e+01 -3.252640e-03 5.000000e+00
         vertex -1.162306e+01 -1.293608e-02 5.000000e+00
         vertex -1.166071e+01 -2.811313e-02 5.000000e+00
      endloop
   endfacet
   facet normal 0.000000e+00 0.000000e+00 -1.000000e+00
      outer loop
         vertex -1.166374e+01 -3.069167e-01 0.000000e+00
         vertex -1.174684e+01 -2.804461e-01 0.000000e+00
         vertex -9.997032e+00 -3.069167e-01 0.000000e+00
      endloop
   endfacet
   facet normal 0.000000e+00 0.000000e+00 -1.000000e+00
      outer loop
         vertex -1.174684e+01 -2.804461e-01 0.000000e+00
         vertex -1.176962e+01 -2.578034e-01 0.000000e+00
         vertex -9.997032e+00 -3.069167e-01 0.000000e+00
      endloop
   endfacet
   facet normal 0.000000e+00 0.000000e+00 -1.000000e+00
      outer loop
         vertex -1.176962e+01 -2.578034e-01 0.000000e+00
         vertex -1.179448e+01 -1.941110e-01 0.000000e+00
         vertex -9.997032e+00 -3.069167e-01 0.000000e+00
      endloop
   endfacet
   facet normal 0.000000e+00 -0.000000e+00 -1.000000e+00
      outer loop
         vertex -1.179448e+01 -1.941110e-01 0.000000e+00
         vertex -1.178624e+01 -1.534583e-01 0.000000e+00
         vertex -9.997032e+00 -3.069167e-01 0.000000e+00
      endloop
   endfacet
   facet normal 0.000000e+00 -0.000000e+00 -1.000000e+00
      outer loop
         vertex -1.178624e+01 -1.534583e-01 0.000000e+00
         vertex -1.177312e+01 -1.276334e-01 0.000000e+00
         vertex -9.997032e+00 -3.069167e-01 0.000000e+00
      endloop
   endfacet
   facet normal 0.000000e+00 -0.000000e+00 -1.000000e+00
      outer loop
         vertex -1.177312e+01 -1.276334e-01 0.000000e+00
         vertex -1.175596e+01 -1.042970e-01 0.000000e+00
         vertex -9.997032e+00 -3.069167e-01 0.000000e+00
      endloop
   endfacet
   facet normal 0.000000e+00 -0.000000e+00 -1.000000e+00
      outer loop
         vertex -1.175596e+01 -1.042970e-01 0.000000e+00
         vertex -1.172730e+01 -7.495788e-02 0.000000e+00
         vertex -9.997032e+00 -3.069167e-01 0.000000e+00
      endloop
   endfacet
   facet normal 0.000000e+00 -0.000000e+00 -1.000000e+00
      outer loop
         vertex -1.172730e+01 -7.495788e-02 0.000000e+00
         vertex -1.169545e+01 -4.911330e-02 0.000000e+00
         vertex -9.997032e+00 -3.069167e-01 0.000000e+00
      endloop
   endfacet
   facet normal 0.000000e+00 -0.000000e+00 -1.000000e+00
      outer loop
         vertex -1.169545e+01 -4.911330e-02 0.000000e+00
         vertex -1.166071e+01 -2.811313e-02 0.000000e+00
         vertex -9.997032e+00 -3.069167e-01 0.000000e+00
      endloop
   endfacet
   facet normal 0.000000e+00 -0.000000e+00 -1.000000e+00
      outer loop
         vertex -1.166071e+01 -2.811313e-02 0.000000e+00
         vertex -1.162306e+01 -1.293608e-02 0.000000e+00
         vertex -9.997032e+00 -3.069167e-01 0.000000e+00
      endloop
   endfacet
   facet normal 0.000000e+00 -0.000000e+00 -1.000000e+00
      outer loop
         vertex -1.162306e+01 -1.293608e-02 0.000000e+00
         vertex -1.158118e+01 -3.252640e-03 0.000000e+00
         vertex -9.997032e+00 -3.069167e-01 0.000000e+00
      endloop
   endfacet
   facet normal 0.000000e+00 -0.000000e+00 -1.000000e+00
      outer loop
         vertex -1.158118e+01 -3.252640e-03 0.000000e+00
         vertex -1.153831e+01 1.387779e-15 0.000000e+00
         vertex -9.997032e+00 -3.069167e-01 0.000000e+00
      endloop
   endfacet
   facet normal -0.000000e+00 0.000000e+00 -1.000000e+00
      outer loop
         vertex -1.153831e+01 1.387779e-15 0.000000e+00
         vertex -9.686395e+00 1.186241e-15 0.000000e+00
         vertex -9.997032e+00 -3.069167e-01 0.000000e+00
      endloop
   endfacet
   facet normal -0.000000e+00 0.000000e+00 -1.000000e+00
      outer loop
         vertex -9.686395e+00 1.186241e-15 0.000000e+00
         vertex -9.648260e+00 -2.325560e-03 0.000000e+00
         vertex -9.997032e+00 -3.069167e-01 0.000000e+00
      endloop
   endfacet
   facet normal 0.000000e+00 0.000000e+00 -1.000000e+00
      outer loop
         vertex -9.997032e+00 -3.069167e-01 0.000000e+00
         vertex -9.648260e+00 -2.325560e-03 0.000000e+00
         vertex -1.075171e+01 -2.153708e+00 0.000000e+00
      endloop
   endfacet
   facet normal -0.000000e+00 0.000000e+00 -1.000000e+00
      outer loop
         vertex -9.648260e+00 -2.325560e-03 0.000000e+00
         vertex -9.610690e+00 -9.267773e-03 0.000000e+00
         vertex -1.075171e+01 -2.153708e+00 0.000000e+00
      endloop
   endfacet
   facet normal -0.000000e+00 0.000000e+00 -1.000000e+00
      outer loop
         vertex -9.610690e+00 -9.267773e-03 0.000000e+00
         vertex -9.591040e+00 -1.656972e-02 0.000000e+00
         vertex -1.075171e+01 -2.153708e+00 0.000000e+00
      endloop
   endfacet
   facet normal -0.000000e+00 0.000000e+00 -1.000000e+00
      outer loop
         vertex -9.591040e+00 -1.656972e-02 0.000000e+00
         vertex -9.573506e+00 -2.805985e-02 0.000000e+00
         vertex -1.075171e+01 -2.153708e+00 0.000000e+00
      endloop
   endfacet
   facet normal -0.000000e+00 0.000000e+00 -1.000000e+00
      outer loop
         vertex -9.573506e+00 -2.805985e-02 0.000000e+00
         vertex -9.565626e+00 -3.565567e-02 0.000000e+00
         vertex -1.075171e+01 -2.153708e+00 0.000000e+00
      endloop
   endfacet
   facet normal -0.000000e+00 0.000000e+00 -1.000000e+00
      outer loop
         vertex -9.565626e+00 -3.565567e-02 0.000000e+00
         vertex -9.548177e+00 -8.625031e-02 0.000000e+00
         vertex -1.075171e+01 -2.153708e+00 0.000000e+00
      endloop
   endfacet
   facet normal -0.000000e+00 0.000000e+00 -1.000000e+00
      outer loop
         vertex -9.548177e+00 -8.625031e-02 0.000000e+00
         vertex -9.564149e+00 -1.540371e-01 0.000000e+00
         vertex -1.075171e+01 -2.153708e+00 0.000000e+00
      endloop
   endfacet
   facet normal 0.000000e+00 0.000000e+00 -1.000000e+00
      outer loop
         vertex -9.564149e+00 -1.540371e-01 0.000000e+00
         vertex -1.120060e+01 -4.158671e+00 0.000000e+00
         vertex -1.075171e+01 -2.153708e+00 0.000000e+00
      endloop
   endfacet
   facet normal 0.000000e+00 0.000000e+00 -1.000000e+00
      outer loop
         vertex -1.075171e+01 -2.153708e+00 0.000000e+00
         vertex -1.087714e+01 -2.460625e+00 0.000000e+00
         vertex -1.167776e+01 -2.153708e+00 0.000000e+00
      endloop
   endfacet
   facet normal 0.000000e+00 0.000000e+00 -1.000000e+00
      outer loop
         vertex -1.087714e+01 -2.460625e+00 0.000000e+00
         vertex -1.180319e+01 -2.460625e+00 0.000000e+00
         vertex -1.167776e+01 -2.153708e+00 0.000000e+00
      endloop
   endfacet
   facet normal 0.000000e+00 0.000000e+00 -1.000000e+00
      outer loop
         vertex -1.167776e+01 -2.153708e+00 0.000000e+00
         vertex -1.180319e+01 -2.460625e+00 0.000000e+00
         vertex -1.172060e+01 -2.156960e+00 0.000000e+00
      endloop
   endfacet
   facet normal 0.000000e+00 0.000000e+00 -1.000000e+00
      outer loop
         vertex -1.180319e+01 -2.460625e+00 0.000000e+00
         vertex -1.188628e+01 -2.434155e+00 0.000000e+00
         vertex -1.172060e+01 -2.156960e+00 0.000000e+00
      endloop
   endfacet
   facet normal 0.000000e+00 0.000000e+00 -1.000000e+00
      outer loop
         vertex -1.172060e+01 -2.156960e+00 0.000000e+00
         vertex -1.188628e+01 -2.434155e+00 0.000000e+00
         vertex -1.176247e+01 -2.166640e+00 0.000000e+00
      endloop
   endfacet
   facet normal 0.000000e+00 0.000000e+00 -1.000000e+00
      outer loop
         vertex -1.188628e+01 -2.434155e+00 0.000000e+00
         vertex -1.190906e+01 -2.411512e+00 0.000000e+00
         vertex -1.176247e+01 -2.166640e+00 0.000000e+00
      endloop
   endfacet
   facet normal 0.000000e+00 0.000000e+00 -1.000000e+00
      outer loop
         vertex -1.176247e+01 -2.166640e+00 0.000000e+00
         vertex -1.190906e+01 -2.411512e+00 0.000000e+00
         vertex -1.180013e+01 -2.181820e+00 0.000000e+00
      endloop
   endfacet
   facet normal 0.000000e+00 0.000000e+00 -1.000000e+00
      outer loop
         vertex -1.190906e+01 -2.411512e+00 0.000000e+00
         vertex -1.193392e+01 -2.347819e+00 0.000000e+00
         vertex -1.180013e+01 -2.181820e+00 0.000000e+00
      endloop
   endfacet
   facet normal 0.000000e+00 0.000000e+00 -1.000000e+00
      outer loop
         vertex -1.180013e+01 -2.181820e+00 0.000000e+00
         vertex -1.193392e+01 -2.347819e+00 0.000000e+00
         vertex -1.183487e+01 -2.202822e+00 0.000000e+00
      endloop
   endfacet
   facet normal 0.000000e+00 -0.000000e+00 -1.000000e+00
      outer loop
         vertex -1.193392e+01 -2.347819e+00 0.000000e+00
         vertex -1.192568e+01 -2.307167e+00 0.000000e+00
         vertex -1.183487e+01 -2.202822e+00 0.000000e+00
      endloop
   endfacet
   facet normal 0.000000e+00 0.000000e+00 -1.000000e+00
      outer loop
         vertex -1.183487e+01 -2.202822e+00 0.000000e+00
         vertex -1.192568e+01 -2.307167e+00 0.000000e+00
         vertex -1.186673e+01 -2.228667e+00 0.000000e+00
      endloop
   endfacet
   facet normal 0.000000e+00 -0.000000e+00 -1.000000e+00
      outer loop
         vertex -1.192568e+01 -2.307167e+00 0.000000e+00
         vertex -1.191256e+01 -2.281343e+00 0.000000e+00
         vertex -1.186673e+01 -2.228667e+00 0.000000e+00
      endloop
   endfacet
   facet normal 0.000000e+00 0.000000e+00 -1.000000e+00
      outer loop
         vertex -1.186673e+01 -2.228667e+00 0.000000e+00
         vertex -1.191256e+01 -2.281343e+00 0.000000e+00
         vertex -1.189540e+01 -2.258008e+00 0.000000e+00
      endloop
   endfacet
   facet normal 0.000000e+00 0.000000e+00 -1.000000e+00
      outer loop
         vertex -1.087714e+01 -2.460625e+00 0.000000e+00
         vertex -1.075171e+01 -2.153708e+00 0.000000e+00
         vertex -1.150855e+01 -4.005792e+00 0.000000e+00
      endloop
   endfacet
   facet normal 0.000000e+00 0.000000e+00 -1.000000e+00
      outer loop
         vertex -1.075171e+01 -2.153708e+00 0.000000e+00
         vertex -1.120060e+01 -4.158671e+00 0.000000e+00
         vertex -1.150855e+01 -4.005792e+00 0.000000e+00
      endloop
   endfacet
   facet normal 0.000000e+00 0.000000e+00 -1.000000e+00
      outer loop
         vertex -1.150855e+01 -4.005792e+00 0.000000e+00
         vertex -1.120060e+01 -4.158671e+00 0.000000e+00
         vertex -1.317526e+01 -4.005792e+00 0.000000e+00
      endloop
   endfacet
   facet normal 0.000000e+00 0.000000e+00 -1.000000e+00
      outer loop
         vertex -1.120060e+01 -4.158671e+00 0.000000e+00
         vertex -1.121999e+01 -4.197106e+00 0.000000e+00
         vertex -1.317526e+01 -4.005792e+00 0.000000e+00
      endloop
   endfacet
   facet normal 0.000000e+00 0.000000e+00 -1.000000e+00
      outer loop
         vertex -1.317526e+01 -4.005792e+00 0.000000e+00
         vertex -1.121999e+01 -4.197106e+00 0.000000e+00
         vertex -1.321812e+01 -4.009044e+00 0.000000e+00
      endloop
   endfacet
   facet normal 0.000000e+00 0.000000e+00 -1.000000e+00
      outer loop
         vertex -1.121999e+01 -4.197106e+00 0.000000e+00
         vertex -1.124521e+01 -4.231996e+00 0.000000e+00
         vertex -1.321812e+01 -4.009044e+00 0.000000e+00
      endloop
   endfacet
   facet normal 0.000000e+00 0.000000e+00 -1.000000e+00
      outer loop
         vertex -1.321812e+01 -4.009044e+00 0.000000e+00
         vertex -1.124521e+01 -4.231996e+00 0.000000e+00
         vertex -1.326001e+01 -4.018728e+00 0.000000e+00
      endloop
   endfacet
   facet normal 0.000000e+00 0.000000e+00 -1.000000e+00
      outer loop
         vertex -1.124521e+01 -4.231996e+00 0.000000e+00
         vertex -1.127231e+01 -4.258561e+00 0.000000e+00
         vertex -1.326001e+01 -4.018728e+00 0.000000e+00
      endloop
   endfacet
   facet normal 0.000000e+00 0.000000e+00 -1.000000e+00
      outer loop
         vertex -1.326001e+01 -4.018728e+00 0.000000e+00
         vertex -1.127231e+01 -4.258561e+00 0.000000e+00
         vertex -1.329766e+01 -4.033905e+00 0.000000e+00
      endloop
   endfacet
   facet normal 0.000000e+00 0.000000e+00 -1.000000e+00
      outer loop
         vertex -1.127231e+01 -4.258561e+00 0.000000e+00
         vertex -1.130374e+01 -4.279834e+00 0.000000e+00
         vertex -1.329766e+01 -4.033905e+00 0.000000e+00
      endloop
   endfacet
   facet normal 0.000000e+00 0.000000e+00 -1.000000e+00
      outer loop
         vertex -1.329766e+01 -4.033905e+00 0.000000e+00
         vertex -1.130374e+01 -4.279834e+00 0.000000e+00
         vertex -1.333239e+01 -4.054905e+00 0.000000e+00
      endloop
   endfacet
   facet normal 0.000000e+00 0.000000e+00 -1.000000e+00
      outer loop
         vertex -1.130374e+01 -4.279834e+00 0.000000e+00
         vertex -1.133384e+01 -4.293803e+00 0.000000e+00
         vertex -1.333239e+01 -4.054905e+00 0.000000e+00
      endloop
   endfacet
   facet normal 0.000000e+00 0.000000e+00 -1.000000e+00
      outer loop
         vertex -1.333239e+01 -4.054905e+00 0.000000e+00
         vertex -1.133384e+01 -4.293803e+00 0.000000e+00
         vertex -1.336424e+01 -4.080750e+00 0.000000e+00
      endloop
   endfacet
   facet normal 0.000000e+00 0.000000e+00 -1.000000e+00
      outer loop
         vertex -1.133384e+01 -4.293803e+00 0.000000e+00
         vertex -1.136561e+01 -4.303401e+00 0.000000e+00
         vertex -1.336424e+01 -4.080750e+00 0.000000e+00
      endloop
   endfacet
   facet normal 0.000000e+00 0.000000e+00 -1.000000e+00
      outer loop
         vertex -1.336424e+01 -4.080750e+00 0.000000e+00
         vertex -1.136561e+01 -4.303401e+00 0.000000e+00
         vertex -1.339290e+01 -4.110089e+00 0.000000e+00
      endloop
   endfacet
   facet normal 0.000000e+00 0.000000e+00 -1.000000e+00
      outer loop
         vertex -1.136561e+01 -4.303401e+00 0.000000e+00
         vertex -1.140693e+01 -4.310374e+00 0.000000e+00
         vertex -1.339290e+01 -4.110089e+00 0.000000e+00
      endloop
   endfacet
   facet normal 0.000000e+00 0.000000e+00 -1.000000e+00
      outer loop
         vertex -1.339290e+01 -4.110089e+00 0.000000e+00
         vertex -1.140693e+01 -4.310374e+00 0.000000e+00
         vertex -1.341006e+01 -4.133425e+00 0.000000e+00
      endloop
   endfacet
   facet normal 0.000000e+00 0.000000e+00 -1.000000e+00
      outer loop
         vertex -1.140693e+01 -4.310374e+00 0.000000e+00
         vertex -1.144877e+01 -4.312708e+00 0.000000e+00
         vertex -1.341006e+01 -4.133425e+00 0.000000e+00
      endloop
   endfacet
   facet normal 0.000000e+00 0.000000e+00 -1.000000e+00
      outer loop
         vertex -1.341006e+01 -4.133425e+00 0.000000e+00
         vertex -1.144877e+01 -4.312708e+00 0.000000e+00
         vertex -1.342318e+01 -4.159250e+00 0.000000e+00
      endloop
   endfacet
   facet normal 0.000000e+00 0.000000e+00 -1.000000e+00
      outer loop
         vertex -1.144877e+01 -4.312708e+00 0.000000e+00
         vertex -1.330069e+01 -4.312708e+00 0.000000e+00
         vertex -1.342318e+01 -4.159250e+00 0.000000e+00
      endloop
   endfacet
   facet normal 0.000000e+00 0.000000e+00 -1.000000e+00
      outer loop
         vertex -1.342318e+01 -4.159250e+00 0.000000e+00
         vertex -1.330069e+01 -4.312708e+00 0.000000e+00
         vertex -1.343142e+01 -4.199903e+00 0.000000e+00
      endloop
   endfacet
   facet normal 0.000000e+00 0.000000e+00 -1.000000e+00
      outer loop
         vertex -1.330069e+01 -4.312708e+00 0.000000e+00
         vertex -1.338378e+01 -4.286238e+00 0.000000e+00
         vertex -1.343142e+01 -4.199903e+00 0.000000e+00
      endloop
   endfacet
   facet normal 0.000000e+00 0.000000e+00 -1.000000e+00
      outer loop
         vertex -1.343142e+01 -4.199903e+00 0.000000e+00
         vertex -1.338378e+01 -4.286238e+00 0.000000e+00
         vertex -1.340656e+01 -4.263595e+00 0.000000e+00
      endloop
   endfacet
   facet normal 0.000000e+00 0.000000e+00 -1.000000e+00
      outer loop
         vertex -1.837680e+01 -2.324799e-03 0.000000e+00
         vertex -1.833926e+01 -9.264722e-03 0.000000e+00
         vertex -1.841492e+01 2.255177e-15 0.000000e+00
      endloop
   endfacet
   facet normal 0.000000e+00 0.000000e+00 -1.000000e+00
      outer loop
         vertex -1.833926e+01 -9.264722e-03 0.000000e+00
         vertex -1.831962e+01 -1.656494e-02 0.000000e+00
         vertex -1.841492e+01 2.255177e-15 0.000000e+00
      endloop
   endfacet
   facet normal 0.000000e+00 0.000000e+00 -1.000000e+00
      outer loop
         vertex -1.841492e+01 2.255177e-15 0.000000e+00
         vertex -1.831962e+01 -1.656494e-02 0.000000e+00
         vertex -1.971084e+01 2.442491e-15 0.000000e+00
      endloop
   endfacet
   facet normal 0.000000e+00 0.000000e+00 -1.000000e+00
      outer loop
         vertex -1.831962e+01 -1.656494e-02 0.000000e+00
         vertex -1.830209e+01 -2.805177e-02 0.000000e+00
         vertex -1.971084e+01 2.442491e-15 0.000000e+00
      endloop
   endfacet
   facet normal 0.000000e+00 0.000000e+00 -1.000000e+00
      outer loop
         vertex -1.971084e+01 2.442491e-15 0.000000e+00
         vertex -1.830209e+01 -2.805177e-02 0.000000e+00
         vertex -1.991563e+01 -1.562779e-02 0.000000e+00
      endloop
   endfacet
   facet normal 0.000000e+00 0.000000e+00 -1.000000e+00
      outer loop
         vertex -1.830209e+01 -2.805177e-02 0.000000e+00
         vertex -1.829422e+01 -3.564619e-02 0.000000e+00
         vertex -1.991563e+01 -1.562779e-02 0.000000e+00
      endloop
   endfacet
   facet normal -0.000000e+00 0.000000e+00 -1.000000e+00
      outer loop
         vertex -1.991563e+01 -1.562779e-02 0.000000e+00
         vertex -1.829422e+01 -3.564619e-02 0.000000e+00
         vertex -2.011567e+01 -6.214924e-02 0.000000e+00
      endloop
   endfacet
   facet normal 0.000000e+00 0.000000e+00 -1.000000e+00
      outer loop
         vertex -1.829422e+01 -3.564619e-02 0.000000e+00
         vertex -1.827677e+01 -8.623915e-02 0.000000e+00
         vertex -2.011567e+01 -6.214924e-02 0.000000e+00
      endloop
   endfacet
   facet normal -0.000000e+00 0.000000e+00 -1.000000e+00
      outer loop
         vertex -2.011567e+01 -6.214924e-02 0.000000e+00
         vertex -1.827677e+01 -8.623915e-02 0.000000e+00
         vertex -2.036047e+01 -1.554678e-01 0.000000e+00
      endloop
   endfacet
   facet normal -0.000000e+00 0.000000e+00 -1.000000e+00
      outer loop
         vertex -1.827677e+01 -8.623915e-02 0.000000e+00
         vertex -1.829275e+01 -1.540371e-01 0.000000e+00
         vertex -2.036047e+01 -1.554678e-01 0.000000e+00
      endloop
   endfacet
   facet normal 0.000000e+00 0.000000e+00 -1.000000e+00
      outer loop
         vertex -2.036047e+01 -1.554678e-01 0.000000e+00
         vertex -1.829275e+01 -1.540371e-01 0.000000e+00
         vertex -2.059244e+01 -2.772131e-01 0.000000e+00
      endloop
   endfacet
   facet normal 0.000000e+00 0.000000e+00 -1.000000e+00
      outer loop
         vertex -1.829275e+01 -1.540371e-01 0.000000e+00
         vertex -1.872564e+01 -3.069167e-01 0.000000e+00
         vertex -2.059244e+01 -2.772131e-01 0.000000e+00
      endloop
   endfacet
   facet normal -0.000000e+00 0.000000e+00 -1.000000e+00
      outer loop
         vertex -2.059244e+01 -2.772131e-01 0.000000e+00
         vertex -1.998193e+01 -3.174134e-01 0.000000e+00
         vertex -2.080517e+01 -4.261236e-01 0.000000e+00
      endloop
   endfacet
   facet normal -0.000000e+00 0.000000e+00 -1.000000e+00
      outer loop
         vertex -1.998193e+01 -3.174134e-01 0.000000e+00
         vertex -2.012458e+01 -3.486869e-01 0.000000e+00
         vertex -2.080517e+01 -4.261236e-01 0.000000e+00
      endloop
   endfacet
   facet normal 0.000000e+00 0.000000e+00 -1.000000e+00
      outer loop
         vertex -2.080517e+01 -4.261236e-01 0.000000e+00
         vertex -2.012458e+01 -3.486869e-01 0.000000e+00
         vertex -2.099581e+01 -6.024423e-01 0.000000e+00
      endloop
   endfacet
   facet normal -0.000000e+00 0.000000e+00 -1.000000e+00
      outer loop
         vertex -2.012458e+01 -3.486869e-01 0.000000e+00
         vertex -2.028152e+01 -4.060714e-01 0.000000e+00
         vertex -2.099581e+01 -6.024423e-01 0.000000e+00
      endloop
   endfacet
   facet normal 0.000000e+00 0.000000e+00 -1.000000e+00
      outer loop
         vertex -2.099581e+01 -6.024423e-01 0.000000e+00
         vertex -2.028152e+01 -4.060714e-01 0.000000e+00
         vertex -2.111424e+01 -7.536587e-01 0.000000e+00
      endloop
   endfacet
   facet normal -0.000000e+00 0.000000e+00 -1.000000e+00
      outer loop
         vertex -2.028152e+01 -4.060714e-01 0.000000e+00
         vertex -2.043005e+01 -4.826579e-01 0.000000e+00
         vertex -2.111424e+01 -7.536587e-01 0.000000e+00
      endloop
   endfacet
   facet normal 0.000000e+00 0.000000e+00 -1.000000e+00
      outer loop
         vertex -2.111424e+01 -7.536587e-01 0.000000e+00
         vertex -2.043005e+01 -4.826579e-01 0.000000e+00
         vertex -2.120296e+01 -9.240159e-01 0.000000e+00
      endloop
   endfacet
   facet normal -0.000000e+00 0.000000e+00 -1.000000e+00
      outer loop
         vertex -2.043005e+01 -4.826579e-01 0.000000e+00
         vertex -2.056545e+01 -5.776835e-01 0.000000e+00
         vertex -2.120296e+01 -9.240159e-01 0.000000e+00
      endloop
   endfacet
   facet normal 0.000000e+00 0.000000e+00 -1.000000e+00
      outer loop
         vertex -2.120296e+01 -9.240159e-01 0.000000e+00
         vertex -2.068557e+01 -6.914140e-01 0.000000e+00
         vertex -2.145469e+01 -1.540040e+00 0.000000e+00
      endloop
   endfacet
   facet normal -0.000000e+00 0.000000e+00 -1.000000e+00
      outer loop
         vertex -2.068557e+01 -6.914140e-01 0.000000e+00
         vertex -2.076919e+01 -8.010184e-01 0.000000e+00
         vertex -2.145469e+01 -1.540040e+00 0.000000e+00
      endloop
   endfacet
   facet normal 0.000000e+00 0.000000e+00 -1.000000e+00
      outer loop
         vertex -2.145469e+01 -1.540040e+00 0.000000e+00
         vertex -2.076919e+01 -8.010184e-01 0.000000e+00
         vertex -2.149287e+01 -1.661720e+00 0.000000e+00
      endloop
   endfacet
   facet normal -0.000000e+00 0.000000e+00 -1.000000e+00
      outer loop
         vertex -2.076919e+01 -8.010184e-01 0.000000e+00
         vertex -2.083234e+01 -9.235612e-01 0.000000e+00
         vertex -2.149287e+01 -1.661720e+00 0.000000e+00
      endloop
   endfacet
   facet normal 0.000000e+00 0.000000e+00 -1.000000e+00
      outer loop
         vertex -2.149287e+01 -1.661720e+00 0.000000e+00
         vertex -2.083234e+01 -9.235612e-01 0.000000e+00
         vertex -2.151023e+01 -1.788063e+00 0.000000e+00
      endloop
   endfacet
   facet normal -0.000000e+00 0.000000e+00 -1.000000e+00
      outer loop
         vertex -2.083234e+01 -9.235612e-01 0.000000e+00
         vertex -2.108431e+01 -1.540164e+00 0.000000e+00
         vertex -2.151023e+01 -1.788063e+00 0.000000e+00
      endloop
   endfacet
   facet normal 0.000000e+00 0.000000e+00 -1.000000e+00
      outer loop
         vertex -2.151023e+01 -1.788063e+00 0.000000e+00
         vertex -2.108431e+01 -1.540164e+00 0.000000e+00
         vertex -2.150566e+01 -1.904156e+00 0.000000e+00
      endloop
   endfacet
   facet normal -0.000000e+00 0.000000e+00 -1.000000e+00
      outer loop
         vertex -2.108431e+01 -1.540164e+00 0.000000e+00
         vertex -2.110856e+01 -1.614843e+00 0.000000e+00
         vertex -2.150566e+01 -1.904156e+00 0.000000e+00
      endloop
   endfacet
   facet normal 0.000000e+00 0.000000e+00 -1.000000e+00
      outer loop
         vertex -2.150566e+01 -1.904156e+00 0.000000e+00
         vertex -2.110856e+01 -1.614843e+00 0.000000e+00
         vertex -2.147991e+01 -2.017448e+00 0.000000e+00
      endloop
   endfacet
   facet normal -0.000000e+00 0.000000e+00 -1.000000e+00
      outer loop
         vertex -2.110856e+01 -1.614843e+00 0.000000e+00
         vertex -2.112153e+01 -1.692281e+00 0.000000e+00
         vertex -2.147991e+01 -2.017448e+00 0.000000e+00
      endloop
   endfacet
   facet normal 0.000000e+00 0.000000e+00 -1.000000e+00
      outer loop
         vertex -2.147991e+01 -2.017448e+00 0.000000e+00
         vertex -2.112153e+01 -1.692281e+00 0.000000e+00
         vertex -2.143364e+01 -2.122762e+00 0.000000e+00
      endloop
   endfacet
   facet normal -0.000000e+00 0.000000e+00 -1.000000e+00
      outer loop
         vertex -2.112153e+01 -1.692281e+00 0.000000e+00
         vertex -2.112164e+01 -1.756818e+00 0.000000e+00
         vertex -2.143364e+01 -2.122762e+00 0.000000e+00
      endloop
   endfacet
   facet normal 0.000000e+00 0.000000e+00 -1.000000e+00
      outer loop
         vertex -2.143364e+01 -2.122762e+00 0.000000e+00
         vertex -2.112164e+01 -1.756818e+00 0.000000e+00
         vertex -2.136770e+01 -2.217016e+00 0.000000e+00
      endloop
   endfacet
   facet normal -0.000000e+00 0.000000e+00 -1.000000e+00
      outer loop
         vertex -2.112164e+01 -1.756818e+00 0.000000e+00
         vertex -2.111015e+01 -1.820326e+00 0.000000e+00
         vertex -2.136770e+01 -2.217016e+00 0.000000e+00
      endloop
   endfacet
   facet normal 0.000000e+00 0.000000e+00 -1.000000e+00
      outer loop
         vertex -2.136770e+01 -2.217016e+00 0.000000e+00
         vertex -2.111015e+01 -1.820326e+00 0.000000e+00
         vertex -2.128423e+01 -2.297046e+00 0.000000e+00
      endloop
   endfacet
   facet normal -0.000000e+00 0.000000e+00 -1.000000e+00
      outer loop
         vertex -2.111015e+01 -1.820326e+00 0.000000e+00
         vertex -2.109764e+01 -1.857737e+00 0.000000e+00
         vertex -2.128423e+01 -2.297046e+00 0.000000e+00
      endloop
   endfacet
   facet normal 0.000000e+00 0.000000e+00 -1.000000e+00
      outer loop
         vertex -2.128423e+01 -2.297046e+00 0.000000e+00
         vertex -2.109764e+01 -1.857737e+00 0.000000e+00
         vertex -2.118680e+01 -2.359339e+00 0.000000e+00
      endloop
   endfacet
   facet normal -0.000000e+00 0.000000e+00 -1.000000e+00
      outer loop
         vertex -2.109764e+01 -1.857737e+00 0.000000e+00
         vertex -2.108119e+01 -1.893592e+00 0.000000e+00
         vertex -2.118680e+01 -2.359339e+00 0.000000e+00
      endloop
   endfacet
   facet normal -0.000000e+00 0.000000e+00 -1.000000e+00
      outer loop
         vertex -2.108119e+01 -1.893592e+00 0.000000e+00
         vertex -2.105886e+01 -1.931543e+00 0.000000e+00
         vertex -2.118680e+01 -2.359339e+00 0.000000e+00
      endloop
   endfacet
   facet normal -0.000000e+00 0.000000e+00 -1.000000e+00
      outer loop
         vertex -2.105886e+01 -1.931543e+00 0.000000e+00
         vertex -2.103299e+01 -1.967177e+00 0.000000e+00
         vertex -2.118680e+01 -2.359339e+00 0.000000e+00
      endloop
   endfacet
   facet normal -0.000000e+00 0.000000e+00 -1.000000e+00
      outer loop
         vertex -2.103299e+01 -1.967177e+00 0.000000e+00
         vertex -2.096713e+01 -2.033866e+00 0.000000e+00
         vertex -2.118680e+01 -2.359339e+00 0.000000e+00
      endloop
   endfacet
   facet normal -0.000000e+00 0.000000e+00 -1.000000e+00
      outer loop
         vertex -2.096713e+01 -2.033866e+00 0.000000e+00
         vertex -2.088901e+01 -2.085645e+00 0.000000e+00
         vertex -2.118680e+01 -2.359339e+00 0.000000e+00
      endloop
   endfacet
   facet normal -0.000000e+00 0.000000e+00 -1.000000e+00
      outer loop
         vertex -2.088901e+01 -2.085645e+00 0.000000e+00
         vertex -2.079086e+01 -2.126135e+00 0.000000e+00
         vertex -2.118680e+01 -2.359339e+00 0.000000e+00
      endloop
   endfacet
   facet normal -0.000000e+00 0.000000e+00 -1.000000e+00
      outer loop
         vertex -2.079086e+01 -2.126135e+00 0.000000e+00
         vertex -2.068702e+01 -2.148226e+00 0.000000e+00
         vertex -2.118680e+01 -2.359339e+00 0.000000e+00
      endloop
   endfacet
   facet normal 0.000000e+00 0.000000e+00 -1.000000e+00
      outer loop
         vertex -2.118680e+01 -2.359339e+00 0.000000e+00
         vertex -2.068702e+01 -2.148226e+00 0.000000e+00
         vertex -2.132169e+01 -2.438631e+00 0.000000e+00
      endloop
   endfacet
   facet normal -0.000000e+00 0.000000e+00 -1.000000e+00
      outer loop
         vertex -2.068702e+01 -2.148226e+00 0.000000e+00
         vertex -2.059095e+01 -2.153708e+00 0.000000e+00
         vertex -2.132169e+01 -2.438631e+00 0.000000e+00
      endloop
   endfacet
   facet normal 0.000000e+00 0.000000e+00 -1.000000e+00
      outer loop
         vertex -2.132169e+01 -2.438631e+00 0.000000e+00
         vertex -2.059095e+01 -2.153708e+00 0.000000e+00
         vertex -2.145129e+01 -2.526303e+00 0.000000e+00
      endloop
   endfacet
   facet normal -0.000000e+00 0.000000e+00 -1.000000e+00
      outer loop
         vertex -2.059095e+01 -2.153708e+00 0.000000e+00
         vertex -1.948032e+01 -2.153708e+00 0.000000e+00
         vertex -2.145129e+01 -2.526303e+00 0.000000e+00
      endloop
   endfacet
   facet normal 0.000000e+00 0.000000e+00 -1.000000e+00
      outer loop
         vertex -2.145129e+01 -2.526303e+00 0.000000e+00
         vertex -1.948032e+01 -2.153708e+00 0.000000e+00
         vertex -2.154579e+01 -2.600815e+00 0.000000e+00
      endloop
   endfacet
   facet normal 0.000000e+00 0.000000e+00 -1.000000e+00
      outer loop
         vertex -1.872564e+01 -3.069167e-01 0.000000e+00
         vertex -1.829275e+01 -1.540371e-01 0.000000e+00
         vertex -1.948032e+01 -2.153708e+00 0.000000e+00
      endloop
   endfacet
   facet normal 0.000000e+00 0.000000e+00 -1.000000e+00
      outer loop
         vertex -1.829275e+01 -1.540371e-01 0.000000e+00
         vertex -1.992920e+01 -4.158671e+00 0.000000e+00
         vertex -1.948032e+01 -2.153708e+00 0.000000e+00
      endloop
   endfacet
   facet normal 0.000000e+00 0.000000e+00 -1.000000e+00
      outer loop
         vertex -1.992920e+01 -4.158671e+00 0.000000e+00
         vertex -1.994858e+01 -4.197061e+00 0.000000e+00
         vertex -1.948032e+01 -2.153708e+00 0.000000e+00
      endloop
   endfacet
   facet normal -0.000000e+00 0.000000e+00 -1.000000e+00
      outer loop
         vertex -1.948032e+01 -2.153708e+00 0.000000e+00
         vertex -2.067907e+01 -2.471545e+00 0.000000e+00
         vertex -2.154579e+01 -2.600815e+00 0.000000e+00
      endloop
   endfacet
   facet normal -0.000000e+00 0.000000e+00 -1.000000e+00
      outer loop
         vertex -2.067907e+01 -2.471545e+00 0.000000e+00
         vertex -2.082313e+01 -2.504064e+00 0.000000e+00
         vertex -2.154579e+01 -2.600815e+00 0.000000e+00
      endloop
   endfacet
   facet normal 0.000000e+00 0.000000e+00 -1.000000e+00
      outer loop
         vertex -2.154579e+01 -2.600815e+00 0.000000e+00
         vertex -2.082313e+01 -2.504064e+00 0.000000e+00
         vertex -2.163384e+01 -2.682854e+00 0.000000e+00
      endloop
   endfacet
   facet normal -0.000000e+00 0.000000e+00 -1.000000e+00
      outer loop
         vertex -2.082313e+01 -2.504064e+00 0.000000e+00
         vertex -2.098028e+01 -2.563395e+00 0.000000e+00
         vertex -2.163384e+01 -2.682854e+00 0.000000e+00
      endloop
   endfacet
   facet normal 0.000000e+00 0.000000e+00 -1.000000e+00
      outer loop
         vertex -2.163384e+01 -2.682854e+00 0.000000e+00
         vertex -2.098028e+01 -2.563395e+00 0.000000e+00
         vertex -2.171370e+01 -2.772001e+00 0.000000e+00
      endloop
   endfacet
   facet normal -0.000000e+00 0.000000e+00 -1.000000e+00
      outer loop
         vertex -2.098028e+01 -2.563395e+00 0.000000e+00
         vertex -2.112842e+01 -2.642588e+00 0.000000e+00
         vertex -2.171370e+01 -2.772001e+00 0.000000e+00
      endloop
   endfacet
   facet normal 0.000000e+00 0.000000e+00 -1.000000e+00
      outer loop
         vertex -2.171370e+01 -2.772001e+00 0.000000e+00
         vertex -2.112842e+01 -2.642588e+00 0.000000e+00
         vertex -2.178446e+01 -2.868531e+00 0.000000e+00
      endloop
   endfacet
   facet normal -0.000000e+00 0.000000e+00 -1.000000e+00
      outer loop
         vertex -2.112842e+01 -2.642588e+00 0.000000e+00
         vertex -2.126377e+01 -2.740314e+00 0.000000e+00
         vertex -2.178446e+01 -2.868531e+00 0.000000e+00
      endloop
   endfacet
   facet normal 0.000000e+00 0.000000e+00 -1.000000e+00
      outer loop
         vertex -2.178446e+01 -2.868531e+00 0.000000e+00
         vertex -2.126377e+01 -2.740314e+00 0.000000e+00
         vertex -2.184554e+01 -2.971673e+00 0.000000e+00
      endloop
   endfacet
   facet normal -0.000000e+00 0.000000e+00 -1.000000e+00
      outer loop
         vertex -2.126377e+01 -2.740314e+00 0.000000e+00
         vertex -2.138428e+01 -2.855844e+00 0.000000e+00
         vertex -2.184554e+01 -2.971673e+00 0.000000e+00
      endloop
   endfacet
   facet normal 0.000000e+00 0.000000e+00 -1.000000e+00
      outer loop
         vertex -2.184554e+01 -2.971673e+00 0.000000e+00
         vertex -2.138428e+01 -2.855844e+00 0.000000e+00
         vertex -2.189625e+01 -3.080287e+00 0.000000e+00
      endloop
   endfacet
   facet normal -0.000000e+00 0.000000e+00 -1.000000e+00
      outer loop
         vertex -2.138428e+01 -2.855844e+00 0.000000e+00
         vertex -2.146493e+01 -2.961993e+00 0.000000e+00
         vertex -2.189625e+01 -3.080287e+00 0.000000e+00
      endloop
   endfacet
   facet normal 0.000000e+00 0.000000e+00 -1.000000e+00
      outer loop
         vertex -2.189625e+01 -3.080287e+00 0.000000e+00
         vertex -2.146493e+01 -2.961993e+00 0.000000e+00
         vertex -2.202214e+01 -3.388403e+00 0.000000e+00
      endloop
   endfacet
   facet normal -0.000000e+00 0.000000e+00 -1.000000e+00
      outer loop
         vertex -2.146493e+01 -2.961993e+00 0.000000e+00
         vertex -2.152592e+01 -3.080535e+00 0.000000e+00
         vertex -2.202214e+01 -3.388403e+00 0.000000e+00
      endloop
   endfacet
   facet normal 0.000000e+00 0.000000e+00 -1.000000e+00
      outer loop
         vertex -2.202214e+01 -3.388403e+00 0.000000e+00
         vertex -2.152592e+01 -3.080535e+00 0.000000e+00
         vertex -2.206116e+01 -3.483901e+00 0.000000e+00
      endloop
   endfacet
   facet normal -0.000000e+00 0.000000e+00 -1.000000e+00
      outer loop
         vertex -2.152592e+01 -3.080535e+00 0.000000e+00
         vertex -2.165197e+01 -3.388941e+00 0.000000e+00
         vertex -2.206116e+01 -3.483901e+00 0.000000e+00
      endloop
   endfacet
   facet normal 0.000000e+00 0.000000e+00 -1.000000e+00
      outer loop
         vertex -2.206116e+01 -3.483901e+00 0.000000e+00
         vertex -2.165197e+01 -3.388941e+00 0.000000e+00
         vertex -2.208291e+01 -3.582500e+00 0.000000e+00
      endloop
   endfacet
   facet normal -0.000000e+00 0.000000e+00 -1.000000e+00
      outer loop
         vertex -2.165197e+01 -3.388941e+00 0.000000e+00
         vertex -2.168195e+01 -3.484559e+00 0.000000e+00
         vertex -2.208291e+01 -3.582500e+00 0.000000e+00
      endloop
   endfacet
   facet normal 0.000000e+00 0.000000e+00 -1.000000e+00
      outer loop
         vertex -2.208291e+01 -3.582500e+00 0.000000e+00
         vertex -2.168195e+01 -3.484559e+00 0.000000e+00
         vertex -2.209386e+01 -3.745797e+00 0.000000e+00
      endloop
   endfacet
   facet normal -0.000000e+00 0.000000e+00 -1.000000e+00
      outer loop
         vertex -2.168195e+01 -3.484559e+00 0.000000e+00
         vertex -2.169551e+01 -3.583846e+00 0.000000e+00
         vertex -2.209386e+01 -3.745797e+00 0.000000e+00
      endloop
   endfacet
   facet normal 0.000000e+00 0.000000e+00 -1.000000e+00
      outer loop
         vertex -2.209386e+01 -3.745797e+00 0.000000e+00
         vertex -2.169551e+01 -3.583846e+00 0.000000e+00
         vertex -2.208887e+01 -3.786882e+00 0.000000e+00
      endloop
   endfacet
   facet normal -0.000000e+00 0.000000e+00 -1.000000e+00
      outer loop
         vertex -2.169551e+01 -3.583846e+00 0.000000e+00
         vertex -2.169103e+01 -3.660812e+00 0.000000e+00
         vertex -2.208887e+01 -3.786882e+00 0.000000e+00
      endloop
   endfacet
   facet normal 0.000000e+00 0.000000e+00 -1.000000e+00
      outer loop
         vertex -2.208887e+01 -3.786882e+00 0.000000e+00
         vertex -2.169103e+01 -3.660812e+00 0.000000e+00
         vertex -2.208072e+01 -3.827458e+00 0.000000e+00
      endloop
   endfacet
   facet normal -0.000000e+00 0.000000e+00 -1.000000e+00
      outer loop
         vertex -2.169103e+01 -3.660812e+00 0.000000e+00
         vertex -2.166988e+01 -3.734950e+00 0.000000e+00
         vertex -2.208072e+01 -3.827458e+00 0.000000e+00
      endloop
   endfacet
   facet normal 0.000000e+00 0.000000e+00 -1.000000e+00
      outer loop
         vertex -2.208072e+01 -3.827458e+00 0.000000e+00
         vertex -2.166988e+01 -3.734950e+00 0.000000e+00
         vertex -2.206984e+01 -3.865701e+00 0.000000e+00
      endloop
   endfacet
   facet normal -0.000000e+00 0.000000e+00 -1.000000e+00
      outer loop
         vertex -2.166988e+01 -3.734950e+00 0.000000e+00
         vertex -2.161730e+01 -3.825358e+00 0.000000e+00
         vertex -2.206984e+01 -3.865701e+00 0.000000e+00
      endloop
   endfacet
   facet normal 0.000000e+00 0.000000e+00 -1.000000e+00
      outer loop
         vertex -2.206984e+01 -3.865701e+00 0.000000e+00
         vertex -2.161730e+01 -3.825358e+00 0.000000e+00
         vertex -2.205592e+01 -3.902945e+00 0.000000e+00
      endloop
   endfacet
   facet normal -0.000000e+00 0.000000e+00 -1.000000e+00
      outer loop
         vertex -2.161730e+01 -3.825358e+00 0.000000e+00
         vertex -2.156009e+01 -3.885281e+00 0.000000e+00
         vertex -2.205592e+01 -3.902945e+00 0.000000e+00
      endloop
   endfacet
   facet normal 0.000000e+00 0.000000e+00 -1.000000e+00
      outer loop
         vertex -2.205592e+01 -3.902945e+00 0.000000e+00
         vertex -2.156009e+01 -3.885281e+00 0.000000e+00
         vertex -2.203907e+01 -3.938968e+00 0.000000e+00
      endloop
   endfacet
   facet normal -0.000000e+00 0.000000e+00 -1.000000e+00
      outer loop
         vertex -2.156009e+01 -3.885281e+00 0.000000e+00
         vertex -2.149165e+01 -3.931968e+00 0.000000e+00
         vertex -2.203907e+01 -3.938968e+00 0.000000e+00
      endloop
   endfacet
   facet normal 0.000000e+00 0.000000e+00 -1.000000e+00
      outer loop
         vertex -2.203907e+01 -3.938968e+00 0.000000e+00
         vertex -2.149165e+01 -3.931968e+00 0.000000e+00
         vertex -2.201940e+01 -3.973536e+00 0.000000e+00
      endloop
   endfacet
   facet normal -0.000000e+00 0.000000e+00 -1.000000e+00
      outer loop
         vertex -2.149165e+01 -3.931968e+00 0.000000e+00
         vertex -2.139865e+01 -3.972199e+00 0.000000e+00
         vertex -2.201940e+01 -3.973536e+00 0.000000e+00
      endloop
   endfacet
   facet normal 0.000000e+00 0.000000e+00 -1.000000e+00
      outer loop
         vertex -2.201940e+01 -3.973536e+00 0.000000e+00
         vertex -2.139865e+01 -3.972199e+00 0.000000e+00
         vertex -2.199575e+01 -4.008500e+00 0.000000e+00
      endloop
   endfacet
   facet normal -0.000000e+00 0.000000e+00 -1.000000e+00
      outer loop
         vertex -2.139865e+01 -3.972199e+00 0.000000e+00
         vertex -2.130015e+01 -3.996031e+00 0.000000e+00
         vertex -2.199575e+01 -4.008500e+00 0.000000e+00
      endloop
   endfacet
   facet normal 0.000000e+00 0.000000e+00 -1.000000e+00
      outer loop
         vertex -2.199575e+01 -4.008500e+00 0.000000e+00
         vertex -2.130015e+01 -3.996031e+00 0.000000e+00
         vertex -2.196955e+01 -4.041593e+00 0.000000e+00
      endloop
   endfacet
   facet normal -0.000000e+00 0.000000e+00 -1.000000e+00
      outer loop
         vertex -2.130015e+01 -3.996031e+00 0.000000e+00
         vertex -2.126826e+01 -4.000258e+00 0.000000e+00
         vertex -2.196955e+01 -4.041593e+00 0.000000e+00
      endloop
   endfacet
   facet normal 0.000000e+00 0.000000e+00 -1.000000e+00
      outer loop
         vertex -2.196955e+01 -4.041593e+00 0.000000e+00
         vertex -2.126826e+01 -4.000258e+00 0.000000e+00
         vertex -2.191042e+01 -4.105566e+00 0.000000e+00
      endloop
   endfacet
   facet normal -0.000000e+00 0.000000e+00 -1.000000e+00
      outer loop
         vertex -2.126826e+01 -4.000258e+00 0.000000e+00
         vertex -2.123622e+01 -4.003193e+00 0.000000e+00
         vertex -2.191042e+01 -4.105566e+00 0.000000e+00
      endloop
   endfacet
   facet normal 0.000000e+00 0.000000e+00 -1.000000e+00
      outer loop
         vertex -2.191042e+01 -4.105566e+00 0.000000e+00
         vertex -2.123622e+01 -4.003193e+00 0.000000e+00
         vertex -2.179704e+01 -4.191805e+00 0.000000e+00
      endloop
   endfacet
   facet normal -0.000000e+00 0.000000e+00 -1.000000e+00
      outer loop
         vertex -2.123622e+01 -4.003193e+00 0.000000e+00
         vertex -2.119973e+01 -4.005142e+00 0.000000e+00
         vertex -2.179704e+01 -4.191805e+00 0.000000e+00
      endloop
   endfacet
   facet normal 0.000000e+00 0.000000e+00 -1.000000e+00
      outer loop
         vertex -2.179704e+01 -4.191805e+00 0.000000e+00
         vertex -2.119973e+01 -4.005142e+00 0.000000e+00
         vertex -2.166770e+01 -4.251503e+00 0.000000e+00
      endloop
   endfacet
   facet normal -0.000000e+00 0.000000e+00 -1.000000e+00
      outer loop
         vertex -2.119973e+01 -4.005142e+00 0.000000e+00
         vertex -2.116319e+01 -4.005792e+00 0.000000e+00
         vertex -2.166770e+01 -4.251503e+00 0.000000e+00
      endloop
   endfacet
   facet normal 0.000000e+00 0.000000e+00 -1.000000e+00
      outer loop
         vertex -2.166770e+01 -4.251503e+00 0.000000e+00
         vertex -2.116319e+01 -4.005792e+00 0.000000e+00
         vertex -2.148265e+01 -4.297307e+00 0.000000e+00
      endloop
   endfacet
   facet normal -0.000000e+00 0.000000e+00 -1.000000e+00
      outer loop
         vertex -2.116319e+01 -4.005792e+00 0.000000e+00
         vertex -2.023715e+01 -4.005792e+00 0.000000e+00
         vertex -2.148265e+01 -4.297307e+00 0.000000e+00
      endloop
   endfacet
   facet normal 0.000000e+00 0.000000e+00 -1.000000e+00
      outer loop
         vertex -2.148265e+01 -4.297307e+00 0.000000e+00
         vertex -2.023715e+01 -4.005792e+00 0.000000e+00
         vertex -2.129263e+01 -4.312708e+00 0.000000e+00
      endloop
   endfacet
   facet normal 0.000000e+00 0.000000e+00 -1.000000e+00
      outer loop
         vertex -1.960575e+01 -2.460625e+00 0.000000e+00
         vertex -1.948032e+01 -2.153708e+00 0.000000e+00
         vertex -2.023715e+01 -4.005792e+00 0.000000e+00
      endloop
   endfacet
   facet normal 0.000000e+00 0.000000e+00 -1.000000e+00
      outer loop
         vertex -1.948032e+01 -2.153708e+00 0.000000e+00
         vertex -1.994858e+01 -4.197061e+00 0.000000e+00
         vertex -2.023715e+01 -4.005792e+00 0.000000e+00
      endloop
   endfacet
   facet normal 0.000000e+00 0.000000e+00 -1.000000e+00
      outer loop
         vertex -1.994858e+01 -4.197061e+00 0.000000e+00
         vertex -1.997378e+01 -4.231903e+00 0.000000e+00
         vertex -2.023715e+01 -4.005792e+00 0.000000e+00
      endloop
   endfacet
   facet normal -0.000000e+00 0.000000e+00 -1.000000e+00
      outer loop
         vertex -2.023715e+01 -4.005792e+00 0.000000e+00
         vertex -1.997378e+01 -4.231903e+00 0.000000e+00
         vertex -2.129263e+01 -4.312708e+00 0.000000e+00
      endloop
   endfacet
   facet normal -0.000000e+00 0.000000e+00 -1.000000e+00
      outer loop
         vertex -1.997378e+01 -4.231903e+00 0.000000e+00
         vertex -2.000091e+01 -4.258474e+00 0.000000e+00
         vertex -2.129263e+01 -4.312708e+00 0.000000e+00
      endloop
   endfacet
   facet normal 0.000000e+00 0.000000e+00 -1.000000e+00
      outer loop
         vertex -2.129263e+01 -4.312708e+00 0.000000e+00
         vertex -2.000091e+01 -4.258474e+00 0.000000e+00
         vertex -2.017795e+01 -4.312708e+00 0.000000e+00
      endloop
   endfacet
   facet normal -0.000000e+00 0.000000e+00 -1.000000e+00
      outer loop
         vertex -2.000091e+01 -4.258474e+00 0.000000e+00
         vertex -2.003236e+01 -4.279752e+00 0.000000e+00
         vertex -2.017795e+01 -4.312708e+00 0.000000e+00
      endloop
   endfacet
   facet normal 0.000000e+00 0.000000e+00 -1.000000e+00
      outer loop
         vertex -2.017795e+01 -4.312708e+00 0.000000e+00
         vertex -2.003236e+01 -4.279752e+00 0.000000e+00
         vertex -2.013593e+01 -4.310367e+00 0.000000e+00
      endloop
   endfacet
   facet normal -0.000000e+00 0.000000e+00 -1.000000e+00
      outer loop
         vertex -2.003236e+01 -4.279752e+00 0.000000e+00
         vertex -2.006256e+01 -4.293754e+00 0.000000e+00
         vertex -2.013593e+01 -4.310367e+00 0.000000e+00
      endloop
   endfacet
   facet normal 0.000000e+00 0.000000e+00 -1.000000e+00
      outer loop
         vertex -2.013593e+01 -4.310367e+00 0.000000e+00
         vertex -2.006256e+01 -4.293754e+00 0.000000e+00
         vertex -2.009442e+01 -4.303372e+00 0.000000e+00
      endloop
   endfacet
   facet normal 0.000000e+00 0.000000e+00 -1.000000e+00
      outer loop
         vertex -2.067907e+01 -2.471545e+00 0.000000e+00
         vertex -1.948032e+01 -2.153708e+00 0.000000e+00
         vertex -2.053179e+01 -2.460625e+00 0.000000e+00
      endloop
   endfacet
   facet normal 0.000000e+00 0.000000e+00 -1.000000e+00
      outer loop
         vertex -2.068557e+01 -6.914140e-01 0.000000e+00
         vertex -2.120296e+01 -9.240159e-01 0.000000e+00
         vertex -2.056545e+01 -5.776835e-01 0.000000e+00
      endloop
   endfacet
   facet normal 0.000000e+00 0.000000e+00 -1.000000e+00
      outer loop
         vertex -1.998193e+01 -3.174134e-01 0.000000e+00
         vertex -2.059244e+01 -2.772131e-01 0.000000e+00
         vertex -1.983627e+01 -3.069167e-01 0.000000e+00
      endloop
   endfacet
   facet normal 0.000000e+00 0.000000e+00 -1.000000e+00
      outer loop
         vertex -2.053179e+01 -2.460625e+00 0.000000e+00
         vertex -1.948032e+01 -2.153708e+00 0.000000e+00
         vertex -1.960575e+01 -2.460625e+00 0.000000e+00
      endloop
   endfacet
   facet normal 0.000000e+00 0.000000e+00 -1.000000e+00
      outer loop
         vertex -1.983627e+01 -3.069167e-01 0.000000e+00
         vertex -2.059244e+01 -2.772131e-01 0.000000e+00
         vertex -1.872564e+01 -3.069167e-01 0.000000e+00
      endloop
   endfacet
   facet normal 0.000000e+00 0.000000e+00 1.000000e+00
      outer loop
         vertex -1.831962e+01 -1.656494e-02 5.000000e+00
         vertex -1.833926e+01 -9.264722e-03 5.000000e+00
         vertex -1.830209e+01 -2.805177e-02 5.000000e+00
      endloop
   endfacet
   facet normal 0.000000e+00 0.000000e+00 1.000000e+00
      outer loop
         vertex -1.833926e+01 -9.264722e-03 5.000000e+00
         vertex -1.837680e+01 -2.324799e-03 5.000000e+00
         vertex -1.830209e+01 -2.805177e-02 5.000000e+00
      endloop
   endfacet
   facet normal 0.000000e+00 0.000000e+00 1.000000e+00
      outer loop
         vertex -1.830209e+01 -2.805177e-02 5.000000e+00
         vertex -1.837680e+01 -2.324799e-03 5.000000e+00
         vertex -1.829422e+01 -3.564619e-02 5.000000e+00
      endloop
   endfacet
   facet normal 0.000000e+00 0.000000e+00 1.000000e+00
      outer loop
         vertex -1.837680e+01 -2.324799e-03 5.000000e+00
         vertex -1.841492e+01 2.255177e-15 5.000000e+00
         vertex -1.829422e+01 -3.564619e-02 5.000000e+00
      endloop
   endfacet
   facet normal 0.000000e+00 0.000000e+00 1.000000e+00
      outer loop
         vertex -1.829422e+01 -3.564619e-02 5.000000e+00
         vertex -1.841492e+01 2.255177e-15 5.000000e+00
         vertex -1.827677e+01 -8.623915e-02 5.000000e+00
      endloop
   endfacet
   facet normal 0.000000e+00 0.000000e+00 1.000000e+00
      outer loop
         vertex -1.841492e+01 2.255177e-15 5.000000e+00
         vertex -1.971084e+01 2.442491e-15 5.000000e+00
         vertex -1.827677e+01 -8.623915e-02 5.000000e+00
      endloop
   endfacet
   facet normal 0.000000e+00 0.000000e+00 1.000000e+00
      outer loop
         vertex -1.827677e+01 -8.623915e-02 5.000000e+00
         vertex -1.971084e+01 2.442491e-15 5.000000e+00
         vertex -1.829275e+01 -1.540371e-01 5.000000e+00
      endloop
   endfacet
   facet normal -0.000000e+00 0.000000e+00 1.000000e+00
      outer loop
         vertex -1.971084e+01 2.442491e-15 5.000000e+00
         vertex -1.991563e+01 -1.562779e-02 5.000000e+00
         vertex -1.829275e+01 -1.540371e-01 5.000000e+00
      endloop
   endfacet
   facet normal -0.000000e+00 0.000000e+00 1.000000e+00
      outer loop
         vertex -1.829275e+01 -1.540371e-01 5.000000e+00
         vertex -1.872564e+01 -3.069167e-01 5.000000e+00
         vertex -1.992920e+01 -4.158671e+00 5.000000e+00
      endloop
   endfacet
   facet normal -0.000000e+00 0.000000e+00 1.000000e+00
      outer loop
         vertex -1.872564e+01 -3.069167e-01 5.000000e+00
         vertex -1.948032e+01 -2.153708e+00 5.000000e+00
         vertex -1.992920e+01 -4.158671e+00 5.000000e+00
      endloop
   endfacet
   facet normal 0.000000e+00 0.000000e+00 1.000000e+00
      outer loop
         vertex -1.992920e+01 -4.158671e+00 5.000000e+00
         vertex -1.948032e+01 -2.153708e+00 5.000000e+00
         vertex -1.994858e+01 -4.197061e+00 5.000000e+00
      endloop
   endfacet
   facet normal -0.000000e+00 0.000000e+00 1.000000e+00
      outer loop
         vertex -1.948032e+01 -2.153708e+00 5.000000e+00
         vertex -1.960575e+01 -2.460625e+00 5.000000e+00
         vertex -1.994858e+01 -4.197061e+00 5.000000e+00
      endloop
   endfacet
   facet normal 0.000000e+00 0.000000e+00 1.000000e+00
      outer loop
         vertex -1.994858e+01 -4.197061e+00 5.000000e+00
         vertex -1.960575e+01 -2.460625e+00 5.000000e+00
         vertex -1.997378e+01 -4.231903e+00 5.000000e+00
      endloop
   endfacet
   facet normal -0.000000e+00 0.000000e+00 1.000000e+00
      outer loop
         vertex -1.960575e+01 -2.460625e+00 5.000000e+00
         vertex -2.023715e+01 -4.005792e+00 5.000000e+00
         vertex -1.997378e+01 -4.231903e+00 5.000000e+00
      endloop
   endfacet
   facet normal 0.000000e+00 0.000000e+00 1.000000e+00
      outer loop
         vertex -1.997378e+01 -4.231903e+00 5.000000e+00
         vertex -2.023715e+01 -4.005792e+00 5.000000e+00
         vertex -2.000091e+01 -4.258474e+00 5.000000e+00
      endloop
   endfacet
   facet normal -0.000000e+00 0.000000e+00 1.000000e+00
      outer loop
         vertex -2.023715e+01 -4.005792e+00 5.000000e+00
         vertex -2.116319e+01 -4.005792e+00 5.000000e+00
         vertex -2.000091e+01 -4.258474e+00 5.000000e+00
      endloop
   endfacet
   facet normal 0.000000e+00 0.000000e+00 1.000000e+00
      outer loop
         vertex -2.000091e+01 -4.258474e+00 5.000000e+00
         vertex -2.116319e+01 -4.005792e+00 5.000000e+00
         vertex -2.003236e+01 -4.279752e+00 5.000000e+00
      endloop
   endfacet
   facet normal 0.000000e+00 0.000000e+00 1.000000e+00
      outer loop
         vertex -2.116319e+01 -4.005792e+00 5.000000e+00
         vertex -2.119973e+01 -4.005142e+00 5.000000e+00
         vertex -2.003236e+01 -4.279752e+00 5.000000e+00
      endloop
   endfacet
   facet normal 0.000000e+00 0.000000e+00 1.000000e+00
      outer loop
         vertex -2.003236e+01 -4.279752e+00 5.000000e+00
         vertex -2.119973e+01 -4.005142e+00 5.000000e+00
         vertex -2.006256e+01 -4.293754e+00 5.000000e+00
      endloop
   endfacet
   facet normal 0.000000e+00 0.000000e+00 1.000000e+00
      outer loop
         vertex -2.119973e+01 -4.005142e+00 5.000000e+00
         vertex -2.123622e+01 -4.003193e+00 5.000000e+00
         vertex -2.006256e+01 -4.293754e+00 5.000000e+00
      endloop
   endfacet
   facet normal 0.000000e+00 0.000000e+00 1.000000e+00
      outer loop
         vertex -2.006256e+01 -4.293754e+00 5.000000e+00
         vertex -2.123622e+01 -4.003193e+00 5.000000e+00
         vertex -2.009442e+01 -4.303372e+00 5.000000e+00
      endloop
   endfacet
   facet normal 0.000000e+00 0.000000e+00 1.000000e+00
      outer loop
         vertex -2.123622e+01 -4.003193e+00 5.000000e+00
         vertex -2.126826e+01 -4.000258e+00 5.000000e+00
         vertex -2.009442e+01 -4.303372e+00 5.000000e+00
      endloop
   endfacet
   facet normal 0.000000e+00 0.000000e+00 1.000000e+00
      outer loop
         vertex -2.009442e+01 -4.303372e+00 5.000000e+00
         vertex -2.126826e+01 -4.000258e+00 5.000000e+00
         vertex -2.013593e+01 -4.310367e+00 5.000000e+00
      endloop
   endfacet
   facet normal 0.000000e+00 0.000000e+00 1.000000e+00
      outer loop
         vertex -2.126826e+01 -4.000258e+00 5.000000e+00
         vertex -2.130015e+01 -3.996031e+00 5.000000e+00
         vertex -2.013593e+01 -4.310367e+00 5.000000e+00
      endloop
   endfacet
   facet normal 0.000000e+00 0.000000e+00 1.000000e+00
      outer loop
         vertex -2.013593e+01 -4.310367e+00 5.000000e+00
         vertex -2.130015e+01 -3.996031e+00 5.000000e+00
         vertex -2.017795e+01 -4.312708e+00 5.000000e+00
      endloop
   endfacet
   facet normal 0.000000e+00 0.000000e+00 1.000000e+00
      outer loop
         vertex -2.130015e+01 -3.996031e+00 5.000000e+00
         vertex -2.139865e+01 -3.972199e+00 5.000000e+00
         vertex -2.017795e+01 -4.312708e+00 5.000000e+00
      endloop
   endfacet
   facet normal 0.000000e+00 0.000000e+00 1.000000e+00
      outer loop
         vertex -2.017795e+01 -4.312708e+00 5.000000e+00
         vertex -2.139865e+01 -3.972199e+00 5.000000e+00
         vertex -2.129263e+01 -4.312708e+00 5.000000e+00
      endloop
   endfacet
   facet normal 0.000000e+00 0.000000e+00 1.000000e+00
      outer loop
         vertex -2.139865e+01 -3.972199e+00 5.000000e+00
         vertex -2.149165e+01 -3.931968e+00 5.000000e+00
         vertex -2.129263e+01 -4.312708e+00 5.000000e+00
      endloop
   endfacet
   facet normal 0.000000e+00 0.000000e+00 1.000000e+00
      outer loop
         vertex -2.129263e+01 -4.312708e+00 5.000000e+00
         vertex -2.149165e+01 -3.931968e+00 5.000000e+00
         vertex -2.148265e+01 -4.297307e+00 5.000000e+00
      endloop
   endfacet
   facet normal 0.000000e+00 0.000000e+00 1.000000e+00
      outer loop
         vertex -2.149165e+01 -3.931968e+00 5.000000e+00
         vertex -2.156009e+01 -3.885281e+00 5.000000e+00
         vertex -2.148265e+01 -4.297307e+00 5.000000e+00
      endloop
   endfacet
   facet normal 0.000000e+00 0.000000e+00 1.000000e+00
      outer loop
         vertex -2.148265e+01 -4.297307e+00 5.000000e+00
         vertex -2.156009e+01 -3.885281e+00 5.000000e+00
         vertex -2.166770e+01 -4.251503e+00 5.000000e+00
      endloop
   endfacet
   facet normal 0.000000e+00 0.000000e+00 1.000000e+00
      outer loop
         vertex -2.156009e+01 -3.885281e+00 5.000000e+00
         vertex -2.161730e+01 -3.825358e+00 5.000000e+00
         vertex -2.166770e+01 -4.251503e+00 5.000000e+00
      endloop
   endfacet
   facet normal 0.000000e+00 0.000000e+00 1.000000e+00
      outer loop
         vertex -2.166770e+01 -4.251503e+00 5.000000e+00
         vertex -2.161730e+01 -3.825358e+00 5.000000e+00
         vertex -2.179704e+01 -4.191805e+00 5.000000e+00
      endloop
   endfacet
   facet normal 0.000000e+00 0.000000e+00 1.000000e+00
      outer loop
         vertex -2.161730e+01 -3.825358e+00 5.000000e+00
         vertex -2.166988e+01 -3.734950e+00 5.000000e+00
         vertex -2.179704e+01 -4.191805e+00 5.000000e+00
      endloop
   endfacet
   facet normal 0.000000e+00 0.000000e+00 1.000000e+00
      outer loop
         vertex -2.179704e+01 -4.191805e+00 5.000000e+00
         vertex -2.166988e+01 -3.734950e+00 5.000000e+00
         vertex -2.191042e+01 -4.105566e+00 5.000000e+00
      endloop
   endfacet
   facet normal 0.000000e+00 0.000000e+00 1.000000e+00
      outer loop
         vertex -2.166988e+01 -3.734950e+00 5.000000e+00
         vertex -2.169103e+01 -3.660812e+00 5.000000e+00
         vertex -2.191042e+01 -4.105566e+00 5.000000e+00
      endloop
   endfacet
   facet normal 0.000000e+00 0.000000e+00 1.000000e+00
      outer loop
         vertex -2.191042e+01 -4.105566e+00 5.000000e+00
         vertex -2.169103e+01 -3.660812e+00 5.000000e+00
         vertex -2.196955e+01 -4.041593e+00 5.000000e+00
      endloop
   endfacet
   facet normal 0.000000e+00 0.000000e+00 1.000000e+00
      outer loop
         vertex -2.169103e+01 -3.660812e+00 5.000000e+00
         vertex -2.169551e+01 -3.583846e+00 5.000000e+00
         vertex -2.196955e+01 -4.041593e+00 5.000000e+00
      endloop
   endfacet
   facet normal 0.000000e+00 0.000000e+00 1.000000e+00
      outer loop
         vertex -2.196955e+01 -4.041593e+00 5.000000e+00
         vertex -2.169551e+01 -3.583846e+00 5.000000e+00
         vertex -2.199575e+01 -4.008500e+00 5.000000e+00
      endloop
   endfacet
   facet normal 0.000000e+00 0.000000e+00 1.000000e+00
      outer loop
         vertex -2.169551e+01 -3.583846e+00 5.000000e+00
         vertex -2.168195e+01 -3.484559e+00 5.000000e+00
         vertex -2.199575e+01 -4.008500e+00 5.000000e+00
      endloop
   endfacet
   facet normal 0.000000e+00 0.000000e+00 1.000000e+00
      outer loop
         vertex -2.199575e+01 -4.008500e+00 5.000000e+00
         vertex -2.168195e+01 -3.484559e+00 5.000000e+00
         vertex -2.201940e+01 -3.973536e+00 5.000000e+00
      endloop
   endfacet
   facet normal 0.000000e+00 0.000000e+00 1.000000e+00
      outer loop
         vertex -2.168195e+01 -3.484559e+00 5.000000e+00
         vertex -2.165197e+01 -3.388941e+00 5.000000e+00
         vertex -2.201940e+01 -3.973536e+00 5.000000e+00
      endloop
   endfacet
   facet normal 0.000000e+00 0.000000e+00 1.000000e+00
      outer loop
         vertex -2.201940e+01 -3.973536e+00 5.000000e+00
         vertex -2.165197e+01 -3.388941e+00 5.000000e+00
         vertex -2.203907e+01 -3.938968e+00 5.000000e+00
      endloop
   endfacet
   facet normal 0.000000e+00 0.000000e+00 1.000000e+00
      outer loop
         vertex -2.165197e+01 -3.388941e+00 5.000000e+00
         vertex -2.152592e+01 -3.080535e+00 5.000000e+00
         vertex -2.203907e+01 -3.938968e+00 5.000000e+00
      endloop
   endfacet
   facet normal 0.000000e+00 0.000000e+00 1.000000e+00
      outer loop
         vertex -2.203907e+01 -3.938968e+00 5.000000e+00
         vertex -2.152592e+01 -3.080535e+00 5.000000e+00
         vertex -2.205592e+01 -3.902945e+00 5.000000e+00
      endloop
   endfacet
   facet normal 0.000000e+00 0.000000e+00 1.000000e+00
      outer loop
         vertex -2.152592e+01 -3.080535e+00 5.000000e+00
         vertex -2.146493e+01 -2.961993e+00 5.000000e+00
         vertex -2.205592e+01 -3.902945e+00 5.000000e+00
      endloop
   endfacet
   facet normal 0.000000e+00 0.000000e+00 1.000000e+00
      outer loop
         vertex -2.205592e+01 -3.902945e+00 5.000000e+00
         vertex -2.146493e+01 -2.961993e+00 5.000000e+00
         vertex -2.206984e+01 -3.865701e+00 5.000000e+00
      endloop
   endfacet
   facet normal 0.000000e+00 0.000000e+00 1.000000e+00
      outer loop
         vertex -1.960575e+01 -2.460625e+00 5.000000e+00
         vertex -1.948032e+01 -2.153708e+00 5.000000e+00
         vertex -2.053179e+01 -2.460625e+00 5.000000e+00
      endloop
   endfacet
   facet normal 0.000000e+00 0.000000e+00 1.000000e+00
      outer loop
         vertex -2.053179e+01 -2.460625e+00 5.000000e+00
         vertex -1.948032e+01 -2.153708e+00 5.000000e+00
         vertex -2.067907e+01 -2.471545e+00 5.000000e+00
      endloop
   endfacet
   facet normal -0.000000e+00 0.000000e+00 1.000000e+00
      outer loop
         vertex -1.948032e+01 -2.153708e+00 5.000000e+00
         vertex -2.059095e+01 -2.153708e+00 5.000000e+00
         vertex -2.067907e+01 -2.471545e+00 5.000000e+00
      endloop
   endfacet
   facet normal 0.000000e+00 0.000000e+00 1.000000e+00
      outer loop
         vertex -2.067907e+01 -2.471545e+00 5.000000e+00
         vertex -2.059095e+01 -2.153708e+00 5.000000e+00
         vertex -2.082313e+01 -2.504064e+00 5.000000e+00
      endloop
   endfacet
   facet normal 0.000000e+00 0.000000e+00 1.000000e+00
      outer loop
         vertex -2.059095e+01 -2.153708e+00 5.000000e+00
         vertex -2.068702e+01 -2.148226e+00 5.000000e+00
         vertex -2.082313e+01 -2.504064e+00 5.000000e+00
      endloop
   endfacet
   facet normal 0.000000e+00 0.000000e+00 1.000000e+00
      outer loop
         vertex -2.082313e+01 -2.504064e+00 5.000000e+00
         vertex -2.068702e+01 -2.148226e+00 5.000000e+00
         vertex -2.098028e+01 -2.563395e+00 5.000000e+00
      endloop
   endfacet
   facet normal 0.000000e+00 0.000000e+00 1.000000e+00
      outer loop
         vertex -2.068702e+01 -2.148226e+00 5.000000e+00
         vertex -2.079086e+01 -2.126135e+00 5.000000e+00
         vertex -2.098028e+01 -2.563395e+00 5.000000e+00
      endloop
   endfacet
   facet normal 0.000000e+00 0.000000e+00 1.000000e+00
      outer loop
         vertex -2.098028e+01 -2.563395e+00 5.000000e+00
         vertex -2.079086e+01 -2.126135e+00 5.000000e+00
         vertex -2.112842e+01 -2.642588e+00 5.000000e+00
      endloop
   endfacet
   facet normal 0.000000e+00 0.000000e+00 1.000000e+00
      outer loop
         vertex -2.079086e+01 -2.126135e+00 5.000000e+00
         vertex -2.088901e+01 -2.085645e+00 5.000000e+00
         vertex -2.112842e+01 -2.642588e+00 5.000000e+00
      endloop
   endfacet
   facet normal 0.000000e+00 0.000000e+00 1.000000e+00
      outer loop
         vertex -2.112842e+01 -2.642588e+00 5.000000e+00
         vertex -2.088901e+01 -2.085645e+00 5.000000e+00
         vertex -2.126377e+01 -2.740314e+00 5.000000e+00
      endloop
   endfacet
   facet normal 0.000000e+00 0.000000e+00 1.000000e+00
      outer loop
         vertex -2.088901e+01 -2.085645e+00 5.000000e+00
         vertex -2.096713e+01 -2.033866e+00 5.000000e+00
         vertex -2.126377e+01 -2.740314e+00 5.000000e+00
      endloop
   endfacet
   facet normal 0.000000e+00 0.000000e+00 1.000000e+00
      outer loop
         vertex -2.126377e+01 -2.740314e+00 5.000000e+00
         vertex -2.096713e+01 -2.033866e+00 5.000000e+00
         vertex -2.138428e+01 -2.855844e+00 5.000000e+00
      endloop
   endfacet
   facet normal -0.000000e+00 0.000000e+00 1.000000e+00
      outer loop
         vertex -2.096713e+01 -2.033866e+00 5.000000e+00
         vertex -2.118680e+01 -2.359339e+00 5.000000e+00
         vertex -2.138428e+01 -2.855844e+00 5.000000e+00
      endloop
   endfacet
   facet normal 0.000000e+00 0.000000e+00 1.000000e+00
      outer loop
         vertex -2.138428e+01 -2.855844e+00 5.000000e+00
         vertex -2.118680e+01 -2.359339e+00 5.000000e+00
         vertex -2.146493e+01 -2.961993e+00 5.000000e+00
      endloop
   endfacet
   facet normal -0.000000e+00 0.000000e+00 1.000000e+00
      outer loop
         vertex -2.118680e+01 -2.359339e+00 5.000000e+00
         vertex -2.132169e+01 -2.438631e+00 5.000000e+00
         vertex -2.146493e+01 -2.961993e+00 5.000000e+00
      endloop
   endfacet
   facet normal 0.000000e+00 0.000000e+00 1.000000e+00
      outer loop
         vertex -2.146493e+01 -2.961993e+00 5.000000e+00
         vertex -2.132169e+01 -2.438631e+00 5.000000e+00
         vertex -2.206984e+01 -3.865701e+00 5.000000e+00
      endloop
   endfacet
   facet normal -0.000000e+00 0.000000e+00 1.000000e+00
      outer loop
         vertex -2.132169e+01 -2.438631e+00 5.000000e+00
         vertex -2.145129e+01 -2.526303e+00 5.000000e+00
         vertex -2.206984e+01 -3.865701e+00 5.000000e+00
      endloop
   endfacet
   facet normal 0.000000e+00 0.000000e+00 1.000000e+00
      outer loop
         vertex -2.206984e+01 -3.865701e+00 5.000000e+00
         vertex -2.145129e+01 -2.526303e+00 5.000000e+00
         vertex -2.208072e+01 -3.827458e+00 5.000000e+00
      endloop
   endfacet
   facet normal -0.000000e+00 0.000000e+00 1.000000e+00
      outer loop
         vertex -2.145129e+01 -2.526303e+00 5.000000e+00
         vertex -2.154579e+01 -2.600815e+00 5.000000e+00
         vertex -2.208072e+01 -3.827458e+00 5.000000e+00
      endloop
   endfacet
   facet normal 0.000000e+00 0.000000e+00 1.000000e+00
      outer loop
         vertex -2.208072e+01 -3.827458e+00 5.000000e+00
         vertex -2.154579e+01 -2.600815e+00 5.000000e+00
         vertex -2.208887e+01 -3.786882e+00 5.000000e+00
      endloop
   endfacet
   facet normal -0.000000e+00 0.000000e+00 1.000000e+00
      outer loop
         vertex -2.154579e+01 -2.600815e+00 5.000000e+00
         vertex -2.163384e+01 -2.682854e+00 5.000000e+00
         vertex -2.208887e+01 -3.786882e+00 5.000000e+00
      endloop
   endfacet
   facet normal 0.000000e+00 0.000000e+00 1.000000e+00
      outer loop
         vertex -2.208887e+01 -3.786882e+00 5.000000e+00
         vertex -2.163384e+01 -2.682854e+00 5.000000e+00
         vertex -2.209386e+01 -3.745797e+00 5.000000e+00
      endloop
   endfacet
   facet normal -0.000000e+00 0.000000e+00 1.000000e+00
      outer loop
         vertex -2.163384e+01 -2.682854e+00 5.000000e+00
         vertex -2.171370e+01 -2.772001e+00 5.000000e+00
         vertex -2.209386e+01 -3.745797e+00 5.000000e+00
      endloop
   endfacet
   facet normal 0.000000e+00 0.000000e+00 1.000000e+00
      outer loop
         vertex -2.209386e+01 -3.745797e+00 5.000000e+00
         vertex -2.171370e+01 -2.772001e+00 5.000000e+00
         vertex -2.208291e+01 -3.582500e+00 5.000000e+00
      endloop
   endfacet
   facet normal -0.000000e+00 0.000000e+00 1.000000e+00
      outer loop
         vertex -2.171370e+01 -2.772001e+00 5.000000e+00
         vertex -2.178446e+01 -2.868531e+00 5.000000e+00
         vertex -2.208291e+01 -3.582500e+00 5.000000e+00
      endloop
   endfacet
   facet normal 0.000000e+00 0.000000e+00 1.000000e+00
      outer loop
         vertex -2.208291e+01 -3.582500e+00 5.000000e+00
         vertex -2.178446e+01 -2.868531e+00 5.000000e+00
         vertex -2.206116e+01 -3.483901e+00 5.000000e+00
      endloop
   endfacet
   facet normal -0.000000e+00 0.000000e+00 1.000000e+00
      outer loop
         vertex -2.178446e+01 -2.868531e+00 5.000000e+00
         vertex -2.184554e+01 -2.971673e+00 5.000000e+00
         vertex -2.206116e+01 -3.483901e+00 5.000000e+00
      endloop
   endfacet
   facet normal 0.000000e+00 0.000000e+00 1.000000e+00
      outer loop
         vertex -2.206116e+01 -3.483901e+00 5.000000e+00
         vertex -2.184554e+01 -2.971673e+00 5.000000e+00
         vertex -2.202214e+01 -3.388403e+00 5.000000e+00
      endloop
   endfacet
   facet normal -0.000000e+00 0.000000e+00 1.000000e+00
      outer loop
         vertex -2.184554e+01 -2.971673e+00 5.000000e+00
         vertex -2.189625e+01 -3.080287e+00 5.000000e+00
         vertex -2.202214e+01 -3.388403e+00 5.000000e+00
      endloop
   endfacet
   facet normal 0.000000e+00 0.000000e+00 1.000000e+00
      outer loop
         vertex -2.118680e+01 -2.359339e+00 5.000000e+00
         vertex -2.096713e+01 -2.033866e+00 5.000000e+00
         vertex -2.128423e+01 -2.297046e+00 5.000000e+00
      endloop
   endfacet
   facet normal 0.000000e+00 0.000000e+00 1.000000e+00
      outer loop
         vertex -2.096713e+01 -2.033866e+00 5.000000e+00
         vertex -2.103299e+01 -1.967177e+00 5.000000e+00
         vertex -2.128423e+01 -2.297046e+00 5.000000e+00
      endloop
   endfacet
   facet normal 0.000000e+00 0.000000e+00 1.000000e+00
      outer loop
         vertex -2.128423e+01 -2.297046e+00 5.000000e+00
         vertex -2.103299e+01 -1.967177e+00 5.000000e+00
         vertex -2.136770e+01 -2.217016e+00 5.000000e+00
      endloop
   endfacet
   facet normal 0.000000e+00 0.000000e+00 1.000000e+00
      outer loop
         vertex -2.103299e+01 -1.967177e+00 5.000000e+00
         vertex -2.105886e+01 -1.931543e+00 5.000000e+00
         vertex -2.136770e+01 -2.217016e+00 5.000000e+00
      endloop
   endfacet
   facet normal 0.000000e+00 0.000000e+00 1.000000e+00
      outer loop
         vertex -2.136770e+01 -2.217016e+00 5.000000e+00
         vertex -2.105886e+01 -1.931543e+00 5.000000e+00
         vertex -2.143364e+01 -2.122762e+00 5.000000e+00
      endloop
   endfacet
   facet normal 0.000000e+00 0.000000e+00 1.000000e+00
      outer loop
         vertex -2.105886e+01 -1.931543e+00 5.000000e+00
         vertex -2.108119e+01 -1.893592e+00 5.000000e+00
         vertex -2.143364e+01 -2.122762e+00 5.000000e+00
      endloop
   endfacet
   facet normal 0.000000e+00 0.000000e+00 1.000000e+00
      outer loop
         vertex -2.143364e+01 -2.122762e+00 5.000000e+00
         vertex -2.108119e+01 -1.893592e+00 5.000000e+00
         vertex -2.147991e+01 -2.017448e+00 5.000000e+00
      endloop
   endfacet
   facet normal 0.000000e+00 0.000000e+00 1.000000e+00
      outer loop
         vertex -2.108119e+01 -1.893592e+00 5.000000e+00
         vertex -2.109764e+01 -1.857737e+00 5.000000e+00
         vertex -2.147991e+01 -2.017448e+00 5.000000e+00
      endloop
   endfacet
   facet normal 0.000000e+00 0.000000e+00 1.000000e+00
      outer loop
         vertex -2.147991e+01 -2.017448e+00 5.000000e+00
         vertex -2.109764e+01 -1.857737e+00 5.000000e+00
         vertex -2.150566e+01 -1.904156e+00 5.000000e+00
      endloop
   endfacet
   facet normal 0.000000e+00 0.000000e+00 1.000000e+00
      outer loop
         vertex -2.109764e+01 -1.857737e+00 5.000000e+00
         vertex -2.111015e+01 -1.820326e+00 5.000000e+00
         vertex -2.150566e+01 -1.904156e+00 5.000000e+00
      endloop
   endfacet
   facet normal 0.000000e+00 0.000000e+00 1.000000e+00
      outer loop
         vertex -2.150566e+01 -1.904156e+00 5.000000e+00
         vertex -2.111015e+01 -1.820326e+00 5.000000e+00
         vertex -2.151023e+01 -1.788063e+00 5.000000e+00
      endloop
   endfacet
   facet normal 0.000000e+00 0.000000e+00 1.000000e+00
      outer loop
         vertex -2.111015e+01 -1.820326e+00 5.000000e+00
         vertex -2.112164e+01 -1.756818e+00 5.000000e+00
         vertex -2.151023e+01 -1.788063e+00 5.000000e+00
      endloop
   endfacet
   facet normal 0.000000e+00 0.000000e+00 1.000000e+00
      outer loop
         vertex -2.151023e+01 -1.788063e+00 5.000000e+00
         vertex -2.112164e+01 -1.756818e+00 5.000000e+00
         vertex -2.149287e+01 -1.661720e+00 5.000000e+00
      endloop
   endfacet
   facet normal 0.000000e+00 0.000000e+00 1.000000e+00
      outer loop
         vertex -2.112164e+01 -1.756818e+00 5.000000e+00
         vertex -2.112153e+01 -1.692281e+00 5.000000e+00
         vertex -2.149287e+01 -1.661720e+00 5.000000e+00
      endloop
   endfacet
   facet normal 0.000000e+00 0.000000e+00 1.000000e+00
      outer loop
         vertex -2.149287e+01 -1.661720e+00 5.000000e+00
         vertex -2.112153e+01 -1.692281e+00 5.000000e+00
         vertex -2.145469e+01 -1.540040e+00 5.000000e+00
      endloop
   endfacet
   facet normal 0.000000e+00 0.000000e+00 1.000000e+00
      outer loop
         vertex -2.112153e+01 -1.692281e+00 5.000000e+00
         vertex -2.110856e+01 -1.614843e+00 5.000000e+00
         vertex -2.145469e+01 -1.540040e+00 5.000000e+00
      endloop
   endfacet
   facet normal 0.000000e+00 0.000000e+00 1.000000e+00
      outer loop
         vertex -2.145469e+01 -1.540040e+00 5.000000e+00
         vertex -2.110856e+01 -1.614843e+00 5.000000e+00
         vertex -2.120296e+01 -9.240159e-01 5.000000e+00
      endloop
   endfacet
   facet normal 0.000000e+00 0.000000e+00 1.000000e+00
      outer loop
         vertex -2.110856e+01 -1.614843e+00 5.000000e+00
         vertex -2.108431e+01 -1.540164e+00 5.000000e+00
         vertex -2.120296e+01 -9.240159e-01 5.000000e+00
      endloop
   endfacet
   facet normal 0.000000e+00 0.000000e+00 1.000000e+00
      outer loop
         vertex -2.120296e+01 -9.240159e-01 5.000000e+00
         vertex -2.108431e+01 -1.540164e+00 5.000000e+00
         vertex -2.111424e+01 -7.536587e-01 5.000000e+00
      endloop
   endfacet
   facet normal 0.000000e+00 0.000000e+00 1.000000e+00
      outer loop
         vertex -2.108431e+01 -1.540164e+00 5.000000e+00
         vertex -2.083234e+01 -9.235612e-01 5.000000e+00
         vertex -2.111424e+01 -7.536587e-01 5.000000e+00
      endloop
   endfacet
   facet normal 0.000000e+00 0.000000e+00 1.000000e+00
      outer loop
         vertex -2.111424e+01 -7.536587e-01 5.000000e+00
         vertex -2.083234e+01 -9.235612e-01 5.000000e+00
         vertex -2.099581e+01 -6.024423e-01 5.000000e+00
      endloop
   endfacet
   facet normal 0.000000e+00 0.000000e+00 1.000000e+00
      outer loop
         vertex -2.083234e+01 -9.235612e-01 5.000000e+00
         vertex -2.076919e+01 -8.010184e-01 5.000000e+00
         vertex -2.099581e+01 -6.024423e-01 5.000000e+00
      endloop
   endfacet
   facet normal 0.000000e+00 0.000000e+00 1.000000e+00
      outer loop
         vertex -2.099581e+01 -6.024423e-01 5.000000e+00
         vertex -2.076919e+01 -8.010184e-01 5.000000e+00
         vertex -2.080517e+01 -4.261236e-01 5.000000e+00
      endloop
   endfacet
   facet normal 0.000000e+00 0.000000e+00 1.000000e+00
      outer loop
         vertex -2.076919e+01 -8.010184e-01 5.000000e+00
         vertex -2.068557e+01 -6.914140e-01 5.000000e+00
         vertex -2.080517e+01 -4.261236e-01 5.000000e+00
      endloop
   endfacet
   facet normal 0.000000e+00 -0.000000e+00 1.000000e+00
      outer loop
         vertex -2.080517e+01 -4.261236e-01 5.000000e+00
         vertex -2.068557e+01 -6.914140e-01 5.000000e+00
         vertex -2.059244e+01 -2.772131e-01 5.000000e+00
      endloop
   endfacet
   facet normal 0.000000e+00 0.000000e+00 1.000000e+00
      outer loop
         vertex -2.068557e+01 -6.914140e-01 5.000000e+00
         vertex -2.056545e+01 -5.776835e-01 5.000000e+00
         vertex -2.059244e+01 -2.772131e-01 5.000000e+00
      endloop
   endfacet
   facet normal 0.000000e+00 -0.000000e+00 1.000000e+00
      outer loop
         vertex -2.059244e+01 -2.772131e-01 5.000000e+00
         vertex -2.056545e+01 -5.776835e-01 5.000000e+00
         vertex -2.036047e+01 -1.554678e-01 5.000000e+00
      endloop
   endfacet
   facet normal 0.000000e+00 -0.000000e+00 1.000000e+00
      outer loop
         vertex -2.056545e+01 -5.776835e-01 5.000000e+00
         vertex -2.043005e+01 -4.826579e-01 5.000000e+00
         vertex -2.036047e+01 -1.554678e-01 5.000000e+00
      endloop
   endfacet
   facet normal 0.000000e+00 0.000000e+00 1.000000e+00
      outer loop
         vertex -2.036047e+01 -1.554678e-01 5.000000e+00
         vertex -2.043005e+01 -4.826579e-01 5.000000e+00
         vertex -2.011567e+01 -6.214924e-02 5.000000e+00
      endloop
   endfacet
   facet normal 0.000000e+00 -0.000000e+00 1.000000e+00
      outer loop
         vertex -2.043005e+01 -4.826579e-01 5.000000e+00
         vertex -2.028152e+01 -4.060714e-01 5.000000e+00
         vertex -2.011567e+01 -6.214924e-02 5.000000e+00
      endloop
   endfacet
   facet normal 0.000000e+00 0.000000e+00 1.000000e+00
      outer loop
         vertex -2.011567e+01 -6.214924e-02 5.000000e+00
         vertex -2.028152e+01 -4.060714e-01 5.000000e+00
         vertex -1.991563e+01 -1.562779e-02 5.000000e+00
      endloop
   endfacet
   facet normal 0.000000e+00 -0.000000e+00 1.000000e+00
      outer loop
         vertex -2.028152e+01 -4.060714e-01 5.000000e+00
         vertex -2.012458e+01 -3.486869e-01 5.000000e+00
         vertex -1.991563e+01 -1.562779e-02 5.000000e+00
      endloop
   endfacet
   facet normal 0.000000e+00 0.000000e+00 1.000000e+00
      outer loop
         vertex -1.991563e+01 -1.562779e-02 5.000000e+00
         vertex -1.998193e+01 -3.174134e-01 5.000000e+00
         vertex -1.829275e+01 -1.540371e-01 5.000000e+00
      endloop
   endfacet
   facet normal 0.000000e+00 -0.000000e+00 1.000000e+00
      outer loop
         vertex -1.998193e+01 -3.174134e-01 5.000000e+00
         vertex -1.983627e+01 -3.069167e-01 5.000000e+00
         vertex -1.829275e+01 -1.540371e-01 5.000000e+00
      endloop
   endfacet
   facet normal 0.000000e+00 0.000000e+00 1.000000e+00
      outer loop
         vertex -1.829275e+01 -1.540371e-01 5.000000e+00
         vertex -1.983627e+01 -3.069167e-01 5.000000e+00
         vertex -1.872564e+01 -3.069167e-01 5.000000e+00
      endloop
   endfacet
   facet normal 0.000000e+00 0.000000e+00 1.000000e+00
      outer loop
         vertex -1.998193e+01 -3.174134e-01 5.000000e+00
         vertex -1.991563e+01 -1.562779e-02 5.000000e+00
         vertex -2.012458e+01 -3.486869e-01 5.000000e+00
      endloop
   endfacet
   facet normal 0.000000e+00 -1.000000e+00 0.000000e+00
      outer loop
         vertex -2.053179e+01 -2.460625e+00 0.000000e+00
         vertex -1.960575e+01 -2.460625e+00 0.000000e+00
         vertex -1.960575e+01 -2.460625e+00 5.000000e+00
      endloop
   endfacet
   facet normal 0.000000e+00 -1.000000e+00 0.000000e+00
      outer loop
         vertex -2.053179e+01 -2.460625e+00 5.000000e+00
         vertex -2.053179e+01 -2.460625e+00 0.000000e+00
         vertex -1.960575e+01 -2.460625e+00 5.000000e+00
      endloop
   endfacet
   facet normal -9.256961e-01 3.782681e-01 0.000000e+00
      outer loop
         vertex -1.960575e+01 -2.460625e+00 0.000000e+00
         vertex -2.023715e+01 -4.005792e+00 0.000000e+00
         vertex -2.023715e+01 -4.005792e+00 5.000000e+00
      endloop
   endfacet
   facet normal -9.256961e-01 3.782681e-01 0.000000e+00
      outer loop
         vertex -1.960575e+01 -2.460625e+00 5.000000e+00
         vertex -1.960575e+01 -2.460625e+00 0.000000e+00
         vertex -2.023715e+01 -4.005792e+00 5.000000e+00
      endloop
   endfacet
   facet normal 0.000000e+00 1.000000e+00 0.000000e+00
      outer loop
         vertex -2.023715e+01 -4.005792e+00 0.000000e+00
         vertex -2.116319e+01 -4.005792e+00 0.000000e+00
         vertex -2.116319e+01 -4.005792e+00 5.000000e+00
      endloop
   endfacet
   facet normal 0.000000e+00 1.000000e+00 -0.000000e+00
      outer loop
         vertex -2.023715e+01 -4.005792e+00 5.000000e+00
         vertex -2.023715e+01 -4.005792e+00 0.000000e+00
         vertex -2.116319e+01 -4.005792e+00 5.000000e+00
      endloop
   endfacet
   facet normal 5.332929e-02 9.985770e-01 -0.000000e+00
      outer loop
         vertex -2.119973e+01 -4.005142e+00 5.000000e+00
         vertex -2.119973e+01 -4.005142e+00 0.000000e+00
         vertex -2.123622e+01 -4.003193e+00 0.000000e+00
      endloop
   endfacet
   facet normal 5.332929e-02 9.985770e-01 0.000000e+00
      outer loop
         vertex -2.123622e+01 -4.003193e+00 5.000000e+00
         vertex -2.119973e+01 -4.005142e+00 5.000000e+00
         vertex -2.123622e+01 -4.003193e+00 0.000000e+00
      endloop
   endfacet
   facet normal 1.778442e-02 9.998418e-01 -0.000000e+00
      outer loop
         vertex -2.116319e+01 -4.005792e+00 5.000000e+00
         vertex -2.116319e+01 -4.005792e+00 0.000000e+00
         vertex -2.119973e+01 -4.005142e+00 0.000000e+00
      endloop
   endfacet
   facet normal 1.778442e-02 9.998418e-01 0.000000e+00
      outer loop
         vertex -2.119973e+01 -4.005142e+00 5.000000e+00
         vertex -2.116319e+01 -4.005792e+00 5.000000e+00
         vertex -2.119973e+01 -4.005142e+00 0.000000e+00
      endloop
   endfacet
   facet normal 1.313870e-01 9.913312e-01 -0.000000e+00
      outer loop
         vertex -2.126826e+01 -4.000258e+00 5.000000e+00
         vertex -2.126826e+01 -4.000258e+00 0.000000e+00
         vertex -2.130015e+01 -3.996031e+00 0.000000e+00
      endloop
   endfacet
   facet normal 1.313870e-01 9.913312e-01 0.000000e+00
      outer loop
         vertex -2.130015e+01 -3.996031e+00 5.000000e+00
         vertex -2.126826e+01 -4.000258e+00 5.000000e+00
         vertex -2.130015e+01 -3.996031e+00 0.000000e+00
      endloop
   endfacet
   facet normal 9.122663e-02 9.958302e-01 -0.000000e+00
      outer loop
         vertex -2.123622e+01 -4.003193e+00 5.000000e+00
         vertex -2.123622e+01 -4.003193e+00 0.000000e+00
         vertex -2.126826e+01 -4.000258e+00 0.000000e+00
      endloop
   endfacet
   facet normal 9.122663e-02 9.958302e-01 0.000000e+00
      outer loop
         vertex -2.126826e+01 -4.000258e+00 5.000000e+00
         vertex -2.123622e+01 -4.003193e+00 5.000000e+00
         vertex -2.126826e+01 -4.000258e+00 0.000000e+00
      endloop
   endfacet
   facet normal 3.970179e-01 9.178109e-01 -0.000000e+00
      outer loop
         vertex -2.139865e+01 -3.972199e+00 5.000000e+00
         vertex -2.139865e+01 -3.972199e+00 0.000000e+00
         vertex -2.149165e+01 -3.931968e+00 0.000000e+00
      endloop
   endfacet
   facet normal 3.970179e-01 9.178109e-01 0.000000e+00
      outer loop
         vertex -2.149165e+01 -3.931968e+00 5.000000e+00
         vertex -2.139865e+01 -3.972199e+00 5.000000e+00
         vertex -2.149165e+01 -3.931968e+00 0.000000e+00
      endloop
   endfacet
   facet normal 2.351770e-01 9.719526e-01 -0.000000e+00
      outer loop
         vertex -2.130015e+01 -3.996031e+00 5.000000e+00
         vertex -2.130015e+01 -3.996031e+00 0.000000e+00
         vertex -2.139865e+01 -3.972199e+00 0.000000e+00
      endloop
   endfacet
   facet normal 2.351770e-01 9.719526e-01 0.000000e+00
      outer loop
         vertex -2.139865e+01 -3.972199e+00 5.000000e+00
         vertex -2.130015e+01 -3.996031e+00 5.000000e+00
         vertex -2.139865e+01 -3.972199e+00 0.000000e+00
      endloop
   endfacet
   facet normal 7.232833e-01 6.905514e-01 -0.000000e+00
      outer loop
         vertex -2.156009e+01 -3.885281e+00 5.000000e+00
         vertex -2.156009e+01 -3.885281e+00 0.000000e+00
         vertex -2.161730e+01 -3.825358e+00 0.000000e+00
      endloop
   endfacet
   facet normal 7.232833e-01 6.905514e-01 0.000000e+00
      outer loop
         vertex -2.161730e+01 -3.825358e+00 5.000000e+00
         vertex -2.156009e+01 -3.885281e+00 5.000000e+00
         vertex -2.161730e+01 -3.825358e+00 0.000000e+00
      endloop
   endfacet
   facet normal 5.635206e-01 8.261020e-01 -0.000000e+00
      outer loop
         vertex -2.149165e+01 -3.931968e+00 5.000000e+00
         vertex -2.149165e+01 -3.931968e+00 0.000000e+00
         vertex -2.156009e+01 -3.885281e+00 0.000000e+00
      endloop
   endfacet
   facet normal 5.635206e-01 8.261020e-01 0.000000e+00
      outer loop
         vertex -2.156009e+01 -3.885281e+00 5.000000e+00
         vertex -2.149165e+01 -3.931968e+00 5.000000e+00
         vertex -2.156009e+01 -3.885281e+00 0.000000e+00
      endloop
   endfacet
   facet normal 8.644675e-01 5.026887e-01 -0.000000e+00
      outer loop
         vertex -2.161730e+01 -3.825358e+00 0.000000e+00
         vertex -2.166988e+01 -3.734950e+00 0.000000e+00
         vertex -2.166988e+01 -3.734950e+00 5.000000e+00
      endloop
   endfacet
   facet normal 8.644675e-01 5.026887e-01 -0.000000e+00
      outer loop
         vertex -2.161730e+01 -3.825358e+00 5.000000e+00
         vertex -2.161730e+01 -3.825358e+00 0.000000e+00
         vertex -2.166988e+01 -3.734950e+00 5.000000e+00
      endloop
   endfacet
   facet normal 9.983085e-01 5.813810e-02 -0.000000e+00
      outer loop
         vertex -2.169103e+01 -3.660812e+00 5.000000e+00
         vertex -2.169103e+01 -3.660812e+00 0.000000e+00
         vertex -2.169551e+01 -3.583846e+00 0.000000e+00
      endloop
   endfacet
   facet normal 9.983085e-01 5.813810e-02 0.000000e+00
      outer loop
         vertex -2.169551e+01 -3.583846e+00 5.000000e+00
         vertex -2.169103e+01 -3.660812e+00 5.000000e+00
         vertex -2.169551e+01 -3.583846e+00 0.000000e+00
      endloop
   endfacet
   facet normal 9.616196e-01 2.743862e-01 -0.000000e+00
      outer loop
         vertex -2.166988e+01 -3.734950e+00 5.000000e+00
         vertex -2.166988e+01 -3.734950e+00 0.000000e+00
         vertex -2.169103e+01 -3.660812e+00 0.000000e+00
      endloop
   endfacet
   facet normal 9.616196e-01 2.743862e-01 0.000000e+00
      outer loop
         vertex -2.169103e+01 -3.660812e+00 5.000000e+00
         vertex -2.166988e+01 -3.734950e+00 5.000000e+00
         vertex -2.169103e+01 -3.660812e+00 0.000000e+00
      endloop
   endfacet
   facet normal 9.541928e-01 -2.991923e-01 0.000000e+00
      outer loop
         vertex -2.168195e+01 -3.484559e+00 5.000000e+00
         vertex -2.168195e+01 -3.484559e+00 0.000000e+00
         vertex -2.165197e+01 -3.388941e+00 0.000000e+00
      endloop
   endfacet
   facet normal 9.541928e-01 -2.991923e-01 0.000000e+00
      outer loop
         vertex -2.165197e+01 -3.388941e+00 5.000000e+00
         vertex -2.168195e+01 -3.484559e+00 5.000000e+00
         vertex -2.165197e+01 -3.388941e+00 0.000000e+00
      endloop
   endfacet
   facet normal 9.907980e-01 -1.353488e-01 0.000000e+00
      outer loop
         vertex -2.169551e+01 -3.583846e+00 5.000000e+00
         vertex -2.169551e+01 -3.583846e+00 0.000000e+00
         vertex -2.168195e+01 -3.484559e+00 0.000000e+00
      endloop
   endfacet
   facet normal 9.907980e-01 -1.353488e-01 0.000000e+00
      outer loop
         vertex -2.168195e+01 -3.484559e+00 5.000000e+00
         vertex -2.169551e+01 -3.583846e+00 5.000000e+00
         vertex -2.168195e+01 -3.484559e+00 0.000000e+00
      endloop
   endfacet
   facet normal 9.256697e-01 -3.783328e-01 0.000000e+00
      outer loop
         vertex -2.165197e+01 -3.388941e+00 0.000000e+00
         vertex -2.152592e+01 -3.080535e+00 0.000000e+00
         vertex -2.152592e+01 -3.080535e+00 5.000000e+00
      endloop
   endfacet
   facet normal 9.256697e-01 -3.783328e-01 0.000000e+00
      outer loop
         vertex -2.165197e+01 -3.388941e+00 5.000000e+00
         vertex -2.165197e+01 -3.388941e+00 0.000000e+00
         vertex -2.152592e+01 -3.080535e+00 5.000000e+00
      endloop
   endfacet
   facet normal 7.962449e-01 -6.049745e-01 0.000000e+00
      outer loop
         vertex -2.146493e+01 -2.961993e+00 5.000000e+00
         vertex -2.146493e+01 -2.961993e+00 0.000000e+00
         vertex -2.138428e+01 -2.855844e+00 0.000000e+00
      endloop
   endfacet
   facet normal 7.962449e-01 -6.049745e-01 0.000000e+00
      outer loop
         vertex -2.138428e+01 -2.855844e+00 5.000000e+00
         vertex -2.146493e+01 -2.961993e+00 5.000000e+00
         vertex -2.138428e+01 -2.855844e+00 0.000000e+00
      endloop
   endfacet
   facet normal 8.892132e-01 -4.574931e-01 0.000000e+00
      outer loop
         vertex -2.152592e+01 -3.080535e+00 5.000000e+00
         vertex -2.152592e+01 -3.080535e+00 0.000000e+00
         vertex -2.146493e+01 -2.961993e+00 0.000000e+00
      endloop
   endfacet
   facet normal 8.892132e-01 -4.574931e-01 0.000000e+00
      outer loop
         vertex -2.146493e+01 -2.961993e+00 5.000000e+00
         vertex -2.152592e+01 -3.080535e+00 5.000000e+00
         vertex -2.146493e+01 -2.961993e+00 0.000000e+00
      endloop
   endfacet
   facet normal 5.853921e-01 -8.107503e-01 0.000000e+00
      outer loop
         vertex -2.126377e+01 -2.740314e+00 5.000000e+00
         vertex -2.126377e+01 -2.740314e+00 0.000000e+00
         vertex -2.112842e+01 -2.642588e+00 0.000000e+00
      endloop
   endfacet
   facet normal 5.853921e-01 -8.107503e-01 0.000000e+00
      outer loop
         vertex -2.112842e+01 -2.642588e+00 5.000000e+00
         vertex -2.126377e+01 -2.740314e+00 5.000000e+00
         vertex -2.112842e+01 -2.642588e+00 0.000000e+00
      endloop
   endfacet
   facet normal 6.920381e-01 -7.218610e-01 0.000000e+00
      outer loop
         vertex -2.138428e+01 -2.855844e+00 5.000000e+00
         vertex -2.138428e+01 -2.855844e+00 0.000000e+00
         vertex -2.126377e+01 -2.740314e+00 0.000000e+00
      endloop
   endfacet
   facet normal 6.920381e-01 -7.218610e-01 0.000000e+00
      outer loop
         vertex -2.126377e+01 -2.740314e+00 5.000000e+00
         vertex -2.138428e+01 -2.855844e+00 5.000000e+00
         vertex -2.126377e+01 -2.740314e+00 0.000000e+00
      endloop
   endfacet
   facet normal 3.532006e-01 -9.355476e-01 0.000000e+00
      outer loop
         vertex -2.098028e+01 -2.563395e+00 5.000000e+00
         vertex -2.098028e+01 -2.563395e+00 0.000000e+00
         vertex -2.082313e+01 -2.504064e+00 0.000000e+00
      endloop
   endfacet
   facet normal 3.532006e-01 -9.355476e-01 0.000000e+00
      outer loop
         vertex -2.082313e+01 -2.504064e+00 5.000000e+00
         vertex -2.098028e+01 -2.563395e+00 5.000000e+00
         vertex -2.082313e+01 -2.504064e+00 0.000000e+00
      endloop
   endfacet
   facet normal 4.714425e-01 -8.818968e-01 0.000000e+00
      outer loop
         vertex -2.112842e+01 -2.642588e+00 5.000000e+00
         vertex -2.112842e+01 -2.642588e+00 0.000000e+00
         vertex -2.098028e+01 -2.563395e+00 0.000000e+00
      endloop
   endfacet
   facet normal 4.714425e-01 -8.818968e-01 0.000000e+00
      outer loop
         vertex -2.098028e+01 -2.563395e+00 5.000000e+00
         vertex -2.112842e+01 -2.642588e+00 5.000000e+00
         vertex -2.098028e+01 -2.563395e+00 0.000000e+00
      endloop
   endfacet
   facet normal 7.393876e-02 -9.972628e-01 0.000000e+00
      outer loop
         vertex -2.067907e+01 -2.471545e+00 5.000000e+00
         vertex -2.067907e+01 -2.471545e+00 0.000000e+00
         vertex -2.053179e+01 -2.460625e+00 0.000000e+00
      endloop
   endfacet
   facet normal 7.393876e-02 -9.972628e-01 0.000000e+00
      outer loop
         vertex -2.053179e+01 -2.460625e+00 5.000000e+00
         vertex -2.067907e+01 -2.471545e+00 5.000000e+00
         vertex -2.053179e+01 -2.460625e+00 0.000000e+00
      endloop
   endfacet
   facet normal 2.201941e-01 -9.754561e-01 0.000000e+00
      outer loop
         vertex -2.082313e+01 -2.504064e+00 5.000000e+00
         vertex -2.082313e+01 -2.504064e+00 0.000000e+00
         vertex -2.067907e+01 -2.471545e+00 0.000000e+00
      endloop
   endfacet
   facet normal 2.201941e-01 -9.754561e-01 0.000000e+00
      outer loop
         vertex -2.067907e+01 -2.471545e+00 5.000000e+00
         vertex -2.082313e+01 -2.504064e+00 5.000000e+00
         vertex -2.067907e+01 -2.471545e+00 0.000000e+00
      endloop
   endfacet
   facet normal 0.000000e+00 -1.000000e+00 0.000000e+00
      outer loop
         vertex -1.983627e+01 -3.069167e-01 0.000000e+00
         vertex -1.872564e+01 -3.069167e-01 0.000000e+00
         vertex -1.872564e+01 -3.069167e-01 5.000000e+00
      endloop
   endfacet
   facet normal 0.000000e+00 -1.000000e+00 0.000000e+00
      outer loop
         vertex -1.983627e+01 -3.069167e-01 5.000000e+00
         vertex -1.983627e+01 -3.069167e-01 0.000000e+00
         vertex -1.872564e+01 -3.069167e-01 5.000000e+00
      endloop
   endfacet
   facet normal -9.256915e-01 3.782794e-01 0.000000e+00
      outer loop
         vertex -1.872564e+01 -3.069167e-01 0.000000e+00
         vertex -1.948032e+01 -2.153708e+00 0.000000e+00
         vertex -1.948032e+01 -2.153708e+00 5.000000e+00
      endloop
   endfacet
   facet normal -9.256915e-01 3.782794e-01 0.000000e+00
      outer loop
         vertex -1.872564e+01 -3.069167e-01 5.000000e+00
         vertex -1.872564e+01 -3.069167e-01 0.000000e+00
         vertex -1.948032e+01 -2.153708e+00 5.000000e+00
      endloop
   endfacet
   facet normal 0.000000e+00 1.000000e+00 0.000000e+00
      outer loop
         vertex -1.948032e+01 -2.153708e+00 0.000000e+00
         vertex -2.059095e+01 -2.153708e+00 0.000000e+00
         vertex -2.059095e+01 -2.153708e+00 5.000000e+00
      endloop
   endfacet
   facet normal 0.000000e+00 1.000000e+00 -0.000000e+00
      outer loop
         vertex -1.948032e+01 -2.153708e+00 5.000000e+00
         vertex -1.948032e+01 -2.153708e+00 0.000000e+00
         vertex -2.059095e+01 -2.153708e+00 5.000000e+00
      endloop
   endfacet
   facet normal 5.696759e-02 9.983760e-01 -0.000000e+00
      outer loop
         vertex -2.059095e+01 -2.153708e+00 0.000000e+00
         vertex -2.068702e+01 -2.148226e+00 0.000000e+00
         vertex -2.068702e+01 -2.148226e+00 5.000000e+00
      endloop
   endfacet
   facet normal 5.696759e-02 9.983760e-01 -0.000000e+00
      outer loop
         vertex -2.059095e+01 -2.153708e+00 5.000000e+00
         vertex -2.059095e+01 -2.153708e+00 0.000000e+00
         vertex -2.068702e+01 -2.148226e+00 5.000000e+00
      endloop
   endfacet
   facet normal 3.813779e-01 9.244192e-01 -0.000000e+00
      outer loop
         vertex -2.079086e+01 -2.126135e+00 5.000000e+00
         vertex -2.079086e+01 -2.126135e+00 0.000000e+00
         vertex -2.088901e+01 -2.085645e+00 0.000000e+00
      endloop
   endfacet
   facet normal 3.813779e-01 9.244192e-01 0.000000e+00
      outer loop
         vertex -2.088901e+01 -2.085645e+00 5.000000e+00
         vertex -2.079086e+01 -2.126135e+00 5.000000e+00
         vertex -2.088901e+01 -2.085645e+00 0.000000e+00
      endloop
   endfacet
   facet normal 2.080826e-01 9.781112e-01 -0.000000e+00
      outer loop
         vertex -2.068702e+01 -2.148226e+00 5.000000e+00
         vertex -2.068702e+01 -2.148226e+00 0.000000e+00
         vertex -2.079086e+01 -2.126135e+00 0.000000e+00
      endloop
   endfacet
   facet normal 2.080826e-01 9.781112e-01 0.000000e+00
      outer loop
         vertex -2.079086e+01 -2.126135e+00 5.000000e+00
         vertex -2.068702e+01 -2.148226e+00 5.000000e+00
         vertex -2.079086e+01 -2.126135e+00 0.000000e+00
      endloop
   endfacet
   facet normal 7.115292e-01 7.026565e-01 -0.000000e+00
      outer loop
         vertex -2.096713e+01 -2.033866e+00 5.000000e+00
         vertex -2.096713e+01 -2.033866e+00 0.000000e+00
         vertex -2.103299e+01 -1.967177e+00 0.000000e+00
      endloop
   endfacet
   facet normal 7.115292e-01 7.026565e-01 0.000000e+00
      outer loop
         vertex -2.103299e+01 -1.967177e+00 5.000000e+00
         vertex -2.096713e+01 -2.033866e+00 5.000000e+00
         vertex -2.103299e+01 -1.967177e+00 0.000000e+00
      endloop
   endfacet
   facet normal 5.524616e-01 8.335384e-01 -0.000000e+00
      outer loop
         vertex -2.088901e+01 -2.085645e+00 5.000000e+00
         vertex -2.088901e+01 -2.085645e+00 0.000000e+00
         vertex -2.096713e+01 -2.033866e+00 0.000000e+00
      endloop
   endfacet
   facet normal 5.524616e-01 8.335384e-01 0.000000e+00
      outer loop
         vertex -2.096713e+01 -2.033866e+00 5.000000e+00
         vertex -2.088901e+01 -2.085645e+00 5.000000e+00
         vertex -2.096713e+01 -2.033866e+00 0.000000e+00
      endloop
   endfacet
   facet normal 8.618621e-01 5.071427e-01 -0.000000e+00
      outer loop
         vertex -2.105886e+01 -1.931543e+00 5.000000e+00
         vertex -2.105886e+01 -1.931543e+00 0.000000e+00
         vertex -2.108119e+01 -1.893592e+00 0.000000e+00
      endloop
   endfacet
   facet normal 8.618621e-01 5.071427e-01 0.000000e+00
      outer loop
         vertex -2.108119e+01 -1.893592e+00 5.000000e+00
         vertex -2.105886e+01 -1.931543e+00 5.000000e+00
         vertex -2.108119e+01 -1.893592e+00 0.000000e+00
      endloop
   endfacet
   facet normal 8.092556e-01 5.874567e-01 -0.000000e+00
      outer loop
         vertex -2.103299e+01 -1.967177e+00 5.000000e+00
         vertex -2.103299e+01 -1.967177e+00 0.000000e+00
         vertex -2.105886e+01 -1.931543e+00 0.000000e+00
      endloop
   endfacet
   facet normal 8.092556e-01 5.874567e-01 0.000000e+00
      outer loop
         vertex -2.105886e+01 -1.931543e+00 5.000000e+00
         vertex -2.103299e+01 -1.967177e+00 5.000000e+00
         vertex -2.105886e+01 -1.931543e+00 0.000000e+00
      endloop
   endfacet
   facet normal 9.483355e-01 3.172692e-01 -0.000000e+00
      outer loop
         vertex -2.109764e+01 -1.857737e+00 5.000000e+00
         vertex -2.109764e+01 -1.857737e+00 0.000000e+00
         vertex -2.111015e+01 -1.820326e+00 0.000000e+00
      endloop
   endfacet
   facet normal 9.483355e-01 3.172692e-01 0.000000e+00
      outer loop
         vertex -2.111015e+01 -1.820326e+00 5.000000e+00
         vertex -2.109764e+01 -1.857737e+00 5.000000e+00
         vertex -2.111015e+01 -1.820326e+00 0.000000e+00
      endloop
   endfacet
   facet normal 9.089011e-01 4.170117e-01 -0.000000e+00
      outer loop
         vertex -2.108119e+01 -1.893592e+00 5.000000e+00
         vertex -2.108119e+01 -1.893592e+00 0.000000e+00
         vertex -2.109764e+01 -1.857737e+00 0.000000e+00
      endloop
   endfacet
   facet normal 9.089011e-01 4.170117e-01 0.000000e+00
      outer loop
         vertex -2.109764e+01 -1.857737e+00 5.000000e+00
         vertex -2.108119e+01 -1.893592e+00 5.000000e+00
         vertex -2.109764e+01 -1.857737e+00 0.000000e+00
      endloop
   endfacet
   facet normal 9.999986e-01 -1.684585e-03 0.000000e+00
      outer loop
         vertex -2.112164e+01 -1.756818e+00 5.000000e+00
         vertex -2.112164e+01 -1.756818e+00 0.000000e+00
         vertex -2.112153e+01 -1.692281e+00 0.000000e+00
      endloop
   endfacet
   facet normal 9.999986e-01 -1.684585e-03 0.000000e+00
      outer loop
         vertex -2.112153e+01 -1.692281e+00 5.000000e+00
         vertex -2.112164e+01 -1.756818e+00 5.000000e+00
         vertex -2.112153e+01 -1.692281e+00 0.000000e+00
      endloop
   endfacet
   facet normal 9.840351e-01 1.779744e-01 -0.000000e+00
      outer loop
         vertex -2.111015e+01 -1.820326e+00 5.000000e+00
         vertex -2.111015e+01 -1.820326e+00 0.000000e+00
         vertex -2.112164e+01 -1.756818e+00 0.000000e+00
      endloop
   endfacet
   facet normal 9.840351e-01 1.779744e-01 0.000000e+00
      outer loop
         vertex -2.112164e+01 -1.756818e+00 5.000000e+00
         vertex -2.111015e+01 -1.820326e+00 5.000000e+00
         vertex -2.112164e+01 -1.756818e+00 0.000000e+00
      endloop
   endfacet
   facet normal 9.511256e-01 -3.088042e-01 0.000000e+00
      outer loop
         vertex -2.110856e+01 -1.614843e+00 5.000000e+00
         vertex -2.110856e+01 -1.614843e+00 0.000000e+00
         vertex -2.108431e+01 -1.540164e+00 0.000000e+00
      endloop
   endfacet
   facet normal 9.511256e-01 -3.088042e-01 0.000000e+00
      outer loop
         vertex -2.108431e+01 -1.540164e+00 5.000000e+00
         vertex -2.110856e+01 -1.614843e+00 5.000000e+00
         vertex -2.108431e+01 -1.540164e+00 0.000000e+00
      endloop
   endfacet
   facet normal 9.862581e-01 -1.652119e-01 0.000000e+00
      outer loop
         vertex -2.112153e+01 -1.692281e+00 5.000000e+00
         vertex -2.112153e+01 -1.692281e+00 0.000000e+00
         vertex -2.110856e+01 -1.614843e+00 0.000000e+00
      endloop
   endfacet
   facet normal 9.862581e-01 -1.652119e-01 0.000000e+00
      outer loop
         vertex -2.110856e+01 -1.614843e+00 5.000000e+00
         vertex -2.112153e+01 -1.692281e+00 5.000000e+00
         vertex -2.110856e+01 -1.614843e+00 0.000000e+00
      endloop
   endfacet
   facet normal 9.256903e-01 -3.782822e-01 0.000000e+00
      outer loop
         vertex -2.108431e+01 -1.540164e+00 0.000000e+00
         vertex -2.083234e+01 -9.235612e-01 0.000000e+00
         vertex -2.083234e+01 -9.235612e-01 5.000000e+00
      endloop
   endfacet
   facet normal 9.256903e-01 -3.782822e-01 0.000000e+00
      outer loop
         vertex -2.108431e+01 -1.540164e+00 5.000000e+00
         vertex -2.108431e+01 -1.540164e+00 0.000000e+00
         vertex -2.083234e+01 -9.235612e-01 5.000000e+00
      endloop
   endfacet
   facet normal 7.950466e-01 -6.065483e-01 0.000000e+00
      outer loop
         vertex -2.076919e+01 -8.010184e-01 5.000000e+00
         vertex -2.076919e+01 -8.010184e-01 0.000000e+00
         vertex -2.068557e+01 -6.914140e-01 0.000000e+00
      endloop
   endfacet
   facet normal 7.950466e-01 -6.065483e-01 0.000000e+00
      outer loop
         vertex -2.068557e+01 -6.914140e-01 5.000000e+00
         vertex -2.076919e+01 -8.010184e-01 5.000000e+00
         vertex -2.068557e+01 -6.914140e-01 0.000000e+00
      endloop
   endfacet
   facet normal 8.889032e-01 -4.580952e-01 0.000000e+00
      outer loop
         vertex -2.083234e+01 -9.235612e-01 5.000000e+00
         vertex -2.083234e+01 -9.235612e-01 0.000000e+00
         vertex -2.076919e+01 -8.010184e-01 0.000000e+00
      endloop
   endfacet
   facet normal 8.889032e-01 -4.580952e-01 0.000000e+00
      outer loop
         vertex -2.076919e+01 -8.010184e-01 5.000000e+00
         vertex -2.083234e+01 -9.235612e-01 5.000000e+00
         vertex -2.076919e+01 -8.010184e-01 0.000000e+00
      endloop
   endfacet
   facet normal 5.744562e-01 -8.185353e-01 0.000000e+00
      outer loop
         vertex -2.056545e+01 -5.776835e-01 5.000000e+00
         vertex -2.056545e+01 -5.776835e-01 0.000000e+00
         vertex -2.043005e+01 -4.826579e-01 0.000000e+00
      endloop
   endfacet
   facet normal 5.744562e-01 -8.185353e-01 0.000000e+00
      outer loop
         vertex -2.043005e+01 -4.826579e-01 5.000000e+00
         vertex -2.056545e+01 -5.776835e-01 5.000000e+00
         vertex -2.043005e+01 -4.826579e-01 0.000000e+00
      endloop
   endfacet
   facet normal 6.875326e-01 -7.261535e-01 0.000000e+00
      outer loop
         vertex -2.068557e+01 -6.914140e-01 5.000000e+00
         vertex -2.068557e+01 -6.914140e-01 0.000000e+00
         vertex -2.056545e+01 -5.776835e-01 0.000000e+00
      endloop
   endfacet
   facet normal 6.875326e-01 -7.261535e-01 0.000000e+00
      outer loop
         vertex -2.056545e+01 -5.776835e-01 5.000000e+00
         vertex -2.068557e+01 -6.914140e-01 5.000000e+00
         vertex -2.056545e+01 -5.776835e-01 0.000000e+00
      endloop
   endfacet
   facet normal 3.433975e-01 -9.391902e-01 0.000000e+00
      outer loop
         vertex -2.028152e+01 -4.060714e-01 5.000000e+00
         vertex -2.028152e+01 -4.060714e-01 0.000000e+00
         vertex -2.012458e+01 -3.486869e-01 0.000000e+00
      endloop
   endfacet
   facet normal 3.433975e-01 -9.391902e-01 0.000000e+00
      outer loop
         vertex -2.012458e+01 -3.486869e-01 5.000000e+00
         vertex -2.028152e+01 -4.060714e-01 5.000000e+00
         vertex -2.012458e+01 -3.486869e-01 0.000000e+00
      endloop
   endfacet
   facet normal 4.583090e-01 -8.887929e-01 0.000000e+00
      outer loop
         vertex -2.043005e+01 -4.826579e-01 5.000000e+00
         vertex -2.043005e+01 -4.826579e-01 0.000000e+00
         vertex -2.028152e+01 -4.060714e-01 0.000000e+00
      endloop
   endfacet
   facet normal 4.583090e-01 -8.887929e-01 0.000000e+00
      outer loop
         vertex -2.028152e+01 -4.060714e-01 5.000000e+00
         vertex -2.043005e+01 -4.826579e-01 5.000000e+00
         vertex -2.028152e+01 -4.060714e-01 0.000000e+00
      endloop
   endfacet
   facet normal 7.187709e-02 -9.974135e-01 0.000000e+00
      outer loop
         vertex -1.998193e+01 -3.174134e-01 5.000000e+00
         vertex -1.998193e+01 -3.174134e-01 0.000000e+00
         vertex -1.983627e+01 -3.069167e-01 0.000000e+00
      endloop
   endfacet
   facet normal 7.187709e-02 -9.974135e-01 0.000000e+00
      outer loop
         vertex -1.983627e+01 -3.069167e-01 5.000000e+00
         vertex -1.998193e+01 -3.174134e-01 5.000000e+00
         vertex -1.983627e+01 -3.069167e-01 0.000000e+00
      endloop
   endfacet
   facet normal 2.141426e-01 -9.768024e-01 0.000000e+00
      outer loop
         vertex -2.012458e+01 -3.486869e-01 5.000000e+00
         vertex -2.012458e+01 -3.486869e-01 0.000000e+00
         vertex -1.998193e+01 -3.174134e-01 0.000000e+00
      endloop
   endfacet
   facet normal 2.141426e-01 -9.768024e-01 0.000000e+00
      outer loop
         vertex -1.998193e+01 -3.174134e-01 5.000000e+00
         vertex -2.012458e+01 -3.486869e-01 5.000000e+00
         vertex -1.998193e+01 -3.174134e-01 0.000000e+00
      endloop
   endfacet
   facet normal 5.481971e-01 8.363492e-01 -0.000000e+00
      outer loop
         vertex -1.830209e+01 -2.805177e-02 0.000000e+00
         vertex -1.831962e+01 -1.656494e-02 0.000000e+00
         vertex -1.831962e+01 -1.656494e-02 5.000000e+00
      endloop
   endfacet
   facet normal 5.481971e-01 8.363492e-01 0.000000e+00
      outer loop
         vertex -1.830209e+01 -2.805177e-02 0.000000e+00
         vertex -1.831962e+01 -1.656494e-02 5.000000e+00
         vertex -1.830209e+01 -2.805177e-02 5.000000e+00
      endloop
   endfacet
   facet normal 3.484119e-01 9.373415e-01 -0.000000e+00
      outer loop
         vertex -1.831962e+01 -1.656494e-02 0.000000e+00
         vertex -1.833926e+01 -9.264722e-03 0.000000e+00
         vertex -1.833926e+01 -9.264722e-03 5.000000e+00
      endloop
   endfacet
   facet normal 3.484119e-01 9.373415e-01 0.000000e+00
      outer loop
         vertex -1.831962e+01 -1.656494e-02 0.000000e+00
         vertex -1.833926e+01 -9.264722e-03 5.000000e+00
         vertex -1.831962e+01 -1.656494e-02 5.000000e+00
      endloop
   endfacet
   facet normal 9.453911e-01 3.259381e-01 -0.000000e+00
      outer loop
         vertex -1.827677e+01 -8.623915e-02 0.000000e+00
         vertex -1.829422e+01 -3.564619e-02 0.000000e+00
         vertex -1.829422e+01 -3.564619e-02 5.000000e+00
      endloop
   endfacet
   facet normal 9.453911e-01 3.259381e-01 0.000000e+00
      outer loop
         vertex -1.827677e+01 -8.623915e-02 0.000000e+00
         vertex -1.829422e+01 -3.564619e-02 5.000000e+00
         vertex -1.827677e+01 -8.623915e-02 5.000000e+00
      endloop
   endfacet
   facet normal 9.733297e-01 -2.294107e-01 0.000000e+00
      outer loop
         vertex -1.829275e+01 -1.540371e-01 0.000000e+00
         vertex -1.827677e+01 -8.623915e-02 0.000000e+00
         vertex -1.827677e+01 -8.623915e-02 5.000000e+00
      endloop
   endfacet
   facet normal 9.733297e-01 -2.294107e-01 0.000000e+00
      outer loop
         vertex -1.829275e+01 -1.540371e-01 0.000000e+00
         vertex -1.827677e+01 -8.623915e-02 5.000000e+00
         vertex -1.829275e+01 -1.540371e-01 5.000000e+00
      endloop
   endfacet
   facet normal 9.256936e-01 -3.782741e-01 0.000000e+00
      outer loop
         vertex -1.992920e+01 -4.158671e+00 0.000000e+00
         vertex -1.829275e+01 -1.540371e-01 0.000000e+00
         vertex -1.829275e+01 -1.540371e-01 5.000000e+00
      endloop
   endfacet
   facet normal 9.256936e-01 -3.782741e-01 0.000000e+00
      outer loop
         vertex -1.992920e+01 -4.158671e+00 0.000000e+00
         vertex -1.829275e+01 -1.540371e-01 5.000000e+00
         vertex -1.992920e+01 -4.158671e+00 5.000000e+00
      endloop
   endfacet
   facet normal 8.102410e-01 -5.860969e-01 0.000000e+00
      outer loop
         vertex -1.997378e+01 -4.231903e+00 0.000000e+00
         vertex -1.994858e+01 -4.197061e+00 0.000000e+00
         vertex -1.994858e+01 -4.197061e+00 5.000000e+00
      endloop
   endfacet
   facet normal 8.102410e-01 -5.860969e-01 0.000000e+00
      outer loop
         vertex -1.997378e+01 -4.231903e+00 0.000000e+00
         vertex -1.994858e+01 -4.197061e+00 5.000000e+00
         vertex -1.997378e+01 -4.231903e+00 5.000000e+00
      endloop
   endfacet
   facet normal 8.927443e-01 -4.505637e-01 0.000000e+00
      outer loop
         vertex -1.994858e+01 -4.197061e+00 0.000000e+00
         vertex -1.992920e+01 -4.158671e+00 0.000000e+00
         vertex -1.992920e+01 -4.158671e+00 5.000000e+00
      endloop
   endfacet
   facet normal 8.927443e-01 -4.505637e-01 0.000000e+00
      outer loop
         vertex -1.994858e+01 -4.197061e+00 0.000000e+00
         vertex -1.992920e+01 -4.158671e+00 5.000000e+00
         vertex -1.994858e+01 -4.197061e+00 5.000000e+00
      endloop
   endfacet
   facet normal 5.603585e-01 -8.282502e-01 0.000000e+00
      outer loop
         vertex -2.003236e+01 -4.279752e+00 0.000000e+00
         vertex -2.000091e+01 -4.258474e+00 0.000000e+00
         vertex -2.000091e+01 -4.258474e+00 5.000000e+00
      endloop
   endfacet
   facet normal 5.603585e-01 -8.282502e-01 0.000000e+00
      outer loop
         vertex -2.003236e+01 -4.279752e+00 0.000000e+00
         vertex -2.000091e+01 -4.258474e+00 5.000000e+00
         vertex -2.003236e+01 -4.279752e+00 5.000000e+00
      endloop
   endfacet
   facet normal 6.997541e-01 -7.143838e-01 0.000000e+00
      outer loop
         vertex -2.000091e+01 -4.258474e+00 0.000000e+00
         vertex -1.997378e+01 -4.231903e+00 0.000000e+00
         vertex -1.997378e+01 -4.231903e+00 5.000000e+00
      endloop
   endfacet
   facet normal 6.997541e-01 -7.143838e-01 0.000000e+00
      outer loop
         vertex -2.000091e+01 -4.258474e+00 0.000000e+00
         vertex -1.997378e+01 -4.231903e+00 5.000000e+00
         vertex -2.000091e+01 -4.258474e+00 5.000000e+00
      endloop
   endfacet
   facet normal 2.889588e-01 -9.573415e-01 0.000000e+00
      outer loop
         vertex -2.009442e+01 -4.303372e+00 0.000000e+00
         vertex -2.006256e+01 -4.293754e+00 0.000000e+00
         vertex -2.006256e+01 -4.293754e+00 5.000000e+00
      endloop
   endfacet
   facet normal 2.889588e-01 -9.573415e-01 0.000000e+00
      outer loop
         vertex -2.009442e+01 -4.303372e+00 0.000000e+00
         vertex -2.006256e+01 -4.293754e+00 5.000000e+00
         vertex -2.009442e+01 -4.303372e+00 5.000000e+00
      endloop
   endfacet
   facet normal 4.206500e-01 -9.072230e-01 0.000000e+00
      outer loop
         vertex -2.006256e+01 -4.293754e+00 0.000000e+00
         vertex -2.003236e+01 -4.279752e+00 0.000000e+00
         vertex -2.003236e+01 -4.279752e+00 5.000000e+00
      endloop
   endfacet
   facet normal 4.206500e-01 -9.072230e-01 0.000000e+00
      outer loop
         vertex -2.006256e+01 -4.293754e+00 0.000000e+00
         vertex -2.003236e+01 -4.279752e+00 5.000000e+00
         vertex -2.006256e+01 -4.293754e+00 5.000000e+00
      endloop
   endfacet
   facet normal 5.562563e-02 -9.984517e-01 0.000000e+00
      outer loop
         vertex -2.017795e+01 -4.312708e+00 0.000000e+00
         vertex -2.013593e+01 -4.310367e+00 0.000000e+00
         vertex -2.013593e+01 -4.310367e+00 5.000000e+00
      endloop
   endfacet
   facet normal 5.562563e-02 -9.984517e-01 0.000000e+00
      outer loop
         vertex -2.017795e+01 -4.312708e+00 0.000000e+00
         vertex -2.013593e+01 -4.310367e+00 5.000000e+00
         vertex -2.017795e+01 -4.312708e+00 5.000000e+00
      endloop
   endfacet
   facet normal 1.661881e-01 -9.860941e-01 0.000000e+00
      outer loop
         vertex -2.013593e+01 -4.310367e+00 0.000000e+00
         vertex -2.009442e+01 -4.303372e+00 0.000000e+00
         vertex -2.009442e+01 -4.303372e+00 5.000000e+00
      endloop
   endfacet
   facet normal 1.661881e-01 -9.860941e-01 0.000000e+00
      outer loop
         vertex -2.013593e+01 -4.310367e+00 0.000000e+00
         vertex -2.009442e+01 -4.303372e+00 5.000000e+00
         vertex -2.013593e+01 -4.310367e+00 5.000000e+00
      endloop
   endfacet
   facet normal 0.000000e+00 -1.000000e+00 0.000000e+00
      outer loop
         vertex -2.129263e+01 -4.312708e+00 0.000000e+00
         vertex -2.017795e+01 -4.312708e+00 0.000000e+00
         vertex -2.017795e+01 -4.312708e+00 5.000000e+00
      endloop
   endfacet
   facet normal -0.000000e+00 -1.000000e+00 0.000000e+00
      outer loop
         vertex -2.129263e+01 -4.312708e+00 0.000000e+00
         vertex -2.017795e+01 -4.312708e+00 5.000000e+00
         vertex -2.129263e+01 -4.312708e+00 5.000000e+00
      endloop
   endfacet
   facet normal -2.402632e-01 -9.707078e-01 0.000000e+00
      outer loop
         vertex -2.166770e+01 -4.251503e+00 0.000000e+00
         vertex -2.148265e+01 -4.297307e+00 0.000000e+00
         vertex -2.148265e+01 -4.297307e+00 5.000000e+00
      endloop
   endfacet
   facet normal -2.402632e-01 -9.707078e-01 0.000000e+00
      outer loop
         vertex -2.166770e+01 -4.251503e+00 0.000000e+00
         vertex -2.148265e+01 -4.297307e+00 5.000000e+00
         vertex -2.166770e+01 -4.251503e+00 5.000000e+00
      endloop
   endfacet
   facet normal -8.079142e-02 -9.967310e-01 0.000000e+00
      outer loop
         vertex -2.148265e+01 -4.297307e+00 0.000000e+00
         vertex -2.129263e+01 -4.312708e+00 0.000000e+00
         vertex -2.129263e+01 -4.312708e+00 5.000000e+00
      endloop
   endfacet
   facet normal -8.079142e-02 -9.967310e-01 0.000000e+00
      outer loop
         vertex -2.148265e+01 -4.297307e+00 0.000000e+00
         vertex -2.129263e+01 -4.312708e+00 5.000000e+00
         vertex -2.148265e+01 -4.297307e+00 5.000000e+00
      endloop
   endfacet
   facet normal -6.053871e-01 -7.959312e-01 0.000000e+00
      outer loop
         vertex -2.191042e+01 -4.105566e+00 0.000000e+00
         vertex -2.179704e+01 -4.191805e+00 0.000000e+00
         vertex -2.179704e+01 -4.191805e+00 5.000000e+00
      endloop
   endfacet
   facet normal -6.053871e-01 -7.959312e-01 0.000000e+00
      outer loop
         vertex -2.191042e+01 -4.105566e+00 0.000000e+00
         vertex -2.179704e+01 -4.191805e+00 5.000000e+00
         vertex -2.191042e+01 -4.105566e+00 5.000000e+00
      endloop
   endfacet
   facet normal -4.190788e-01 -9.079499e-01 0.000000e+00
      outer loop
         vertex -2.179704e+01 -4.191805e+00 0.000000e+00
         vertex -2.166770e+01 -4.251503e+00 0.000000e+00
         vertex -2.166770e+01 -4.251503e+00 5.000000e+00
      endloop
   endfacet
   facet normal -4.190788e-01 -9.079499e-01 0.000000e+00
      outer loop
         vertex -2.179704e+01 -4.191805e+00 0.000000e+00
         vertex -2.166770e+01 -4.251503e+00 5.000000e+00
         vertex -2.179704e+01 -4.191805e+00 5.000000e+00
      endloop
   endfacet
   facet normal -7.343475e-01 -6.787737e-01 0.000000e+00
      outer loop
         vertex -2.196955e+01 -4.041593e+00 0.000000e+00
         vertex -2.191042e+01 -4.105566e+00 0.000000e+00
         vertex -2.191042e+01 -4.105566e+00 5.000000e+00
      endloop
   endfacet
   facet normal -7.343475e-01 -6.787737e-01 0.000000e+00
      outer loop
         vertex -2.196955e+01 -4.041593e+00 0.000000e+00
         vertex -2.191042e+01 -4.105566e+00 5.000000e+00
         vertex -2.196955e+01 -4.041593e+00 5.000000e+00
      endloop
   endfacet
   facet normal -8.283579e-01 -5.601993e-01 0.000000e+00
      outer loop
         vertex -2.201940e+01 -3.973536e+00 0.000000e+00
         vertex -2.199575e+01 -4.008500e+00 0.000000e+00
         vertex -2.199575e+01 -4.008500e+00 5.000000e+00
      endloop
   endfacet
   facet normal -8.283579e-01 -5.601993e-01 0.000000e+00
      outer loop
         vertex -2.201940e+01 -3.973536e+00 0.000000e+00
         vertex -2.199575e+01 -4.008500e+00 5.000000e+00
         vertex -2.201940e+01 -3.973536e+00 5.000000e+00
      endloop
   endfacet
   facet normal -7.840197e-01 -6.207359e-01 0.000000e+00
      outer loop
         vertex -2.199575e+01 -4.008500e+00 0.000000e+00
         vertex -2.196955e+01 -4.041593e+00 0.000000e+00
         vertex -2.196955e+01 -4.041593e+00 5.000000e+00
      endloop
   endfacet
   facet normal -7.840197e-01 -6.207359e-01 0.000000e+00
      outer loop
         vertex -2.199575e+01 -4.008500e+00 0.000000e+00
         vertex -2.196955e+01 -4.041593e+00 5.000000e+00
         vertex -2.199575e+01 -4.008500e+00 5.000000e+00
      endloop
   endfacet
   facet normal -9.057339e-01 -4.238468e-01 0.000000e+00
      outer loop
         vertex -2.205592e+01 -3.902945e+00 0.000000e+00
         vertex -2.203907e+01 -3.938968e+00 0.000000e+00
         vertex -2.203907e+01 -3.938968e+00 5.000000e+00
      endloop
   endfacet
   facet normal -9.057339e-01 -4.238468e-01 0.000000e+00
      outer loop
         vertex -2.205592e+01 -3.902945e+00 0.000000e+00
         vertex -2.203907e+01 -3.938968e+00 5.000000e+00
         vertex -2.205592e+01 -3.902945e+00 5.000000e+00
      endloop
   endfacet
   facet normal -8.691551e-01 -4.945396e-01 0.000000e+00
      outer loop
         vertex -2.203907e+01 -3.938968e+00 0.000000e+00
         vertex -2.201940e+01 -3.973536e+00 0.000000e+00
         vertex -2.201940e+01 -3.973536e+00 5.000000e+00
      endloop
   endfacet
   facet normal -8.691551e-01 -4.945396e-01 0.000000e+00
      outer loop
         vertex -2.203907e+01 -3.938968e+00 0.000000e+00
         vertex -2.201940e+01 -3.973536e+00 5.000000e+00
         vertex -2.203907e+01 -3.938968e+00 5.000000e+00
      endloop
   endfacet
   facet normal -9.618478e-01 -2.735852e-01 0.000000e+00
      outer loop
         vertex -2.208072e+01 -3.827458e+00 0.000000e+00
         vertex -2.206984e+01 -3.865701e+00 0.000000e+00
         vertex -2.206984e+01 -3.865701e+00 5.000000e+00
      endloop
   endfacet
   facet normal -9.618478e-01 -2.735852e-01 0.000000e+00
      outer loop
         vertex -2.208072e+01 -3.827458e+00 0.000000e+00
         vertex -2.206984e+01 -3.865701e+00 5.000000e+00
         vertex -2.208072e+01 -3.827458e+00 5.000000e+00
      endloop
   endfacet
   facet normal -9.367312e-01 -3.500494e-01 0.000000e+00
      outer loop
         vertex -2.206984e+01 -3.865701e+00 0.000000e+00
         vertex -2.205592e+01 -3.902945e+00 0.000000e+00
         vertex -2.205592e+01 -3.902945e+00 5.000000e+00
      endloop
   endfacet
   facet normal -9.367312e-01 -3.500494e-01 0.000000e+00
      outer loop
         vertex -2.206984e+01 -3.865701e+00 0.000000e+00
         vertex -2.205592e+01 -3.902945e+00 5.000000e+00
         vertex -2.206984e+01 -3.865701e+00 5.000000e+00
      endloop
   endfacet
   facet normal -9.926949e-01 -1.206520e-01 0.000000e+00
      outer loop
         vertex -2.209386e+01 -3.745797e+00 0.000000e+00
         vertex -2.208887e+01 -3.786882e+00 0.000000e+00
         vertex -2.208887e+01 -3.786882e+00 5.000000e+00
      endloop
   endfacet
   facet normal -9.926949e-01 -1.206520e-01 0.000000e+00
      outer loop
         vertex -2.209386e+01 -3.745797e+00 0.000000e+00
         vertex -2.208887e+01 -3.786882e+00 5.000000e+00
         vertex -2.209386e+01 -3.745797e+00 5.000000e+00
      endloop
   endfacet
   facet normal -9.804097e-01 -1.969691e-01 0.000000e+00
      outer loop
         vertex -2.208887e+01 -3.786882e+00 0.000000e+00
         vertex -2.208072e+01 -3.827458e+00 0.000000e+00
         vertex -2.208072e+01 -3.827458e+00 5.000000e+00
      endloop
   endfacet
   facet normal -9.804097e-01 -1.969691e-01 0.000000e+00
      outer loop
         vertex -2.208887e+01 -3.786882e+00 0.000000e+00
         vertex -2.208072e+01 -3.827458e+00 5.000000e+00
         vertex -2.208887e+01 -3.786882e+00 5.000000e+00
      endloop
   endfacet
   facet normal -9.977570e-01 6.694066e-02 0.000000e+00
      outer loop
         vertex -2.208291e+01 -3.582500e+00 0.000000e+00
         vertex -2.209386e+01 -3.745797e+00 0.000000e+00
         vertex -2.209386e+01 -3.745797e+00 5.000000e+00
      endloop
   endfacet
   facet normal -9.977570e-01 6.694066e-02 0.000000e+00
      outer loop
         vertex -2.208291e+01 -3.582500e+00 0.000000e+00
         vertex -2.209386e+01 -3.745797e+00 5.000000e+00
         vertex -2.208291e+01 -3.582500e+00 5.000000e+00
      endloop
   endfacet
   facet normal -9.765322e-01 2.153715e-01 0.000000e+00
      outer loop
         vertex -2.206116e+01 -3.483901e+00 0.000000e+00
         vertex -2.208291e+01 -3.582500e+00 0.000000e+00
         vertex -2.208291e+01 -3.582500e+00 5.000000e+00
      endloop
   endfacet
   facet normal -9.765322e-01 2.153715e-01 0.000000e+00
      outer loop
         vertex -2.206116e+01 -3.483901e+00 0.000000e+00
         vertex -2.208291e+01 -3.582500e+00 5.000000e+00
         vertex -2.206116e+01 -3.483901e+00 5.000000e+00
      endloop
   endfacet
   facet normal -9.256866e-01 3.782912e-01 0.000000e+00
      outer loop
         vertex -2.202214e+01 -3.388403e+00 0.000000e+00
         vertex -2.206116e+01 -3.483901e+00 0.000000e+00
         vertex -2.206116e+01 -3.483901e+00 5.000000e+00
      endloop
   endfacet
   facet normal -9.256866e-01 3.782912e-01 0.000000e+00
      outer loop
         vertex -2.202214e+01 -3.388403e+00 0.000000e+00
         vertex -2.206116e+01 -3.483901e+00 5.000000e+00
         vertex -2.202214e+01 -3.388403e+00 5.000000e+00
      endloop
   endfacet
   facet normal -9.257197e-01 3.782104e-01 0.000000e+00
      outer loop
         vertex -2.189625e+01 -3.080287e+00 0.000000e+00
         vertex -2.202214e+01 -3.388403e+00 0.000000e+00
         vertex -2.202214e+01 -3.388403e+00 5.000000e+00
      endloop
   endfacet
   facet normal -9.257197e-01 3.782104e-01 0.000000e+00
      outer loop
         vertex -2.189625e+01 -3.080287e+00 0.000000e+00
         vertex -2.202214e+01 -3.388403e+00 5.000000e+00
         vertex -2.189625e+01 -3.080287e+00 5.000000e+00
      endloop
   endfacet
   facet normal -8.604399e-01 5.095520e-01 0.000000e+00
      outer loop
         vertex -2.178446e+01 -2.868531e+00 0.000000e+00
         vertex -2.184554e+01 -2.971673e+00 0.000000e+00
         vertex -2.184554e+01 -2.971673e+00 5.000000e+00
      endloop
   endfacet
   facet normal -8.604399e-01 5.095520e-01 0.000000e+00
      outer loop
         vertex -2.178446e+01 -2.868531e+00 0.000000e+00
         vertex -2.184554e+01 -2.971673e+00 5.000000e+00
         vertex -2.178446e+01 -2.868531e+00 5.000000e+00
      endloop
   endfacet
   facet normal -9.060944e-01 4.230756e-01 0.000000e+00
      outer loop
         vertex -2.184554e+01 -2.971673e+00 0.000000e+00
         vertex -2.189625e+01 -3.080287e+00 0.000000e+00
         vertex -2.189625e+01 -3.080287e+00 5.000000e+00
      endloop
   endfacet
   facet normal -9.060944e-01 4.230756e-01 0.000000e+00
      outer loop
         vertex -2.184554e+01 -2.971673e+00 0.000000e+00
         vertex -2.189625e+01 -3.080287e+00 5.000000e+00
         vertex -2.184554e+01 -2.971673e+00 5.000000e+00
      endloop
   endfacet
   facet normal -7.448328e-01 6.672511e-01 0.000000e+00
      outer loop
         vertex -2.163384e+01 -2.682854e+00 0.000000e+00
         vertex -2.171370e+01 -2.772001e+00 0.000000e+00
         vertex -2.171370e+01 -2.772001e+00 5.000000e+00
      endloop
   endfacet
   facet normal -7.448328e-01 6.672511e-01 0.000000e+00
      outer loop
         vertex -2.163384e+01 -2.682854e+00 0.000000e+00
         vertex -2.171370e+01 -2.772001e+00 5.000000e+00
         vertex -2.163384e+01 -2.682854e+00 5.000000e+00
      endloop
   endfacet
   facet normal -8.065314e-01 5.911913e-01 0.000000e+00
      outer loop
         vertex -2.171370e+01 -2.772001e+00 0.000000e+00
         vertex -2.178446e+01 -2.868531e+00 0.000000e+00
         vertex -2.178446e+01 -2.868531e+00 5.000000e+00
      endloop
   endfacet
   facet normal -8.065314e-01 5.911913e-01 0.000000e+00
      outer loop
         vertex -2.171370e+01 -2.772001e+00 0.000000e+00
         vertex -2.178446e+01 -2.868531e+00 5.000000e+00
         vertex -2.171370e+01 -2.772001e+00 5.000000e+00
      endloop
   endfacet
   facet normal -6.191506e-01 7.852723e-01 0.000000e+00
      outer loop
         vertex -2.145129e+01 -2.526303e+00 0.000000e+00
         vertex -2.154579e+01 -2.600815e+00 0.000000e+00
         vertex -2.154579e+01 -2.600815e+00 5.000000e+00
      endloop
   endfacet
   facet normal -6.191506e-01 7.852723e-01 0.000000e+00
      outer loop
         vertex -2.145129e+01 -2.526303e+00 0.000000e+00
         vertex -2.154579e+01 -2.600815e+00 5.000000e+00
         vertex -2.145129e+01 -2.526303e+00 5.000000e+00
      endloop
   endfacet
   facet normal -6.816989e-01 7.316328e-01 0.000000e+00
      outer loop
         vertex -2.154579e+01 -2.600815e+00 0.000000e+00
         vertex -2.163384e+01 -2.682854e+00 0.000000e+00
         vertex -2.163384e+01 -2.682854e+00 5.000000e+00
      endloop
   endfacet
   facet normal -6.816989e-01 7.316328e-01 0.000000e+00
      outer loop
         vertex -2.154579e+01 -2.600815e+00 0.000000e+00
         vertex -2.163384e+01 -2.682854e+00 5.000000e+00
         vertex -2.154579e+01 -2.600815e+00 5.000000e+00
      endloop
   endfacet
   facet normal -5.067589e-01 8.620878e-01 0.000000e+00
      outer loop
         vertex -2.118680e+01 -2.359339e+00 0.000000e+00
         vertex -2.132169e+01 -2.438631e+00 0.000000e+00
         vertex -2.132169e+01 -2.438631e+00 5.000000e+00
      endloop
   endfacet
   facet normal -5.067589e-01 8.620878e-01 0.000000e+00
      outer loop
         vertex -2.118680e+01 -2.359339e+00 0.000000e+00
         vertex -2.132169e+01 -2.438631e+00 5.000000e+00
         vertex -2.118680e+01 -2.359339e+00 5.000000e+00
      endloop
   endfacet
   facet normal -5.603150e-01 8.282796e-01 0.000000e+00
      outer loop
         vertex -2.132169e+01 -2.438631e+00 0.000000e+00
         vertex -2.145129e+01 -2.526303e+00 0.000000e+00
         vertex -2.145129e+01 -2.526303e+00 5.000000e+00
      endloop
   endfacet
   facet normal -5.603150e-01 8.282796e-01 0.000000e+00
      outer loop
         vertex -2.132169e+01 -2.438631e+00 0.000000e+00
         vertex -2.145129e+01 -2.526303e+00 5.000000e+00
         vertex -2.132169e+01 -2.438631e+00 5.000000e+00
      endloop
   endfacet
   facet normal -6.920540e-01 -7.218457e-01 0.000000e+00
      outer loop
         vertex -2.136770e+01 -2.217016e+00 0.000000e+00
         vertex -2.128423e+01 -2.297046e+00 0.000000e+00
         vertex -2.128423e+01 -2.297046e+00 5.000000e+00
      endloop
   endfacet
   facet normal -6.920540e-01 -7.218457e-01 0.000000e+00
      outer loop
         vertex -2.136770e+01 -2.217016e+00 0.000000e+00
         vertex -2.128423e+01 -2.297046e+00 5.000000e+00
         vertex -2.136770e+01 -2.217016e+00 5.000000e+00
      endloop
   endfacet
   facet normal -5.386856e-01 -8.425068e-01 0.000000e+00
      outer loop
         vertex -2.128423e+01 -2.297046e+00 0.000000e+00
         vertex -2.118680e+01 -2.359339e+00 0.000000e+00
         vertex -2.118680e+01 -2.359339e+00 5.000000e+00
      endloop
   endfacet
   facet normal -5.386856e-01 -8.425068e-01 0.000000e+00
      outer loop
         vertex -2.128423e+01 -2.297046e+00 0.000000e+00
         vertex -2.118680e+01 -2.359339e+00 5.000000e+00
         vertex -2.128423e+01 -2.297046e+00 5.000000e+00
      endloop
   endfacet
   facet normal -9.155450e-01 -4.022154e-01 0.000000e+00
      outer loop
         vertex -2.147991e+01 -2.017448e+00 0.000000e+00
         vertex -2.143364e+01 -2.122762e+00 0.000000e+00
         vertex -2.143364e+01 -2.122762e+00 5.000000e+00
      endloop
   endfacet
   facet normal -9.155450e-01 -4.022154e-01 0.000000e+00
      outer loop
         vertex -2.147991e+01 -2.017448e+00 0.000000e+00
         vertex -2.143364e+01 -2.122762e+00 5.000000e+00
         vertex -2.147991e+01 -2.017448e+00 5.000000e+00
      endloop
   endfacet
   facet normal -8.193886e-01 -5.732385e-01 0.000000e+00
      outer loop
         vertex -2.143364e+01 -2.122762e+00 0.000000e+00
         vertex -2.136770e+01 -2.217016e+00 0.000000e+00
         vertex -2.136770e+01 -2.217016e+00 5.000000e+00
      endloop
   endfacet
   facet normal -8.193886e-01 -5.732385e-01 0.000000e+00
      outer loop
         vertex -2.143364e+01 -2.122762e+00 0.000000e+00
         vertex -2.136770e+01 -2.217016e+00 5.000000e+00
         vertex -2.143364e+01 -2.122762e+00 5.000000e+00
      endloop
   endfacet
   facet normal -9.992261e-01 -3.933454e-02 0.000000e+00
      outer loop
         vertex -2.151023e+01 -1.788063e+00 0.000000e+00
         vertex -2.150566e+01 -1.904156e+00 0.000000e+00
         vertex -2.150566e+01 -1.904156e+00 5.000000e+00
      endloop
   endfacet
   facet normal -9.992261e-01 -3.933454e-02 0.000000e+00
      outer loop
         vertex -2.151023e+01 -1.788063e+00 0.000000e+00
         vertex -2.150566e+01 -1.904156e+00 5.000000e+00
         vertex -2.151023e+01 -1.788063e+00 5.000000e+00
      endloop
   endfacet
   facet normal -9.751131e-01 -2.217078e-01 0.000000e+00
      outer loop
         vertex -2.150566e+01 -1.904156e+00 0.000000e+00
         vertex -2.147991e+01 -2.017448e+00 0.000000e+00
         vertex -2.147991e+01 -2.017448e+00 5.000000e+00
      endloop
   endfacet
   facet normal -9.751131e-01 -2.217078e-01 0.000000e+00
      outer loop
         vertex -2.150566e+01 -1.904156e+00 0.000000e+00
         vertex -2.147991e+01 -2.017448e+00 5.000000e+00
         vertex -2.150566e+01 -1.904156e+00 5.000000e+00
      endloop
   endfacet
   facet normal -9.541213e-01 2.994204e-01 0.000000e+00
      outer loop
         vertex -2.145469e+01 -1.540040e+00 0.000000e+00
         vertex -2.149287e+01 -1.661720e+00 0.000000e+00
         vertex -2.149287e+01 -1.661720e+00 5.000000e+00
      endloop
   endfacet
   facet normal -9.541213e-01 2.994204e-01 0.000000e+00
      outer loop
         vertex -2.145469e+01 -1.540040e+00 0.000000e+00
         vertex -2.149287e+01 -1.661720e+00 5.000000e+00
         vertex -2.145469e+01 -1.540040e+00 5.000000e+00
      endloop
   endfacet
   facet normal -9.906910e-01 1.361296e-01 0.000000e+00
      outer loop
         vertex -2.149287e+01 -1.661720e+00 0.000000e+00
         vertex -2.151023e+01 -1.788063e+00 0.000000e+00
         vertex -2.151023e+01 -1.788063e+00 5.000000e+00
      endloop
   endfacet
   facet normal -9.906910e-01 1.361296e-01 0.000000e+00
      outer loop
         vertex -2.149287e+01 -1.661720e+00 0.000000e+00
         vertex -2.151023e+01 -1.788063e+00 5.000000e+00
         vertex -2.149287e+01 -1.661720e+00 5.000000e+00
      endloop
   endfacet
   facet normal -9.256964e-01 3.782674e-01 0.000000e+00
      outer loop
         vertex -2.120296e+01 -9.240159e-01 0.000000e+00
         vertex -2.145469e+01 -1.540040e+00 0.000000e+00
         vertex -2.145469e+01 -1.540040e+00 5.000000e+00
      endloop
   endfacet
   facet normal -9.256964e-01 3.782674e-01 0.000000e+00
      outer loop
         vertex -2.120296e+01 -9.240159e-01 0.000000e+00
         vertex -2.145469e+01 -1.540040e+00 5.000000e+00
         vertex -2.120296e+01 -9.240159e-01 5.000000e+00
      endloop
   endfacet
   facet normal -7.872735e-01 6.166040e-01 0.000000e+00
      outer loop
         vertex -2.099581e+01 -6.024423e-01 0.000000e+00
         vertex -2.111424e+01 -7.536587e-01 0.000000e+00
         vertex -2.111424e+01 -7.536587e-01 5.000000e+00
      endloop
   endfacet
   facet normal -7.872735e-01 6.166040e-01 0.000000e+00
      outer loop
         vertex -2.099581e+01 -6.024423e-01 0.000000e+00
         vertex -2.111424e+01 -7.536587e-01 5.000000e+00
         vertex -2.099581e+01 -6.024423e-01 5.000000e+00
      endloop
   endfacet
   facet normal -8.869299e-01 4.619041e-01 0.000000e+00
      outer loop
         vertex -2.111424e+01 -7.536587e-01 0.000000e+00
         vertex -2.120296e+01 -9.240159e-01 0.000000e+00
         vertex -2.120296e+01 -9.240159e-01 5.000000e+00
      endloop
   endfacet
   facet normal -8.869299e-01 4.619041e-01 0.000000e+00
      outer loop
         vertex -2.111424e+01 -7.536587e-01 0.000000e+00
         vertex -2.120296e+01 -9.240159e-01 5.000000e+00
         vertex -2.111424e+01 -7.536587e-01 5.000000e+00
      endloop
   endfacet
   facet normal -5.734501e-01 8.192405e-01 0.000000e+00
      outer loop
         vertex -2.059244e+01 -2.772131e-01 0.000000e+00
         vertex -2.080517e+01 -4.261236e-01 0.000000e+00
         vertex -2.080517e+01 -4.261236e-01 5.000000e+00
      endloop
   endfacet
   facet normal -5.734501e-01 8.192405e-01 0.000000e+00
      outer loop
         vertex -2.059244e+01 -2.772131e-01 0.000000e+00
         vertex -2.080517e+01 -4.261236e-01 5.000000e+00
         vertex -2.059244e+01 -2.772131e-01 5.000000e+00
      endloop
   endfacet
   facet normal -6.790017e-01 7.341367e-01 0.000000e+00
      outer loop
         vertex -2.080517e+01 -4.261236e-01 0.000000e+00
         vertex -2.099581e+01 -6.024423e-01 0.000000e+00
         vertex -2.099581e+01 -6.024423e-01 5.000000e+00
      endloop
   endfacet
   facet normal -6.790017e-01 7.341367e-01 0.000000e+00
      outer loop
         vertex -2.080517e+01 -4.261236e-01 0.000000e+00
         vertex -2.099581e+01 -6.024423e-01 5.000000e+00
         vertex -2.080517e+01 -4.261236e-01 5.000000e+00
      endloop
   endfacet
   facet normal -3.562115e-01 9.344054e-01 0.000000e+00
      outer loop
         vertex -2.011567e+01 -6.214924e-02 0.000000e+00
         vertex -2.036047e+01 -1.554678e-01 0.000000e+00
         vertex -2.036047e+01 -1.554678e-01 5.000000e+00
      endloop
   endfacet
   facet normal -3.562115e-01 9.344054e-01 0.000000e+00
      outer loop
         vertex -2.011567e+01 -6.214924e-02 0.000000e+00
         vertex -2.036047e+01 -1.554678e-01 5.000000e+00
         vertex -2.011567e+01 -6.214924e-02 5.000000e+00
      endloop
   endfacet
   facet normal -4.647176e-01 8.854590e-01 0.000000e+00
      outer loop
         vertex -2.036047e+01 -1.554678e-01 0.000000e+00
         vertex -2.059244e+01 -2.772131e-01 0.000000e+00
         vertex -2.059244e+01 -2.772131e-01 5.000000e+00
      endloop
   endfacet
   facet normal -4.647176e-01 8.854590e-01 0.000000e+00
      outer loop
         vertex -2.036047e+01 -1.554678e-01 0.000000e+00
         vertex -2.059244e+01 -2.772131e-01 5.000000e+00
         vertex -2.036047e+01 -1.554678e-01 5.000000e+00
      endloop
   endfacet
   facet normal -7.609002e-02 9.971010e-01 0.000000e+00
      outer loop
         vertex -1.971084e+01 2.442491e-15 0.000000e+00
         vertex -1.991563e+01 -1.562779e-02 0.000000e+00
         vertex -1.991563e+01 -1.562779e-02 5.000000e+00
      endloop
   endfacet
   facet normal -7.609002e-02 9.971010e-01 0.000000e+00
      outer loop
         vertex -1.971084e+01 2.442491e-15 0.000000e+00
         vertex -1.991563e+01 -1.562779e-02 5.000000e+00
         vertex -1.971084e+01 2.442491e-15 5.000000e+00
      endloop
   endfacet
   facet normal -2.265068e-01 9.740096e-01 0.000000e+00
      outer loop
         vertex -1.991563e+01 -1.562779e-02 0.000000e+00
         vertex -2.011567e+01 -6.214924e-02 0.000000e+00
         vertex -2.011567e+01 -6.214924e-02 5.000000e+00
      endloop
   endfacet
   facet normal -2.265068e-01 9.740096e-01 0.000000e+00
      outer loop
         vertex -1.991563e+01 -1.562779e-02 0.000000e+00
         vertex -2.011567e+01 -6.214924e-02 5.000000e+00
         vertex -1.991563e+01 -1.562779e-02 5.000000e+00
      endloop
   endfacet
   facet normal 1.224646e-16 1.000000e+00 -0.000000e+00
      outer loop
         vertex -1.841492e+01 2.255177e-15 0.000000e+00
         vertex -1.971084e+01 2.413881e-15 0.000000e+00
         vertex -1.971084e+01 2.413881e-15 5.000000e+00
      endloop
   endfacet
   facet normal 1.224646e-16 1.000000e+00 0.000000e+00
      outer loop
         vertex -1.841492e+01 2.255177e-15 0.000000e+00
         vertex -1.971084e+01 2.413881e-15 5.000000e+00
         vertex -1.841492e+01 2.255177e-15 5.000000e+00
      endloop
   endfacet
   facet normal 1.817583e-01 9.833432e-01 -0.000000e+00
      outer loop
         vertex -1.833926e+01 -9.264722e-03 0.000000e+00
         vertex -1.837680e+01 -2.324799e-03 0.000000e+00
         vertex -1.837680e+01 -2.324799e-03 5.000000e+00
      endloop
   endfacet
   facet normal 1.817583e-01 9.833432e-01 0.000000e+00
      outer loop
         vertex -1.833926e+01 -9.264722e-03 0.000000e+00
         vertex -1.837680e+01 -2.324799e-03 5.000000e+00
         vertex -1.833926e+01 -9.264722e-03 5.000000e+00
      endloop
   endfacet
   facet normal 6.088494e-02 9.981448e-01 -0.000000e+00
      outer loop
         vertex -1.837680e+01 -2.324799e-03 0.000000e+00
         vertex -1.841492e+01 2.220446e-15 0.000000e+00
         vertex -1.841492e+01 2.220446e-15 5.000000e+00
      endloop
   endfacet
   facet normal 6.088494e-02 9.981448e-01 0.000000e+00
      outer loop
         vertex -1.837680e+01 -2.324799e-03 0.000000e+00
         vertex -1.841492e+01 2.220446e-15 5.000000e+00
         vertex -1.837680e+01 -2.324799e-03 5.000000e+00
      endloop
   endfacet
   facet normal 6.941467e-01 7.198335e-01 -0.000000e+00
      outer loop
         vertex -1.829422e+01 -3.564619e-02 0.000000e+00
         vertex -1.830209e+01 -2.805177e-02 0.000000e+00
         vertex -1.830209e+01 -2.805177e-02 5.000000e+00
      endloop
   endfacet
   facet normal 6.941467e-01 7.198335e-01 0.000000e+00
      outer loop
         vertex -1.829422e+01 -3.564619e-02 0.000000e+00
         vertex -1.830209e+01 -2.805177e-02 5.000000e+00
         vertex -1.829422e+01 -3.564619e-02 5.000000e+00
      endloop
   endfacet
   facet normal 1.224646e-16 1.000000e+00 -0.000000e+00
      outer loop
         vertex -7.967596e+00 9.757491e-16 0.000000e+00
         vertex -8.889834e+00 1.088691e-15 0.000000e+00
         vertex -8.889834e+00 1.088691e-15 5.000000e+00
      endloop
   endfacet
   facet normal 1.224646e-16 1.000000e+00 0.000000e+00
      outer loop
         vertex -7.967596e+00 9.757491e-16 0.000000e+00
         vertex -8.889834e+00 1.088691e-15 5.000000e+00
         vertex -7.967596e+00 9.757491e-16 5.000000e+00
      endloop
   endfacet
   facet normal -7.566051e-02 9.971336e-01 0.000000e+00
      outer loop
         vertex -8.889834e+00 1.110223e-15 0.000000e+00
         vertex -8.932701e+00 -3.252640e-03 0.000000e+00
         vertex -8.932701e+00 -3.252640e-03 5.000000e+00
      endloop
   endfacet
   facet normal -7.566051e-02 9.971336e-01 0.000000e+00
      outer loop
         vertex -8.889834e+00 1.110223e-15 0.000000e+00
         vertex -8.932701e+00 -3.252640e-03 5.000000e+00
         vertex -8.889834e+00 1.110223e-15 5.000000e+00
      endloop
   endfacet
   facet normal -2.252479e-01 9.743015e-01 0.000000e+00
      outer loop
         vertex -8.932701e+00 -3.252640e-03 0.000000e+00
         vertex -8.974586e+00 -1.293608e-02 0.000000e+00
         vertex -8.974586e+00 -1.293608e-02 5.000000e+00
      endloop
   endfacet
   facet normal -2.252479e-01 9.743015e-01 0.000000e+00
      outer loop
         vertex -8.932701e+00 -3.252640e-03 0.000000e+00
         vertex -8.974586e+00 -1.293608e-02 5.000000e+00
         vertex -8.932701e+00 -3.252640e-03 5.000000e+00
      endloop
   endfacet
   facet normal -3.738904e-01 9.274729e-01 0.000000e+00
      outer loop
         vertex -8.974586e+00 -1.293608e-02 0.000000e+00
         vertex -9.012235e+00 -2.811313e-02 0.000000e+00
         vertex -9.012235e+00 -2.811313e-02 5.000000e+00
      endloop
   endfacet
   facet normal -3.738904e-01 9.274729e-01 0.000000e+00
      outer loop
         vertex -8.974586e+00 -1.293608e-02 0.000000e+00
         vertex -9.012235e+00 -2.811313e-02 5.000000e+00
         vertex -8.974586e+00 -1.293608e-02 5.000000e+00
      endloop
   endfacet
   facet normal -5.173481e-01 8.557750e-01 0.000000e+00
      outer loop
         vertex -9.012235e+00 -2.811313e-02 0.000000e+00
         vertex -9.046972e+00 -4.911330e-02 0.000000e+00
         vertex -9.046972e+00 -4.911330e-02 5.000000e+00
      endloop
   endfacet
   facet normal -5.173481e-01 8.557750e-01 0.000000e+00
      outer loop
         vertex -9.012235e+00 -2.811313e-02 0.000000e+00
         vertex -9.046972e+00 -4.911330e-02 5.000000e+00
         vertex -9.012235e+00 -2.811313e-02 5.000000e+00
      endloop
   endfacet
   facet normal -6.301243e-01 7.764943e-01 0.000000e+00
      outer loop
         vertex -9.046972e+00 -4.911330e-02 0.000000e+00
         vertex -9.078820e+00 -7.495788e-02 0.000000e+00
         vertex -9.078820e+00 -7.495788e-02 5.000000e+00
      endloop
   endfacet
   facet normal -6.301243e-01 7.764943e-01 0.000000e+00
      outer loop
         vertex -9.046972e+00 -4.911330e-02 0.000000e+00
         vertex -9.078820e+00 -7.495788e-02 5.000000e+00
         vertex -9.046972e+00 -4.911330e-02 5.000000e+00
      endloop
   endfacet
   facet normal -7.153283e-01 6.987886e-01 0.000000e+00
      outer loop
         vertex -9.078820e+00 -7.495788e-02 0.000000e+00
         vertex -9.107481e+00 -1.042970e-01 0.000000e+00
         vertex -9.107481e+00 -1.042970e-01 5.000000e+00
      endloop
   endfacet
   facet normal -7.153283e-01 6.987886e-01 0.000000e+00
      outer loop
         vertex -9.078820e+00 -7.495788e-02 0.000000e+00
         vertex -9.107481e+00 -1.042970e-01 5.000000e+00
         vertex -9.078820e+00 -7.495788e-02 5.000000e+00
      endloop
   endfacet
   facet normal -8.056605e-01 5.923775e-01 0.000000e+00
      outer loop
         vertex -9.107481e+00 -1.042970e-01 0.000000e+00
         vertex -9.124640e+00 -1.276334e-01 0.000000e+00
         vertex -9.124640e+00 -1.276334e-01 5.000000e+00
      endloop
   endfacet
   facet normal -8.056605e-01 5.923775e-01 0.000000e+00
      outer loop
         vertex -9.107481e+00 -1.042970e-01 0.000000e+00
         vertex -9.124640e+00 -1.276334e-01 5.000000e+00
         vertex -9.107481e+00 -1.042970e-01 5.000000e+00
      endloop
   endfacet
   facet normal -8.915738e-01 4.528754e-01 0.000000e+00
      outer loop
         vertex -9.124640e+00 -1.276334e-01 0.000000e+00
         vertex -9.137757e+00 -1.534583e-01 0.000000e+00
         vertex -9.137757e+00 -1.534583e-01 5.000000e+00
      endloop
   endfacet
   facet normal -8.915738e-01 4.528754e-01 0.000000e+00
      outer loop
         vertex -9.124640e+00 -1.276334e-01 0.000000e+00
         vertex -9.137757e+00 -1.534583e-01 5.000000e+00
         vertex -9.124640e+00 -1.276334e-01 5.000000e+00
      endloop
   endfacet
   facet normal -9.800577e-01 1.987133e-01 0.000000e+00
      outer loop
         vertex -9.137757e+00 -1.534583e-01 0.000000e+00
         vertex -9.146000e+00 -1.941110e-01 0.000000e+00
         vertex -9.146000e+00 -1.941110e-01 5.000000e+00
      endloop
   endfacet
   facet normal -9.800577e-01 1.987133e-01 0.000000e+00
      outer loop
         vertex -9.137757e+00 -1.534583e-01 0.000000e+00
         vertex -9.146000e+00 -1.941110e-01 5.000000e+00
         vertex -9.137757e+00 -1.534583e-01 5.000000e+00
      endloop
   endfacet
   facet normal -9.315443e-01 -3.636278e-01 0.000000e+00
      outer loop
         vertex -9.146000e+00 -1.941110e-01 0.000000e+00
         vertex -9.121138e+00 -2.578034e-01 0.000000e+00
         vertex -9.121138e+00 -2.578034e-01 5.000000e+00
      endloop
   endfacet
   facet normal -9.315443e-01 -3.636278e-01 0.000000e+00
      outer loop
         vertex -9.146000e+00 -1.941110e-01 0.000000e+00
         vertex -9.121138e+00 -2.578034e-01 5.000000e+00
         vertex -9.146000e+00 -1.941110e-01 5.000000e+00
      endloop
   endfacet
   facet normal -7.049444e-01 -7.092626e-01 0.000000e+00
      outer loop
         vertex -9.121138e+00 -2.578034e-01 0.000000e+00
         vertex -9.098356e+00 -2.804461e-01 0.000000e+00
         vertex -9.098356e+00 -2.804461e-01 5.000000e+00
      endloop
   endfacet
   facet normal -7.049444e-01 -7.092626e-01 0.000000e+00
      outer loop
         vertex -9.121138e+00 -2.578034e-01 0.000000e+00
         vertex -9.098356e+00 -2.804461e-01 5.000000e+00
         vertex -9.121138e+00 -2.578034e-01 5.000000e+00
      endloop
   endfacet
   facet normal -3.035367e-01 -9.528197e-01 0.000000e+00
      outer loop
         vertex -9.098356e+00 -2.804461e-01 0.000000e+00
         vertex -9.015264e+00 -3.069167e-01 0.000000e+00
         vertex -9.015264e+00 -3.069167e-01 5.000000e+00
      endloop
   endfacet
   facet normal -3.035367e-01 -9.528197e-01 0.000000e+00
      outer loop
         vertex -9.098356e+00 -2.804461e-01 0.000000e+00
         vertex -9.015264e+00 -3.069167e-01 5.000000e+00
         vertex -9.098356e+00 -2.804461e-01 5.000000e+00
      endloop
   endfacet
   facet normal 0.000000e+00 -1.000000e+00 0.000000e+00
      outer loop
         vertex -9.015264e+00 -3.069167e-01 0.000000e+00
         vertex -8.093025e+00 -3.069167e-01 0.000000e+00
         vertex -8.093025e+00 -3.069167e-01 5.000000e+00
      endloop
   endfacet
   facet normal -0.000000e+00 -1.000000e+00 0.000000e+00
      outer loop
         vertex -9.015264e+00 -3.069167e-01 0.000000e+00
         vertex -8.093025e+00 -3.069167e-01 5.000000e+00
         vertex -9.015264e+00 -3.069167e-01 5.000000e+00
      endloop
   endfacet
   facet normal -1.598397e-02 -9.998722e-01 0.000000e+00
      outer loop
         vertex -8.093025e+00 -3.069167e-01 0.000000e+00
         vertex -8.061614e+00 -3.074188e-01 0.000000e+00
         vertex -8.061614e+00 -3.074188e-01 5.000000e+00
      endloop
   endfacet
   facet normal -1.598397e-02 -9.998722e-01 0.000000e+00
      outer loop
         vertex -8.093025e+00 -3.069167e-01 0.000000e+00
         vertex -8.061614e+00 -3.074188e-01 5.000000e+00
         vertex -8.093025e+00 -3.069167e-01 5.000000e+00
      endloop
   endfacet
   facet normal -4.793533e-02 -9.988504e-01 0.000000e+00
      outer loop
         vertex -8.061614e+00 -3.074188e-01 0.000000e+00
         vertex -8.030235e+00 -3.089247e-01 0.000000e+00
         vertex -8.030235e+00 -3.089247e-01 5.000000e+00
      endloop
   endfacet
   facet normal -4.793533e-02 -9.988504e-01 0.000000e+00
      outer loop
         vertex -8.061614e+00 -3.074188e-01 0.000000e+00
         vertex -8.030235e+00 -3.089247e-01 5.000000e+00
         vertex -8.061614e+00 -3.074188e-01 5.000000e+00
      endloop
   endfacet
   facet normal -8.161913e-02 -9.966636e-01 0.000000e+00
      outer loop
         vertex -8.030235e+00 -3.089247e-01 0.000000e+00
         vertex -8.002073e+00 -3.112309e-01 0.000000e+00
         vertex -8.002073e+00 -3.112309e-01 5.000000e+00
      endloop
   endfacet
   facet normal -8.161913e-02 -9.966636e-01 0.000000e+00
      outer loop
         vertex -8.030235e+00 -3.089247e-01 0.000000e+00
         vertex -8.002073e+00 -3.112309e-01 5.000000e+00
         vertex -8.030235e+00 -3.089247e-01 5.000000e+00
      endloop
   endfacet
   facet normal -1.169894e-01 -9.931332e-01 0.000000e+00
      outer loop
         vertex -8.002073e+00 -3.112309e-01 0.000000e+00
         vertex -7.974012e+00 -3.145365e-01 0.000000e+00
         vertex -7.974012e+00 -3.145365e-01 5.000000e+00
      endloop
   endfacet
   facet normal -1.169894e-01 -9.931332e-01 0.000000e+00
      outer loop
         vertex -8.002073e+00 -3.112309e-01 0.000000e+00
         vertex -7.974012e+00 -3.145365e-01 5.000000e+00
         vertex -8.002073e+00 -3.112309e-01 5.000000e+00
      endloop
   endfacet
   facet normal -2.200899e-01 -9.754796e-01 0.000000e+00
      outer loop
         vertex -7.974012e+00 -3.145365e-01 0.000000e+00
         vertex -7.871908e+00 -3.375734e-01 0.000000e+00
         vertex -7.871908e+00 -3.375734e-01 5.000000e+00
      endloop
   endfacet
   facet normal -2.200899e-01 -9.754796e-01 0.000000e+00
      outer loop
         vertex -7.974012e+00 -3.145365e-01 0.000000e+00
         vertex -7.871908e+00 -3.375734e-01 5.000000e+00
         vertex -7.974012e+00 -3.145365e-01 5.000000e+00
      endloop
   endfacet
   facet normal -3.854196e-01 -9.227414e-01 0.000000e+00
      outer loop
         vertex -7.871908e+00 -3.375734e-01 0.000000e+00
         vertex -7.775325e+00 -3.779153e-01 0.000000e+00
         vertex -7.775325e+00 -3.779153e-01 5.000000e+00
      endloop
   endfacet
   facet normal -3.854196e-01 -9.227414e-01 0.000000e+00
      outer loop
         vertex -7.871908e+00 -3.375734e-01 0.000000e+00
         vertex -7.775325e+00 -3.779153e-01 5.000000e+00
         vertex -7.871908e+00 -3.375734e-01 5.000000e+00
      endloop
   endfacet
   facet normal -5.538538e-01 -8.326140e-01 0.000000e+00
      outer loop
         vertex -7.775325e+00 -3.779153e-01 0.000000e+00
         vertex -7.702549e+00 -4.263260e-01 0.000000e+00
         vertex -7.702549e+00 -4.263260e-01 5.000000e+00
      endloop
   endfacet
   facet normal -5.538538e-01 -8.326140e-01 0.000000e+00
      outer loop
         vertex -7.775325e+00 -3.779153e-01 0.000000e+00
         vertex -7.702549e+00 -4.263260e-01 5.000000e+00
         vertex -7.775325e+00 -3.779153e-01 5.000000e+00
      endloop
   endfacet
   facet normal -7.144791e-01 -6.996568e-01 0.000000e+00
      outer loop
         vertex -7.702549e+00 -4.263260e-01 0.000000e+00
         vertex -7.641394e+00 -4.887764e-01 0.000000e+00
         vertex -7.641394e+00 -4.887764e-01 5.000000e+00
      endloop
   endfacet
   facet normal -7.144791e-01 -6.996568e-01 0.000000e+00
      outer loop
         vertex -7.702549e+00 -4.263260e-01 0.000000e+00
         vertex -7.641394e+00 -4.887764e-01 5.000000e+00
         vertex -7.702549e+00 -4.263260e-01 5.000000e+00
      endloop
   endfacet
   facet normal -8.593306e-01 -5.114205e-01 0.000000e+00
      outer loop
         vertex -7.641394e+00 -4.887764e-01 0.000000e+00
         vertex -7.585016e+00 -5.835071e-01 0.000000e+00
         vertex -7.585016e+00 -5.835071e-01 5.000000e+00
      endloop
   endfacet
   facet normal -8.593306e-01 -5.114205e-01 0.000000e+00
      outer loop
         vertex -7.641394e+00 -4.887764e-01 0.000000e+00
         vertex -7.585016e+00 -5.835071e-01 5.000000e+00
         vertex -7.641394e+00 -4.887764e-01 5.000000e+00
      endloop
   endfacet
   facet normal -9.600865e-01 -2.797032e-01 0.000000e+00
      outer loop
         vertex -7.585016e+00 -5.835071e-01 0.000000e+00
         vertex -7.563587e+00 -6.570628e-01 0.000000e+00
         vertex -7.563587e+00 -6.570628e-01 5.000000e+00
      endloop
   endfacet
   facet normal -9.600865e-01 -2.797032e-01 0.000000e+00
      outer loop
         vertex -7.585016e+00 -5.835071e-01 0.000000e+00
         vertex -7.563587e+00 -6.570628e-01 5.000000e+00
         vertex -7.585016e+00 -5.835071e-01 5.000000e+00
      endloop
   endfacet
   facet normal -9.979419e-01 -6.412515e-02 0.000000e+00
      outer loop
         vertex -7.563587e+00 -6.570628e-01 0.000000e+00
         vertex -7.558674e+00 -7.335186e-01 0.000000e+00
         vertex -7.558674e+00 -7.335186e-01 5.000000e+00
      endloop
   endfacet
   facet normal -9.979419e-01 -6.412515e-02 0.000000e+00
      outer loop
         vertex -7.563587e+00 -6.570628e-01 0.000000e+00
         vertex -7.558674e+00 -7.335186e-01 5.000000e+00
         vertex -7.563587e+00 -6.570628e-01 5.000000e+00
      endloop
   endfacet
   facet normal -9.914161e-01 1.307444e-01 0.000000e+00
      outer loop
         vertex -7.558674e+00 -7.335186e-01 0.000000e+00
         vertex -7.571431e+00 -8.302518e-01 0.000000e+00
         vertex -7.571431e+00 -8.302518e-01 5.000000e+00
      endloop
   endfacet
   facet normal -9.914161e-01 1.307444e-01 0.000000e+00
      outer loop
         vertex -7.558674e+00 -7.335186e-01 0.000000e+00
         vertex -7.571431e+00 -8.302518e-01 5.000000e+00
         vertex -7.558674e+00 -7.335186e-01 5.000000e+00
      endloop
   endfacet
   facet normal -9.546299e-01 2.977948e-01 0.000000e+00
      outer loop
         vertex -7.571431e+00 -8.302518e-01 0.000000e+00
         vertex -7.600487e+00 -9.233958e-01 0.000000e+00
         vertex -7.600487e+00 -9.233958e-01 5.000000e+00
      endloop
   endfacet
   facet normal -9.546299e-01 2.977948e-01 0.000000e+00
      outer loop
         vertex -7.571431e+00 -8.302518e-01 0.000000e+00
         vertex -7.600487e+00 -9.233958e-01 5.000000e+00
         vertex -7.571431e+00 -8.302518e-01 5.000000e+00
      endloop
   endfacet
   facet normal -9.256963e-01 3.782676e-01 0.000000e+00
      outer loop
         vertex -7.600487e+00 -9.233958e-01 0.000000e+00
         vertex -8.608135e+00 -3.389313e+00 0.000000e+00
         vertex -8.608135e+00 -3.389313e+00 5.000000e+00
      endloop
   endfacet
   facet normal -9.256963e-01 3.782676e-01 0.000000e+00
      outer loop
         vertex -7.600487e+00 -9.233958e-01 0.000000e+00
         vertex -8.608135e+00 -3.389313e+00 5.000000e+00
         vertex -7.600487e+00 -9.233958e-01 5.000000e+00
      endloop
   endfacet
   facet normal -8.892893e-01 4.573451e-01 0.000000e+00
      outer loop
         vertex -8.608135e+00 -3.389313e+00 0.000000e+00
         vertex -8.670496e+00 -3.510571e+00 0.000000e+00
         vertex -8.670496e+00 -3.510571e+00 5.000000e+00
      endloop
   endfacet
   facet normal -8.892893e-01 4.573451e-01 0.000000e+00
      outer loop
         vertex -8.608135e+00 -3.389313e+00 0.000000e+00
         vertex -8.670496e+00 -3.510571e+00 5.000000e+00
         vertex -8.608135e+00 -3.389313e+00 5.000000e+00
      endloop
   endfacet
   facet normal -7.965999e-01 6.045069e-01 0.000000e+00
      outer loop
         vertex -8.670496e+00 -3.510571e+00 0.000000e+00
         vertex -8.752923e+00 -3.619190e+00 0.000000e+00
         vertex -8.752923e+00 -3.619190e+00 5.000000e+00
      endloop
   endfacet
   facet normal -7.965999e-01 6.045069e-01 0.000000e+00
      outer loop
         vertex -8.670496e+00 -3.510571e+00 0.000000e+00
         vertex -8.752923e+00 -3.619190e+00 5.000000e+00
         vertex -8.670496e+00 -3.510571e+00 5.000000e+00
      endloop
   endfacet
   facet normal -6.908881e-01 7.229617e-01 0.000000e+00
      outer loop
         vertex -8.752923e+00 -3.619190e+00 0.000000e+00
         vertex -8.872008e+00 -3.732992e+00 0.000000e+00
         vertex -8.872008e+00 -3.732992e+00 5.000000e+00
      endloop
   endfacet
   facet normal -6.908881e-01 7.229617e-01 0.000000e+00
      outer loop
         vertex -8.752923e+00 -3.619190e+00 0.000000e+00
         vertex -8.872008e+00 -3.732992e+00 5.000000e+00
         vertex -8.752923e+00 -3.619190e+00 5.000000e+00
      endloop
   endfacet
   facet normal -5.801976e-01 8.144758e-01 0.000000e+00
      outer loop
         vertex -8.872008e+00 -3.732992e+00 0.000000e+00
         vertex -9.006168e+00 -3.828562e+00 0.000000e+00
         vertex -9.006168e+00 -3.828562e+00 5.000000e+00
      endloop
   endfacet
   facet normal -5.801976e-01 8.144758e-01 0.000000e+00
      outer loop
         vertex -8.872008e+00 -3.732992e+00 0.000000e+00
         vertex -9.006168e+00 -3.828562e+00 5.000000e+00
         vertex -8.872008e+00 -3.732992e+00 5.000000e+00
      endloop
   endfacet
   facet normal -4.638292e-01 8.859247e-01 0.000000e+00
      outer loop
         vertex -9.006168e+00 -3.828562e+00 0.000000e+00
         vertex -9.153296e+00 -3.905592e+00 0.000000e+00
         vertex -9.153296e+00 -3.905592e+00 5.000000e+00
      endloop
   endfacet
   facet normal -4.638292e-01 8.859247e-01 0.000000e+00
      outer loop
         vertex -9.006168e+00 -3.828562e+00 0.000000e+00
         vertex -9.153296e+00 -3.905592e+00 5.000000e+00
         vertex -9.006168e+00 -3.828562e+00 5.000000e+00
      endloop
   endfacet
   facet normal -3.454708e-01 9.384295e-01 0.000000e+00
      outer loop
         vertex -9.153296e+00 -3.905592e+00 0.000000e+00
         vertex -9.309144e+00 -3.962965e+00 0.000000e+00
         vertex -9.309144e+00 -3.962965e+00 5.000000e+00
      endloop
   endfacet
   facet normal -3.454708e-01 9.384295e-01 0.000000e+00
      outer loop
         vertex -9.153296e+00 -3.905592e+00 0.000000e+00
         vertex -9.309144e+00 -3.962965e+00 5.000000e+00
         vertex -9.153296e+00 -3.905592e+00 5.000000e+00
      endloop
   endfacet
   facet normal -2.142908e-01 9.767699e-01 0.000000e+00
      outer loop
         vertex -9.309144e+00 -3.962965e+00 0.000000e+00
         vertex -9.455297e+00 -3.995029e+00 0.000000e+00
         vertex -9.455297e+00 -3.995029e+00 5.000000e+00
      endloop
   endfacet
   facet normal -2.142908e-01 9.767699e-01 0.000000e+00
      outer loop
         vertex -9.309144e+00 -3.962965e+00 0.000000e+00
         vertex -9.455297e+00 -3.995029e+00 5.000000e+00
         vertex -9.309144e+00 -3.962965e+00 5.000000e+00
      endloop
   endfacet
   facet normal -7.192713e-02 9.974099e-01 0.000000e+00
      outer loop
         vertex -9.455297e+00 -3.995029e+00 0.000000e+00
         vertex -9.604540e+00 -4.005792e+00 0.000000e+00
         vertex -9.604540e+00 -4.005792e+00 5.000000e+00
      endloop
   endfacet
   facet normal -7.192713e-02 9.974099e-01 0.000000e+00
      outer loop
         vertex -9.455297e+00 -3.995029e+00 0.000000e+00
         vertex -9.604540e+00 -4.005792e+00 5.000000e+00
         vertex -9.455297e+00 -3.995029e+00 5.000000e+00
      endloop
   endfacet
   facet normal 0.000000e+00 1.000000e+00 0.000000e+00
      outer loop
         vertex -9.604540e+00 -4.005792e+00 0.000000e+00
         vertex -1.052678e+01 -4.005792e+00 0.000000e+00
         vertex -1.052678e+01 -4.005792e+00 5.000000e+00
      endloop
   endfacet
   facet normal -0.000000e+00 1.000000e+00 0.000000e+00
      outer loop
         vertex -9.604540e+00 -4.005792e+00 0.000000e+00
         vertex -1.052678e+01 -4.005792e+00 5.000000e+00
         vertex -9.604540e+00 -4.005792e+00 5.000000e+00
      endloop
   endfacet
   facet normal -7.565741e-02 9.971339e-01 0.000000e+00
      outer loop
         vertex -1.052678e+01 -4.005792e+00 0.000000e+00
         vertex -1.056964e+01 -4.009044e+00 0.000000e+00
         vertex -1.056964e+01 -4.009044e+00 5.000000e+00
      endloop
   endfacet
   facet normal -7.565741e-02 9.971339e-01 0.000000e+00
      outer loop
         vertex -1.052678e+01 -4.005792e+00 0.000000e+00
         vertex -1.056964e+01 -4.009044e+00 5.000000e+00
         vertex -1.052678e+01 -4.005792e+00 5.000000e+00
      endloop
   endfacet
   facet normal -2.252516e-01 9.743006e-01 0.000000e+00
      outer loop
         vertex -1.056964e+01 -4.009044e+00 0.000000e+00
         vertex -1.061153e+01 -4.018728e+00 0.000000e+00
         vertex -1.061153e+01 -4.018728e+00 5.000000e+00
      endloop
   endfacet
   facet normal -2.252516e-01 9.743006e-01 0.000000e+00
      outer loop
         vertex -1.056964e+01 -4.009044e+00 0.000000e+00
         vertex -1.061153e+01 -4.018728e+00 5.000000e+00
         vertex -1.056964e+01 -4.009044e+00 5.000000e+00
      endloop
   endfacet
   facet normal -3.738947e-01 9.274712e-01 0.000000e+00
      outer loop
         vertex -1.061153e+01 -4.018728e+00 0.000000e+00
         vertex -1.064918e+01 -4.033905e+00 0.000000e+00
         vertex -1.064918e+01 -4.033905e+00 5.000000e+00
      endloop
   endfacet
   facet normal -3.738947e-01 9.274712e-01 0.000000e+00
      outer loop
         vertex -1.061153e+01 -4.018728e+00 0.000000e+00
         vertex -1.064918e+01 -4.033905e+00 5.000000e+00
         vertex -1.061153e+01 -4.018728e+00 5.000000e+00
      endloop
   endfacet
   facet normal -5.173433e-01 8.557779e-01 0.000000e+00
      outer loop
         vertex -1.064918e+01 -4.033905e+00 0.000000e+00
         vertex -1.068392e+01 -4.054905e+00 0.000000e+00
         vertex -1.068392e+01 -4.054905e+00 5.000000e+00
      endloop
   endfacet
   facet normal -5.173433e-01 8.557779e-01 0.000000e+00
      outer loop
         vertex -1.064918e+01 -4.033905e+00 0.000000e+00
         vertex -1.068392e+01 -4.054905e+00 5.000000e+00
         vertex -1.064918e+01 -4.033905e+00 5.000000e+00
      endloop
   endfacet
   facet normal -6.301242e-01 7.764944e-01 0.000000e+00
      outer loop
         vertex -1.068392e+01 -4.054905e+00 0.000000e+00
         vertex -1.071576e+01 -4.080750e+00 0.000000e+00
         vertex -1.071576e+01 -4.080750e+00 5.000000e+00
      endloop
   endfacet
   facet normal -6.301242e-01 7.764944e-01 0.000000e+00
      outer loop
         vertex -1.068392e+01 -4.054905e+00 0.000000e+00
         vertex -1.071576e+01 -4.080750e+00 5.000000e+00
         vertex -1.068392e+01 -4.054905e+00 5.000000e+00
      endloop
   endfacet
   facet normal -7.153302e-01 6.987866e-01 0.000000e+00
      outer loop
         vertex -1.071576e+01 -4.080750e+00 0.000000e+00
         vertex -1.074442e+01 -4.110089e+00 0.000000e+00
         vertex -1.074442e+01 -4.110089e+00 5.000000e+00
      endloop
   endfacet
   facet normal -7.153302e-01 6.987866e-01 0.000000e+00
      outer loop
         vertex -1.071576e+01 -4.080750e+00 0.000000e+00
         vertex -1.074442e+01 -4.110089e+00 5.000000e+00
         vertex -1.071576e+01 -4.080750e+00 5.000000e+00
      endloop
   endfacet
   facet normal -8.056612e-01 5.923766e-01 0.000000e+00
      outer loop
         vertex -1.074442e+01 -4.110089e+00 0.000000e+00
         vertex -1.076158e+01 -4.133425e+00 0.000000e+00
         vertex -1.076158e+01 -4.133425e+00 5.000000e+00
      endloop
   endfacet
   facet normal -8.056612e-01 5.923766e-01 0.000000e+00
      outer loop
         vertex -1.074442e+01 -4.110089e+00 0.000000e+00
         vertex -1.076158e+01 -4.133425e+00 5.000000e+00
         vertex -1.074442e+01 -4.110089e+00 5.000000e+00
      endloop
   endfacet
   facet normal -8.915711e-01 4.528808e-01 0.000000e+00
      outer loop
         vertex -1.076158e+01 -4.133425e+00 0.000000e+00
         vertex -1.077470e+01 -4.159250e+00 0.000000e+00
         vertex -1.077470e+01 -4.159250e+00 5.000000e+00
      endloop
   endfacet
   facet normal -8.915711e-01 4.528808e-01 0.000000e+00
      outer loop
         vertex -1.076158e+01 -4.133425e+00 0.000000e+00
         vertex -1.077470e+01 -4.159250e+00 5.000000e+00
         vertex -1.076158e+01 -4.133425e+00 5.000000e+00
      endloop
   endfacet
   facet normal -9.800577e-01 1.987130e-01 0.000000e+00
      outer loop
         vertex -1.077470e+01 -4.159250e+00 0.000000e+00
         vertex -1.078294e+01 -4.199903e+00 0.000000e+00
         vertex -1.078294e+01 -4.199903e+00 5.000000e+00
      endloop
   endfacet
   facet normal -9.800577e-01 1.987130e-01 0.000000e+00
      outer loop
         vertex -1.077470e+01 -4.159250e+00 0.000000e+00
         vertex -1.078294e+01 -4.199903e+00 5.000000e+00
         vertex -1.077470e+01 -4.159250e+00 5.000000e+00
      endloop
   endfacet
   facet normal -9.315494e-01 -3.636148e-01 0.000000e+00
      outer loop
         vertex -1.078294e+01 -4.199903e+00 0.000000e+00
         vertex -1.075808e+01 -4.263595e+00 0.000000e+00
         vertex -1.075808e+01 -4.263595e+00 5.000000e+00
      endloop
   endfacet
   facet normal -9.315494e-01 -3.636148e-01 0.000000e+00
      outer loop
         vertex -1.078294e+01 -4.199903e+00 0.000000e+00
         vertex -1.075808e+01 -4.263595e+00 5.000000e+00
         vertex -1.078294e+01 -4.199903e+00 5.000000e+00
      endloop
   endfacet
   facet normal -7.049286e-01 -7.092783e-01 0.000000e+00
      outer loop
         vertex -1.075808e+01 -4.263595e+00 0.000000e+00
         vertex -1.073530e+01 -4.286238e+00 0.000000e+00
         vertex -1.073530e+01 -4.286238e+00 5.000000e+00
      endloop
   endfacet
   facet normal -7.049286e-01 -7.092783e-01 0.000000e+00
      outer loop
         vertex -1.075808e+01 -4.263595e+00 0.000000e+00
         vertex -1.073530e+01 -4.286238e+00 5.000000e+00
         vertex -1.075808e+01 -4.263595e+00 5.000000e+00
      endloop
   endfacet
   facet normal -3.035377e-01 -9.528194e-01 0.000000e+00
      outer loop
         vertex -1.073530e+01 -4.286238e+00 0.000000e+00
         vertex -1.065221e+01 -4.312708e+00 0.000000e+00
         vertex -1.065221e+01 -4.312708e+00 5.000000e+00
      endloop
   endfacet
   facet normal -3.035377e-01 -9.528194e-01 0.000000e+00
      outer loop
         vertex -1.073530e+01 -4.286238e+00 0.000000e+00
         vertex -1.065221e+01 -4.312708e+00 5.000000e+00
         vertex -1.073530e+01 -4.286238e+00 5.000000e+00
      endloop
   endfacet
   facet normal 0.000000e+00 -1.000000e+00 0.000000e+00
      outer loop
         vertex -1.065221e+01 -4.312708e+00 0.000000e+00
         vertex -9.729969e+00 -4.312708e+00 0.000000e+00
         vertex -9.729969e+00 -4.312708e+00 5.000000e+00
      endloop
   endfacet
   facet normal -0.000000e+00 -1.000000e+00 0.000000e+00
      outer loop
         vertex -1.065221e+01 -4.312708e+00 0.000000e+00
         vertex -9.729969e+00 -4.312708e+00 5.000000e+00
         vertex -1.065221e+01 -4.312708e+00 5.000000e+00
      endloop
   endfacet
   facet normal 7.417773e-02 -9.972450e-01 0.000000e+00
      outer loop
         vertex -9.729969e+00 -4.312708e+00 0.000000e+00
         vertex -9.502072e+00 -4.295757e+00 0.000000e+00
         vertex -9.502072e+00 -4.295757e+00 5.000000e+00
      endloop
   endfacet
   facet normal 7.417773e-02 -9.972450e-01 0.000000e+00
      outer loop
         vertex -9.729969e+00 -4.312708e+00 0.000000e+00
         vertex -9.502072e+00 -4.295757e+00 5.000000e+00
         vertex -9.729969e+00 -4.312708e+00 5.000000e+00
      endloop
   endfacet
   facet normal 2.209030e-01 -9.752958e-01 0.000000e+00
      outer loop
         vertex -9.502072e+00 -4.295757e+00 0.000000e+00
         vertex -9.279191e+00 -4.245275e+00 0.000000e+00
         vertex -9.279191e+00 -4.245275e+00 5.000000e+00
      endloop
   endfacet
   facet normal 2.209030e-01 -9.752958e-01 0.000000e+00
      outer loop
         vertex -9.502072e+00 -4.295757e+00 0.000000e+00
         vertex -9.279191e+00 -4.245275e+00 5.000000e+00
         vertex -9.502072e+00 -4.295757e+00 5.000000e+00
      endloop
   endfacet
   facet normal 3.564484e-01 -9.343150e-01 0.000000e+00
      outer loop
         vertex -9.279191e+00 -4.245275e+00 0.000000e+00
         vertex -9.044516e+00 -4.155744e+00 0.000000e+00
         vertex -9.044516e+00 -4.155744e+00 5.000000e+00
      endloop
   endfacet
   facet normal 3.564484e-01 -9.343150e-01 0.000000e+00
      outer loop
         vertex -9.279191e+00 -4.245275e+00 0.000000e+00
         vertex -9.044516e+00 -4.155744e+00 5.000000e+00
         vertex -9.279191e+00 -4.245275e+00 5.000000e+00
      endloop
   endfacet
   facet normal 4.789124e-01 -8.778627e-01 0.000000e+00
      outer loop
         vertex -9.044516e+00 -4.155744e+00 0.000000e+00
         vertex -8.824019e+00 -4.035454e+00 0.000000e+00
         vertex -8.824019e+00 -4.035454e+00 5.000000e+00
      endloop
   endfacet
   facet normal 4.789124e-01 -8.778627e-01 0.000000e+00
      outer loop
         vertex -9.044516e+00 -4.155744e+00 0.000000e+00
         vertex -8.824019e+00 -4.035454e+00 5.000000e+00
         vertex -9.044516e+00 -4.155744e+00 5.000000e+00
      endloop
   endfacet
   facet normal 5.921537e-01 -8.058250e-01 0.000000e+00
      outer loop
         vertex -8.824019e+00 -4.035454e+00 0.000000e+00
         vertex -8.622287e+00 -3.887212e+00 0.000000e+00
         vertex -8.622287e+00 -3.887212e+00 5.000000e+00
      endloop
   endfacet
   facet normal 5.921537e-01 -8.058250e-01 0.000000e+00
      outer loop
         vertex -8.824019e+00 -4.035454e+00 0.000000e+00
         vertex -8.622287e+00 -3.887212e+00 5.000000e+00
         vertex -8.824019e+00 -4.035454e+00 5.000000e+00
      endloop
   endfacet
   facet normal 6.942692e-01 -7.197155e-01 0.000000e+00
      outer loop
         vertex -8.622287e+00 -3.887212e+00 0.000000e+00
         vertex -8.442111e+00 -3.713407e+00 0.000000e+00
         vertex -8.442111e+00 -3.713407e+00 5.000000e+00
      endloop
   endfacet
   facet normal 6.942692e-01 -7.197155e-01 0.000000e+00
      outer loop
         vertex -8.622287e+00 -3.887212e+00 0.000000e+00
         vertex -8.442111e+00 -3.713407e+00 5.000000e+00
         vertex -8.622287e+00 -3.887212e+00 5.000000e+00
      endloop
   endfacet
   facet normal 7.964417e-01 -6.047153e-01 0.000000e+00
      outer loop
         vertex -8.442111e+00 -3.713407e+00 0.000000e+00
         vertex -8.325580e+00 -3.559929e+00 0.000000e+00
         vertex -8.325580e+00 -3.559929e+00 5.000000e+00
      endloop
   endfacet
   facet normal 7.964417e-01 -6.047153e-01 0.000000e+00
      outer loop
         vertex -8.442111e+00 -3.713407e+00 0.000000e+00
         vertex -8.325580e+00 -3.559929e+00 5.000000e+00
         vertex -8.442111e+00 -3.713407e+00 5.000000e+00
      endloop
   endfacet
   facet normal 8.892418e-01 -4.574374e-01 0.000000e+00
      outer loop
         vertex -8.325580e+00 -3.559929e+00 0.000000e+00
         vertex -8.237430e+00 -3.388568e+00 0.000000e+00
         vertex -8.237430e+00 -3.388568e+00 5.000000e+00
      endloop
   endfacet
   facet normal 8.892418e-01 -4.574374e-01 0.000000e+00
      outer loop
         vertex -8.325580e+00 -3.559929e+00 0.000000e+00
         vertex -8.237430e+00 -3.388568e+00 5.000000e+00
         vertex -8.325580e+00 -3.559929e+00 5.000000e+00
      endloop
   endfacet
   facet normal 9.256923e-01 -3.782773e-01 0.000000e+00
      outer loop
         vertex -8.237430e+00 -3.388568e+00 0.000000e+00
         vertex -7.230359e+00 -9.241400e-01 0.000000e+00
         vertex -7.230359e+00 -9.241400e-01 5.000000e+00
      endloop
   endfacet
   facet normal 9.256923e-01 -3.782773e-01 0.000000e+00
      outer loop
         vertex -8.237430e+00 -3.388568e+00 0.000000e+00
         vertex -7.230359e+00 -9.241400e-01 5.000000e+00
         vertex -8.237430e+00 -3.388568e+00 5.000000e+00
      endloop
   endfacet
   facet normal 9.422809e-01 -3.348234e-01 0.000000e+00
      outer loop
         vertex -7.230359e+00 -9.241400e-01 0.000000e+00
         vertex -7.200759e+00 -8.408374e-01 0.000000e+00
         vertex -7.200759e+00 -8.408374e-01 5.000000e+00
      endloop
   endfacet
   facet normal 9.422809e-01 -3.348234e-01 0.000000e+00
      outer loop
         vertex -7.230359e+00 -9.241400e-01 0.000000e+00
         vertex -7.200759e+00 -8.408374e-01 5.000000e+00
         vertex -7.230359e+00 -9.241400e-01 5.000000e+00
      endloop
   endfacet
   facet normal 9.693070e-01 -2.458534e-01 0.000000e+00
      outer loop
         vertex -7.200759e+00 -8.408374e-01 0.000000e+00
         vertex -7.179024e+00 -7.551457e-01 0.000000e+00
         vertex -7.179024e+00 -7.551457e-01 5.000000e+00
      endloop
   endfacet
   facet normal 9.693070e-01 -2.458534e-01 0.000000e+00
      outer loop
         vertex -7.200759e+00 -8.408374e-01 0.000000e+00
         vertex -7.179024e+00 -7.551457e-01 5.000000e+00
         vertex -7.200759e+00 -8.408374e-01 5.000000e+00
      endloop
   endfacet
   facet normal 9.896444e-01 -1.435406e-01 0.000000e+00
      outer loop
         vertex -7.179024e+00 -7.551457e-01 0.000000e+00
         vertex -7.168810e+00 -6.847260e-01 0.000000e+00
         vertex -7.168810e+00 -6.847260e-01 5.000000e+00
      endloop
   endfacet
   facet normal 9.896444e-01 -1.435406e-01 0.000000e+00
      outer loop
         vertex -7.179024e+00 -7.551457e-01 0.000000e+00
         vertex -7.168810e+00 -6.847260e-01 5.000000e+00
         vertex -7.179024e+00 -7.551457e-01 5.000000e+00
      endloop
   endfacet
   facet normal 9.995993e-01 -2.830605e-02 0.000000e+00
      outer loop
         vertex -7.168810e+00 -6.847260e-01 0.000000e+00
         vertex -7.166796e+00 -6.135980e-01 0.000000e+00
         vertex -7.166796e+00 -6.135980e-01 5.000000e+00
      endloop
   endfacet
   facet normal 9.995993e-01 -2.830605e-02 0.000000e+00
      outer loop
         vertex -7.168810e+00 -6.847260e-01 0.000000e+00
         vertex -7.166796e+00 -6.135980e-01 5.000000e+00
         vertex -7.168810e+00 -6.847260e-01 5.000000e+00
      endloop
   endfacet
   facet normal 9.931889e-01 1.165150e-01 -0.000000e+00
      outer loop
         vertex -7.166796e+00 -6.135980e-01 0.000000e+00
         vertex -7.177463e+00 -5.226724e-01 0.000000e+00
         vertex -7.177463e+00 -5.226724e-01 5.000000e+00
      endloop
   endfacet
   facet normal 9.931889e-01 1.165150e-01 0.000000e+00
      outer loop
         vertex -7.166796e+00 -6.135980e-01 0.000000e+00
         vertex -7.177463e+00 -5.226724e-01 5.000000e+00
         vertex -7.166796e+00 -6.135980e-01 5.000000e+00
      endloop
   endfacet
   facet normal 9.578820e-01 2.871619e-01 -0.000000e+00
      outer loop
         vertex -7.177463e+00 -5.226724e-01 0.000000e+00
         vertex -7.203753e+00 -4.349790e-01 0.000000e+00
         vertex -7.203753e+00 -4.349790e-01 5.000000e+00
      endloop
   endfacet
   facet normal 9.578820e-01 2.871619e-01 0.000000e+00
      outer loop
         vertex -7.177463e+00 -5.226724e-01 0.000000e+00
         vertex -7.203753e+00 -4.349790e-01 5.000000e+00
         vertex -7.177463e+00 -5.226724e-01 5.000000e+00
      endloop
   endfacet
   facet normal 8.957006e-01 4.446576e-01 -0.000000e+00
      outer loop
         vertex -7.203753e+00 -4.349790e-01 0.000000e+00
         vertex -7.246861e+00 -3.481430e-01 0.000000e+00
         vertex -7.246861e+00 -3.481430e-01 5.000000e+00
      endloop
   endfacet
   facet normal 8.957006e-01 4.446576e-01 0.000000e+00
      outer loop
         vertex -7.203753e+00 -4.349790e-01 0.000000e+00
         vertex -7.246861e+00 -3.481430e-01 5.000000e+00
         vertex -7.203753e+00 -4.349790e-01 5.000000e+00
      endloop
   endfacet
   facet normal 8.107339e-01 5.854149e-01 -0.000000e+00
      outer loop
         vertex -7.246861e+00 -3.481430e-01 0.000000e+00
         vertex -7.303616e+00 -2.695443e-01 0.000000e+00
         vertex -7.303616e+00 -2.695443e-01 5.000000e+00
      endloop
   endfacet
   facet normal 8.107339e-01 5.854149e-01 0.000000e+00
      outer loop
         vertex -7.246861e+00 -3.481430e-01 0.000000e+00
         vertex -7.303616e+00 -2.695443e-01 5.000000e+00
         vertex -7.246861e+00 -3.481430e-01 5.000000e+00
      endloop
   endfacet
   facet normal 7.301481e-01 6.832889e-01 -0.000000e+00
      outer loop
         vertex -7.303616e+00 -2.695443e-01 0.000000e+00
         vertex -7.349325e+00 -2.207000e-01 0.000000e+00
         vertex -7.349325e+00 -2.207000e-01 5.000000e+00
      endloop
   endfacet
   facet normal 7.301481e-01 6.832889e-01 0.000000e+00
      outer loop
         vertex -7.303616e+00 -2.695443e-01 0.000000e+00
         vertex -7.349325e+00 -2.207000e-01 5.000000e+00
         vertex -7.303616e+00 -2.695443e-01 5.000000e+00
      endloop
   endfacet
   facet normal 6.175850e-01 7.865042e-01 -0.000000e+00
      outer loop
         vertex -7.349325e+00 -2.207000e-01 0.000000e+00
         vertex -7.466801e+00 -1.284546e-01 0.000000e+00
         vertex -7.466801e+00 -1.284546e-01 5.000000e+00
      endloop
   endfacet
   facet normal 6.175850e-01 7.865042e-01 0.000000e+00
      outer loop
         vertex -7.349325e+00 -2.207000e-01 0.000000e+00
         vertex -7.466801e+00 -1.284546e-01 5.000000e+00
         vertex -7.349325e+00 -2.207000e-01 5.000000e+00
      endloop
   endfacet
   facet normal 4.353863e-01 9.002438e-01 -0.000000e+00
      outer loop
         vertex -7.466801e+00 -1.284546e-01 0.000000e+00
         vertex -7.601265e+00 -6.342341e-02 0.000000e+00
         vertex -7.601265e+00 -6.342341e-02 5.000000e+00
      endloop
   endfacet
   facet normal 4.353863e-01 9.002438e-01 0.000000e+00
      outer loop
         vertex -7.466801e+00 -1.284546e-01 0.000000e+00
         vertex -7.601265e+00 -6.342341e-02 5.000000e+00
         vertex -7.466801e+00 -1.284546e-01 5.000000e+00
      endloop
   endfacet
   facet normal 2.543237e-01 9.671192e-01 -0.000000e+00
      outer loop
         vertex -7.601265e+00 -6.342341e-02 0.000000e+00
         vertex -7.781706e+00 -1.597292e-02 0.000000e+00
         vertex -7.781706e+00 -1.597292e-02 5.000000e+00
      endloop
   endfacet
   facet normal 2.543237e-01 9.671192e-01 0.000000e+00
      outer loop
         vertex -7.601265e+00 -6.342341e-02 0.000000e+00
         vertex -7.781706e+00 -1.597292e-02 5.000000e+00
         vertex -7.601265e+00 -6.342341e-02 5.000000e+00
      endloop
   endfacet
   facet normal 8.561119e-02 9.963286e-01 -0.000000e+00
      outer loop
         vertex -7.781706e+00 -1.597292e-02 0.000000e+00
         vertex -7.967596e+00 6.661338e-16 0.000000e+00
         vertex -7.967596e+00 6.661338e-16 5.000000e+00
      endloop
   endfacet
   facet normal 8.561119e-02 9.963286e-01 0.000000e+00
      outer loop
         vertex -7.781706e+00 -1.597292e-02 0.000000e+00
         vertex -7.967596e+00 6.661338e-16 5.000000e+00
         vertex -7.781706e+00 -1.597292e-02 5.000000e+00
      endloop
   endfacet
   facet normal 0.000000e+00 0.000000e+00 1.000000e+00
      outer loop
         vertex -7.781706e+00 -1.597292e-02 5.000000e+00
         vertex -7.967596e+00 9.757491e-16 5.000000e+00
         vertex -7.601265e+00 -6.342341e-02 5.000000e+00
      endloop
   endfacet
   facet normal 0.000000e+00 0.000000e+00 1.000000e+00
      outer loop
         vertex -7.967596e+00 9.757491e-16 5.000000e+00
         vertex -8.889834e+00 1.110223e-15 5.000000e+00
         vertex -7.601265e+00 -6.342341e-02 5.000000e+00
      endloop
   endfacet
   facet normal 0.000000e+00 0.000000e+00 1.000000e+00
      outer loop
         vertex -7.601265e+00 -6.342341e-02 5.000000e+00
         vertex -8.889834e+00 1.110223e-15 5.000000e+00
         vertex -7.466801e+00 -1.284546e-01 5.000000e+00
      endloop
   endfacet
   facet normal -0.000000e+00 0.000000e+00 1.000000e+00
      outer loop
         vertex -8.889834e+00 1.110223e-15 5.000000e+00
         vertex -8.932701e+00 -3.252640e-03 5.000000e+00
         vertex -7.466801e+00 -1.284546e-01 5.000000e+00
      endloop
   endfacet
   facet normal 0.000000e+00 0.000000e+00 1.000000e+00
      outer loop
         vertex -7.466801e+00 -1.284546e-01 5.000000e+00
         vertex -8.932701e+00 -3.252640e-03 5.000000e+00
         vertex -7.349325e+00 -2.207000e-01 5.000000e+00
      endloop
   endfacet
   facet normal -0.000000e+00 0.000000e+00 1.000000e+00
      outer loop
         vertex -8.932701e+00 -3.252640e-03 5.000000e+00
         vertex -8.974586e+00 -1.293608e-02 5.000000e+00
         vertex -7.349325e+00 -2.207000e-01 5.000000e+00
      endloop
   endfacet
   facet normal 0.000000e+00 0.000000e+00 1.000000e+00
      outer loop
         vertex -7.349325e+00 -2.207000e-01 5.000000e+00
         vertex -8.974586e+00 -1.293608e-02 5.000000e+00
         vertex -7.303616e+00 -2.695443e-01 5.000000e+00
      endloop
   endfacet
   facet normal -0.000000e+00 0.000000e+00 1.000000e+00
      outer loop
         vertex -8.974586e+00 -1.293608e-02 5.000000e+00
         vertex -9.012235e+00 -2.811313e-02 5.000000e+00
         vertex -7.303616e+00 -2.695443e-01 5.000000e+00
      endloop
   endfacet
   facet normal 0.000000e+00 0.000000e+00 1.000000e+00
      outer loop
         vertex -7.303616e+00 -2.695443e-01 5.000000e+00
         vertex -9.012235e+00 -2.811313e-02 5.000000e+00
         vertex -7.246861e+00 -3.481430e-01 5.000000e+00
      endloop
   endfacet
   facet normal -0.000000e+00 0.000000e+00 1.000000e+00
      outer loop
         vertex -9.012235e+00 -2.811313e-02 5.000000e+00
         vertex -9.046972e+00 -4.911330e-02 5.000000e+00
         vertex -7.246861e+00 -3.481430e-01 5.000000e+00
      endloop
   endfacet
   facet normal 0.000000e+00 0.000000e+00 1.000000e+00
      outer loop
         vertex -7.246861e+00 -3.481430e-01 5.000000e+00
         vertex -9.046972e+00 -4.911330e-02 5.000000e+00
         vertex -7.203753e+00 -4.349790e-01 5.000000e+00
      endloop
   endfacet
   facet normal -0.000000e+00 0.000000e+00 1.000000e+00
      outer loop
         vertex -9.046972e+00 -4.911330e-02 5.000000e+00
         vertex -9.078820e+00 -7.495788e-02 5.000000e+00
         vertex -7.203753e+00 -4.349790e-01 5.000000e+00
      endloop
   endfacet
   facet normal 0.000000e+00 0.000000e+00 1.000000e+00
      outer loop
         vertex -7.203753e+00 -4.349790e-01 5.000000e+00
         vertex -7.871908e+00 -3.375734e-01 5.000000e+00
         vertex -7.177463e+00 -5.226724e-01 5.000000e+00
      endloop
   endfacet
   facet normal -0.000000e+00 -0.000000e+00 1.000000e+00
      outer loop
         vertex -7.871908e+00 -3.375734e-01 5.000000e+00
         vertex -7.775325e+00 -3.779153e-01 5.000000e+00
         vertex -7.177463e+00 -5.226724e-01 5.000000e+00
      endloop
   endfacet
   facet normal 0.000000e+00 0.000000e+00 1.000000e+00
      outer loop
         vertex -7.177463e+00 -5.226724e-01 5.000000e+00
         vertex -7.775325e+00 -3.779153e-01 5.000000e+00
         vertex -7.166796e+00 -6.135980e-01 5.000000e+00
      endloop
   endfacet
   facet normal -0.000000e+00 -0.000000e+00 1.000000e+00
      outer loop
         vertex -7.775325e+00 -3.779153e-01 5.000000e+00
         vertex -7.702549e+00 -4.263260e-01 5.000000e+00
         vertex -7.166796e+00 -6.135980e-01 5.000000e+00
      endloop
   endfacet
   facet normal 0.000000e+00 0.000000e+00 1.000000e+00
      outer loop
         vertex -7.166796e+00 -6.135980e-01 5.000000e+00
         vertex -7.702549e+00 -4.263260e-01 5.000000e+00
         vertex -7.168810e+00 -6.847260e-01 5.000000e+00
      endloop
   endfacet
   facet normal -0.000000e+00 -0.000000e+00 1.000000e+00
      outer loop
         vertex -7.702549e+00 -4.263260e-01 5.000000e+00
         vertex -7.641394e+00 -4.887764e-01 5.000000e+00
         vertex -7.168810e+00 -6.847260e-01 5.000000e+00
      endloop
   endfacet
   facet normal 0.000000e+00 0.000000e+00 1.000000e+00
      outer loop
         vertex -7.168810e+00 -6.847260e-01 5.000000e+00
         vertex -7.641394e+00 -4.887764e-01 5.000000e+00
         vertex -7.179024e+00 -7.551457e-01 5.000000e+00
      endloop
   endfacet
   facet normal -0.000000e+00 -0.000000e+00 1.000000e+00
      outer loop
         vertex -7.641394e+00 -4.887764e-01 5.000000e+00
         vertex -7.585016e+00 -5.835071e-01 5.000000e+00
         vertex -7.179024e+00 -7.551457e-01 5.000000e+00
      endloop
   endfacet
   facet normal 0.000000e+00 0.000000e+00 1.000000e+00
      outer loop
         vertex -7.179024e+00 -7.551457e-01 5.000000e+00
         vertex -7.585016e+00 -5.835071e-01 5.000000e+00
         vertex -7.200759e+00 -8.408374e-01 5.000000e+00
      endloop
   endfacet
   facet normal -0.000000e+00 -0.000000e+00 1.000000e+00
      outer loop
         vertex -7.585016e+00 -5.835071e-01 5.000000e+00
         vertex -7.563587e+00 -6.570628e-01 5.000000e+00
         vertex -7.200759e+00 -8.408374e-01 5.000000e+00
      endloop
   endfacet
   facet normal 0.000000e+00 0.000000e+00 1.000000e+00
      outer loop
         vertex -7.200759e+00 -8.408374e-01 5.000000e+00
         vertex -7.563587e+00 -6.570628e-01 5.000000e+00
         vertex -7.230359e+00 -9.241400e-01 5.000000e+00
      endloop
   endfacet
   facet normal -0.000000e+00 -0.000000e+00 1.000000e+00
      outer loop
         vertex -7.563587e+00 -6.570628e-01 5.000000e+00
         vertex -7.558674e+00 -7.335186e-01 5.000000e+00
         vertex -7.230359e+00 -9.241400e-01 5.000000e+00
      endloop
   endfacet
   facet normal 0.000000e+00 0.000000e+00 1.000000e+00
      outer loop
         vertex -7.230359e+00 -9.241400e-01 5.000000e+00
         vertex -7.571431e+00 -8.302518e-01 5.000000e+00
         vertex -8.237430e+00 -3.388568e+00 5.000000e+00
      endloop
   endfacet
   facet normal -0.000000e+00 0.000000e+00 1.000000e+00
      outer loop
         vertex -7.571431e+00 -8.302518e-01 5.000000e+00
         vertex -7.600487e+00 -9.233958e-01 5.000000e+00
         vertex -8.237430e+00 -3.388568e+00 5.000000e+00
      endloop
   endfacet
   facet normal 0.000000e+00 0.000000e+00 1.000000e+00
      outer loop
         vertex -8.237430e+00 -3.388568e+00 5.000000e+00
         vertex -7.600487e+00 -9.233958e-01 5.000000e+00
         vertex -8.325580e+00 -3.559929e+00 5.000000e+00
      endloop
   endfacet
   facet normal -0.000000e+00 0.000000e+00 1.000000e+00
      outer loop
         vertex -7.600487e+00 -9.233958e-01 5.000000e+00
         vertex -8.608135e+00 -3.389313e+00 5.000000e+00
         vertex -8.325580e+00 -3.559929e+00 5.000000e+00
      endloop
   endfacet
   facet normal 0.000000e+00 0.000000e+00 1.000000e+00
      outer loop
         vertex -8.325580e+00 -3.559929e+00 5.000000e+00
         vertex -8.608135e+00 -3.389313e+00 5.000000e+00
         vertex -8.442111e+00 -3.713407e+00 5.000000e+00
      endloop
   endfacet
   facet normal -0.000000e+00 0.000000e+00 1.000000e+00
      outer loop
         vertex -8.608135e+00 -3.389313e+00 5.000000e+00
         vertex -8.670496e+00 -3.510571e+00 5.000000e+00
         vertex -8.442111e+00 -3.713407e+00 5.000000e+00
      endloop
   endfacet
   facet normal 0.000000e+00 0.000000e+00 1.000000e+00
      outer loop
         vertex -8.442111e+00 -3.713407e+00 5.000000e+00
         vertex -8.670496e+00 -3.510571e+00 5.000000e+00
         vertex -8.622287e+00 -3.887212e+00 5.000000e+00
      endloop
   endfacet
   facet normal -0.000000e+00 0.000000e+00 1.000000e+00
      outer loop
         vertex -8.670496e+00 -3.510571e+00 5.000000e+00
         vertex -8.752923e+00 -3.619190e+00 5.000000e+00
         vertex -8.622287e+00 -3.887212e+00 5.000000e+00
      endloop
   endfacet
   facet normal 0.000000e+00 0.000000e+00 1.000000e+00
      outer loop
         vertex -8.622287e+00 -3.887212e+00 5.000000e+00
         vertex -8.752923e+00 -3.619190e+00 5.000000e+00
         vertex -8.824019e+00 -4.035454e+00 5.000000e+00
      endloop
   endfacet
   facet normal -0.000000e+00 0.000000e+00 1.000000e+00
      outer loop
         vertex -8.752923e+00 -3.619190e+00 5.000000e+00
         vertex -8.872008e+00 -3.732992e+00 5.000000e+00
         vertex -8.824019e+00 -4.035454e+00 5.000000e+00
      endloop
   endfacet
   facet normal 0.000000e+00 0.000000e+00 1.000000e+00
      outer loop
         vertex -8.824019e+00 -4.035454e+00 5.000000e+00
         vertex -8.872008e+00 -3.732992e+00 5.000000e+00
         vertex -9.044516e+00 -4.155744e+00 5.000000e+00
      endloop
   endfacet
   facet normal -0.000000e+00 0.000000e+00 1.000000e+00
      outer loop
         vertex -8.872008e+00 -3.732992e+00 5.000000e+00
         vertex -9.006168e+00 -3.828562e+00 5.000000e+00
         vertex -9.044516e+00 -4.155744e+00 5.000000e+00
      endloop
   endfacet
   facet normal 0.000000e+00 0.000000e+00 1.000000e+00
      outer loop
         vertex -9.044516e+00 -4.155744e+00 5.000000e+00
         vertex -9.006168e+00 -3.828562e+00 5.000000e+00
         vertex -9.279191e+00 -4.245275e+00 5.000000e+00
      endloop
   endfacet
   facet normal -0.000000e+00 0.000000e+00 1.000000e+00
      outer loop
         vertex -9.006168e+00 -3.828562e+00 5.000000e+00
         vertex -9.153296e+00 -3.905592e+00 5.000000e+00
         vertex -9.279191e+00 -4.245275e+00 5.000000e+00
      endloop
   endfacet
   facet normal 0.000000e+00 0.000000e+00 1.000000e+00
      outer loop
         vertex -9.279191e+00 -4.245275e+00 5.000000e+00
         vertex -9.153296e+00 -3.905592e+00 5.000000e+00
         vertex -9.502072e+00 -4.295757e+00 5.000000e+00
      endloop
   endfacet
   facet normal -0.000000e+00 0.000000e+00 1.000000e+00
      outer loop
         vertex -9.153296e+00 -3.905592e+00 5.000000e+00
         vertex -9.309144e+00 -3.962965e+00 5.000000e+00
         vertex -9.502072e+00 -4.295757e+00 5.000000e+00
      endloop
   endfacet
   facet normal 0.000000e+00 0.000000e+00 1.000000e+00
      outer loop
         vertex -9.502072e+00 -4.295757e+00 5.000000e+00
         vertex -9.309144e+00 -3.962965e+00 5.000000e+00
         vertex -9.729969e+00 -4.312708e+00 5.000000e+00
      endloop
   endfacet
   facet normal -0.000000e+00 0.000000e+00 1.000000e+00
      outer loop
         vertex -9.309144e+00 -3.962965e+00 5.000000e+00
         vertex -9.455297e+00 -3.995029e+00 5.000000e+00
         vertex -9.729969e+00 -4.312708e+00 5.000000e+00
      endloop
   endfacet
   facet normal 0.000000e+00 0.000000e+00 1.000000e+00
      outer loop
         vertex -9.729969e+00 -4.312708e+00 5.000000e+00
         vertex -9.455297e+00 -3.995029e+00 5.000000e+00
         vertex -1.065221e+01 -4.312708e+00 5.000000e+00
      endloop
   endfacet
   facet normal -0.000000e+00 0.000000e+00 1.000000e+00
      outer loop
         vertex -9.455297e+00 -3.995029e+00 5.000000e+00
         vertex -9.604540e+00 -4.005792e+00 5.000000e+00
         vertex -1.065221e+01 -4.312708e+00 5.000000e+00
      endloop
   endfacet
   facet normal 0.000000e+00 0.000000e+00 1.000000e+00
      outer loop
         vertex -1.065221e+01 -4.312708e+00 5.000000e+00
         vertex -9.604540e+00 -4.005792e+00 5.000000e+00
         vertex -1.073530e+01 -4.286238e+00 5.000000e+00
      endloop
   endfacet
   facet normal -0.000000e+00 0.000000e+00 1.000000e+00
      outer loop
         vertex -9.604540e+00 -4.005792e+00 5.000000e+00
         vertex -1.052678e+01 -4.005792e+00 5.000000e+00
         vertex -1.073530e+01 -4.286238e+00 5.000000e+00
      endloop
   endfacet
   facet normal 0.000000e+00 0.000000e+00 1.000000e+00
      outer loop
         vertex -1.073530e+01 -4.286238e+00 5.000000e+00
         vertex -1.052678e+01 -4.005792e+00 5.000000e+00
         vertex -1.075808e+01 -4.263595e+00 5.000000e+00
      endloop
   endfacet
   facet normal -0.000000e+00 0.000000e+00 1.000000e+00
      outer loop
         vertex -1.052678e+01 -4.005792e+00 5.000000e+00
         vertex -1.056964e+01 -4.009044e+00 5.000000e+00
         vertex -1.075808e+01 -4.263595e+00 5.000000e+00
      endloop
   endfacet
   facet normal 0.000000e+00 0.000000e+00 1.000000e+00
      outer loop
         vertex -1.075808e+01 -4.263595e+00 5.000000e+00
         vertex -1.056964e+01 -4.009044e+00 5.000000e+00
         vertex -1.078294e+01 -4.199903e+00 5.000000e+00
      endloop
   endfacet
   facet normal -0.000000e+00 0.000000e+00 1.000000e+00
      outer loop
         vertex -1.056964e+01 -4.009044e+00 5.000000e+00
         vertex -1.061153e+01 -4.018728e+00 5.000000e+00
         vertex -1.078294e+01 -4.199903e+00 5.000000e+00
      endloop
   endfacet
   facet normal 0.000000e+00 0.000000e+00 1.000000e+00
      outer loop
         vertex -1.078294e+01 -4.199903e+00 5.000000e+00
         vertex -1.061153e+01 -4.018728e+00 5.000000e+00
         vertex -1.077470e+01 -4.159250e+00 5.000000e+00
      endloop
   endfacet
   facet normal -0.000000e+00 0.000000e+00 1.000000e+00
      outer loop
         vertex -1.061153e+01 -4.018728e+00 5.000000e+00
         vertex -1.064918e+01 -4.033905e+00 5.000000e+00
         vertex -1.077470e+01 -4.159250e+00 5.000000e+00
      endloop
   endfacet
   facet normal 0.000000e+00 0.000000e+00 1.000000e+00
      outer loop
         vertex -1.077470e+01 -4.159250e+00 5.000000e+00
         vertex -1.064918e+01 -4.033905e+00 5.000000e+00
         vertex -1.076158e+01 -4.133425e+00 5.000000e+00
      endloop
   endfacet
   facet normal -0.000000e+00 0.000000e+00 1.000000e+00
      outer loop
         vertex -1.064918e+01 -4.033905e+00 5.000000e+00
         vertex -1.068392e+01 -4.054905e+00 5.000000e+00
         vertex -1.076158e+01 -4.133425e+00 5.000000e+00
      endloop
   endfacet
   facet normal 0.000000e+00 0.000000e+00 1.000000e+00
      outer loop
         vertex -1.076158e+01 -4.133425e+00 5.000000e+00
         vertex -1.068392e+01 -4.054905e+00 5.000000e+00
         vertex -1.074442e+01 -4.110089e+00 5.000000e+00
      endloop
   endfacet
   facet normal -0.000000e+00 0.000000e+00 1.000000e+00
      outer loop
         vertex -1.068392e+01 -4.054905e+00 5.000000e+00
         vertex -1.071576e+01 -4.080750e+00 5.000000e+00
         vertex -1.074442e+01 -4.110089e+00 5.000000e+00
      endloop
   endfacet
   facet normal 0.000000e+00 0.000000e+00 1.000000e+00
      outer loop
         vertex -7.571431e+00 -8.302518e-01 5.000000e+00
         vertex -7.230359e+00 -9.241400e-01 5.000000e+00
         vertex -7.558674e+00 -7.335186e-01 5.000000e+00
      endloop
   endfacet
   facet normal 0.000000e+00 0.000000e+00 1.000000e+00
      outer loop
         vertex -7.871908e+00 -3.375734e-01 5.000000e+00
         vertex -7.203753e+00 -4.349790e-01 5.000000e+00
         vertex -7.974012e+00 -3.145365e-01 5.000000e+00
      endloop
   endfacet
   facet normal 0.000000e+00 0.000000e+00 1.000000e+00
      outer loop
         vertex -7.203753e+00 -4.349790e-01 5.000000e+00
         vertex -9.078820e+00 -7.495788e-02 5.000000e+00
         vertex -7.974012e+00 -3.145365e-01 5.000000e+00
      endloop
   endfacet
   facet normal 0.000000e+00 0.000000e+00 1.000000e+00
      outer loop
         vertex -7.974012e+00 -3.145365e-01 5.000000e+00
         vertex -9.078820e+00 -7.495788e-02 5.000000e+00
         vertex -8.002073e+00 -3.112309e-01 5.000000e+00
      endloop
   endfacet
   facet normal -0.000000e+00 0.000000e+00 1.000000e+00
      outer loop
         vertex -9.078820e+00 -7.495788e-02 5.000000e+00
         vertex -9.107481e+00 -1.042970e-01 5.000000e+00
         vertex -8.002073e+00 -3.112309e-01 5.000000e+00
      endloop
   endfacet
   facet normal 0.000000e+00 0.000000e+00 1.000000e+00
      outer loop
         vertex -8.002073e+00 -3.112309e-01 5.000000e+00
         vertex -9.107481e+00 -1.042970e-01 5.000000e+00
         vertex -8.030235e+00 -3.089247e-01 5.000000e+00
      endloop
   endfacet
   facet normal -0.000000e+00 0.000000e+00 1.000000e+00
      outer loop
         vertex -9.107481e+00 -1.042970e-01 5.000000e+00
         vertex -9.124640e+00 -1.276334e-01 5.000000e+00
         vertex -8.030235e+00 -3.089247e-01 5.000000e+00
      endloop
   endfacet
   facet normal 0.000000e+00 0.000000e+00 1.000000e+00
      outer loop
         vertex -8.030235e+00 -3.089247e-01 5.000000e+00
         vertex -9.124640e+00 -1.276334e-01 5.000000e+00
         vertex -8.061614e+00 -3.074188e-01 5.000000e+00
      endloop
   endfacet
   facet normal -0.000000e+00 0.000000e+00 1.000000e+00
      outer loop
         vertex -9.124640e+00 -1.276334e-01 5.000000e+00
         vertex -9.137757e+00 -1.534583e-01 5.000000e+00
         vertex -8.061614e+00 -3.074188e-01 5.000000e+00
      endloop
   endfacet
   facet normal 0.000000e+00 0.000000e+00 1.000000e+00
      outer loop
         vertex -8.061614e+00 -3.074188e-01 5.000000e+00
         vertex -9.137757e+00 -1.534583e-01 5.000000e+00
         vertex -8.093025e+00 -3.069167e-01 5.000000e+00
      endloop
   endfacet
   facet normal -0.000000e+00 0.000000e+00 1.000000e+00
      outer loop
         vertex -9.137757e+00 -1.534583e-01 5.000000e+00
         vertex -9.146000e+00 -1.941110e-01 5.000000e+00
         vertex -8.093025e+00 -3.069167e-01 5.000000e+00
      endloop
   endfacet
   facet normal 0.000000e+00 0.000000e+00 1.000000e+00
      outer loop
         vertex -8.093025e+00 -3.069167e-01 5.000000e+00
         vertex -9.146000e+00 -1.941110e-01 5.000000e+00
         vertex -9.015264e+00 -3.069167e-01 5.000000e+00
      endloop
   endfacet
   facet normal -0.000000e+00 -0.000000e+00 1.000000e+00
      outer loop
         vertex -9.146000e+00 -1.941110e-01 5.000000e+00
         vertex -9.121138e+00 -2.578034e-01 5.000000e+00
         vertex -9.015264e+00 -3.069167e-01 5.000000e+00
      endloop
   endfacet
   facet normal 0.000000e+00 0.000000e+00 1.000000e+00
      outer loop
         vertex -9.015264e+00 -3.069167e-01 5.000000e+00
         vertex -9.121138e+00 -2.578034e-01 5.000000e+00
         vertex -9.098356e+00 -2.804461e-01 5.000000e+00
      endloop
   endfacet
   facet normal -0.000000e+00 0.000000e+00 -1.000000e+00
      outer loop
         vertex -8.889834e+00 1.110223e-15 0.000000e+00
         vertex -7.967596e+00 9.757491e-16 0.000000e+00
         vertex -8.932701e+00 -3.252640e-03 0.000000e+00
      endloop
   endfacet
   facet normal 0.000000e+00 0.000000e+00 -1.000000e+00
      outer loop
         vertex -7.967596e+00 9.757491e-16 0.000000e+00
         vertex -7.781706e+00 -1.597292e-02 0.000000e+00
         vertex -8.932701e+00 -3.252640e-03 0.000000e+00
      endloop
   endfacet
   facet normal 0.000000e+00 0.000000e+00 -1.000000e+00
      outer loop
         vertex -8.932701e+00 -3.252640e-03 0.000000e+00
         vertex -7.781706e+00 -1.597292e-02 0.000000e+00
         vertex -8.974586e+00 -1.293608e-02 0.000000e+00
      endloop
   endfacet
   facet normal 0.000000e+00 0.000000e+00 -1.000000e+00
      outer loop
         vertex -7.781706e+00 -1.597292e-02 0.000000e+00
         vertex -7.601265e+00 -6.342341e-02 0.000000e+00
         vertex -8.974586e+00 -1.293608e-02 0.000000e+00
      endloop
   endfacet
   facet normal 0.000000e+00 0.000000e+00 -1.000000e+00
      outer loop
         vertex -8.974586e+00 -1.293608e-02 0.000000e+00
         vertex -7.601265e+00 -6.342341e-02 0.000000e+00
         vertex -9.012235e+00 -2.811313e-02 0.000000e+00
      endloop
   endfacet
   facet normal 0.000000e+00 0.000000e+00 -1.000000e+00
      outer loop
         vertex -7.601265e+00 -6.342341e-02 0.000000e+00
         vertex -7.466801e+00 -1.284546e-01 0.000000e+00
         vertex -9.012235e+00 -2.811313e-02 0.000000e+00
      endloop
   endfacet
   facet normal 0.000000e+00 0.000000e+00 -1.000000e+00
      outer loop
         vertex -9.012235e+00 -2.811313e-02 0.000000e+00
         vertex -7.466801e+00 -1.284546e-01 0.000000e+00
         vertex -9.046972e+00 -4.911330e-02 0.000000e+00
      endloop
   endfacet
   facet normal 0.000000e+00 0.000000e+00 -1.000000e+00
      outer loop
         vertex -7.466801e+00 -1.284546e-01 0.000000e+00
         vertex -7.349325e+00 -2.207000e-01 0.000000e+00
         vertex -9.046972e+00 -4.911330e-02 0.000000e+00
      endloop
   endfacet
   facet normal 0.000000e+00 0.000000e+00 -1.000000e+00
      outer loop
         vertex -9.046972e+00 -4.911330e-02 0.000000e+00
         vertex -7.349325e+00 -2.207000e-01 0.000000e+00
         vertex -9.078820e+00 -7.495788e-02 0.000000e+00
      endloop
   endfacet
   facet normal 0.000000e+00 0.000000e+00 -1.000000e+00
      outer loop
         vertex -7.349325e+00 -2.207000e-01 0.000000e+00
         vertex -7.303616e+00 -2.695443e-01 0.000000e+00
         vertex -9.078820e+00 -7.495788e-02 0.000000e+00
      endloop
   endfacet
   facet normal 0.000000e+00 0.000000e+00 -1.000000e+00
      outer loop
         vertex -9.078820e+00 -7.495788e-02 0.000000e+00
         vertex -7.303616e+00 -2.695443e-01 0.000000e+00
         vertex -9.107481e+00 -1.042970e-01 0.000000e+00
      endloop
   endfacet
   facet normal 0.000000e+00 0.000000e+00 -1.000000e+00
      outer loop
         vertex -7.303616e+00 -2.695443e-01 0.000000e+00
         vertex -7.246861e+00 -3.481430e-01 0.000000e+00
         vertex -9.107481e+00 -1.042970e-01 0.000000e+00
      endloop
   endfacet
   facet normal 0.000000e+00 0.000000e+00 -1.000000e+00
      outer loop
         vertex -9.107481e+00 -1.042970e-01 0.000000e+00
         vertex -7.246861e+00 -3.481430e-01 0.000000e+00
         vertex -9.124640e+00 -1.276334e-01 0.000000e+00
      endloop
   endfacet
   facet normal 0.000000e+00 0.000000e+00 -1.000000e+00
      outer loop
         vertex -7.246861e+00 -3.481430e-01 0.000000e+00
         vertex -7.203753e+00 -4.349790e-01 0.000000e+00
         vertex -9.124640e+00 -1.276334e-01 0.000000e+00
      endloop
   endfacet
   facet normal 0.000000e+00 0.000000e+00 -1.000000e+00
      outer loop
         vertex -9.124640e+00 -1.276334e-01 0.000000e+00
         vertex -7.974012e+00 -3.145365e-01 0.000000e+00
         vertex -9.137757e+00 -1.534583e-01 0.000000e+00
      endloop
   endfacet
   facet normal 0.000000e+00 0.000000e+00 -1.000000e+00
      outer loop
         vertex -7.974012e+00 -3.145365e-01 0.000000e+00
         vertex -8.002073e+00 -3.112309e-01 0.000000e+00
         vertex -9.137757e+00 -1.534583e-01 0.000000e+00
      endloop
   endfacet
   facet normal 0.000000e+00 0.000000e+00 -1.000000e+00
      outer loop
         vertex -9.137757e+00 -1.534583e-01 0.000000e+00
         vertex -8.002073e+00 -3.112309e-01 0.000000e+00
         vertex -9.146000e+00 -1.941110e-01 0.000000e+00
      endloop
   endfacet
   facet normal 0.000000e+00 0.000000e+00 -1.000000e+00
      outer loop
         vertex -8.002073e+00 -3.112309e-01 0.000000e+00
         vertex -8.030235e+00 -3.089247e-01 0.000000e+00
         vertex -9.146000e+00 -1.941110e-01 0.000000e+00
      endloop
   endfacet
   facet normal 0.000000e+00 0.000000e+00 -1.000000e+00
      outer loop
         vertex -9.146000e+00 -1.941110e-01 0.000000e+00
         vertex -8.061614e+00 -3.074188e-01 0.000000e+00
         vertex -9.121138e+00 -2.578034e-01 0.000000e+00
      endloop
   endfacet
   facet normal 0.000000e+00 0.000000e+00 -1.000000e+00
      outer loop
         vertex -8.061614e+00 -3.074188e-01 0.000000e+00
         vertex -8.093025e+00 -3.069167e-01 0.000000e+00
         vertex -9.121138e+00 -2.578034e-01 0.000000e+00
      endloop
   endfacet
   facet normal 0.000000e+00 0.000000e+00 -1.000000e+00
      outer loop
         vertex -9.121138e+00 -2.578034e-01 0.000000e+00
         vertex -8.093025e+00 -3.069167e-01 0.000000e+00
         vertex -9.098356e+00 -2.804461e-01 0.000000e+00
      endloop
   endfacet
   facet normal 0.000000e+00 0.000000e+00 -1.000000e+00
      outer loop
         vertex -8.093025e+00 -3.069167e-01 0.000000e+00
         vertex -9.015264e+00 -3.069167e-01 0.000000e+00
         vertex -9.098356e+00 -2.804461e-01 0.000000e+00
      endloop
   endfacet
   facet normal 0.000000e+00 0.000000e+00 -1.000000e+00
      outer loop
         vertex -8.061614e+00 -3.074188e-01 0.000000e+00
         vertex -9.146000e+00 -1.941110e-01 0.000000e+00
         vertex -8.030235e+00 -3.089247e-01 0.000000e+00
      endloop
   endfacet
   facet normal 0.000000e+00 0.000000e+00 -1.000000e+00
      outer loop
         vertex -9.124640e+00 -1.276334e-01 0.000000e+00
         vertex -7.203753e+00 -4.349790e-01 0.000000e+00
         vertex -7.974012e+00 -3.145365e-01 0.000000e+00
      endloop
   endfacet
   facet normal 0.000000e+00 0.000000e+00 -1.000000e+00
      outer loop
         vertex -7.203753e+00 -4.349790e-01 0.000000e+00
         vertex -7.871908e+00 -3.375734e-01 0.000000e+00
         vertex -7.974012e+00 -3.145365e-01 0.000000e+00
      endloop
   endfacet
   facet normal 0.000000e+00 0.000000e+00 -1.000000e+00
      outer loop
         vertex -7.871908e+00 -3.375734e-01 0.000000e+00
         vertex -7.203753e+00 -4.349790e-01 0.000000e+00
         vertex -7.775325e+00 -3.779153e-01 0.000000e+00
      endloop
   endfacet
   facet normal 0.000000e+00 0.000000e+00 -1.000000e+00
      outer loop
         vertex -7.203753e+00 -4.349790e-01 0.000000e+00
         vertex -7.177463e+00 -5.226724e-01 0.000000e+00
         vertex -7.775325e+00 -3.779153e-01 0.000000e+00
      endloop
   endfacet
   facet normal 0.000000e+00 0.000000e+00 -1.000000e+00
      outer loop
         vertex -7.775325e+00 -3.779153e-01 0.000000e+00
         vertex -7.177463e+00 -5.226724e-01 0.000000e+00
         vertex -7.702549e+00 -4.263260e-01 0.000000e+00
      endloop
   endfacet
   facet normal 0.000000e+00 0.000000e+00 -1.000000e+00
      outer loop
         vertex -7.177463e+00 -5.226724e-01 0.000000e+00
         vertex -7.166796e+00 -6.135980e-01 0.000000e+00
         vertex -7.702549e+00 -4.263260e-01 0.000000e+00
      endloop
   endfacet
   facet normal 0.000000e+00 0.000000e+00 -1.000000e+00
      outer loop
         vertex -7.702549e+00 -4.263260e-01 0.000000e+00
         vertex -7.166796e+00 -6.135980e-01 0.000000e+00
         vertex -7.641394e+00 -4.887764e-01 0.000000e+00
      endloop
   endfacet
   facet normal 0.000000e+00 0.000000e+00 -1.000000e+00
      outer loop
         vertex -7.166796e+00 -6.135980e-01 0.000000e+00
         vertex -7.168810e+00 -6.847260e-01 0.000000e+00
         vertex -7.641394e+00 -4.887764e-01 0.000000e+00
      endloop
   endfacet
   facet normal 0.000000e+00 0.000000e+00 -1.000000e+00
      outer loop
         vertex -7.641394e+00 -4.887764e-01 0.000000e+00
         vertex -7.168810e+00 -6.847260e-01 0.000000e+00
         vertex -7.585016e+00 -5.835071e-01 0.000000e+00
      endloop
   endfacet
   facet normal 0.000000e+00 0.000000e+00 -1.000000e+00
      outer loop
         vertex -7.168810e+00 -6.847260e-01 0.000000e+00
         vertex -7.179024e+00 -7.551457e-01 0.000000e+00
         vertex -7.585016e+00 -5.835071e-01 0.000000e+00
      endloop
   endfacet
   facet normal 0.000000e+00 0.000000e+00 -1.000000e+00
      outer loop
         vertex -7.585016e+00 -5.835071e-01 0.000000e+00
         vertex -7.179024e+00 -7.551457e-01 0.000000e+00
         vertex -7.563587e+00 -6.570628e-01 0.000000e+00
      endloop
   endfacet
   facet normal 0.000000e+00 0.000000e+00 -1.000000e+00
      outer loop
         vertex -7.179024e+00 -7.551457e-01 0.000000e+00
         vertex -7.200759e+00 -8.408374e-01 0.000000e+00
         vertex -7.563587e+00 -6.570628e-01 0.000000e+00
      endloop
   endfacet
   facet normal 0.000000e+00 0.000000e+00 -1.000000e+00
      outer loop
         vertex -7.563587e+00 -6.570628e-01 0.000000e+00
         vertex -7.200759e+00 -8.408374e-01 0.000000e+00
         vertex -7.558674e+00 -7.335186e-01 0.000000e+00
      endloop
   endfacet
   facet normal 0.000000e+00 0.000000e+00 -1.000000e+00
      outer loop
         vertex -7.200759e+00 -8.408374e-01 0.000000e+00
         vertex -7.230359e+00 -9.241400e-01 0.000000e+00
         vertex -7.558674e+00 -7.335186e-01 0.000000e+00
      endloop
   endfacet
   facet normal 0.000000e+00 0.000000e+00 -1.000000e+00
      outer loop
         vertex -7.558674e+00 -7.335186e-01 0.000000e+00
         vertex -7.230359e+00 -9.241400e-01 0.000000e+00
         vertex -7.571431e+00 -8.302518e-01 0.000000e+00
      endloop
   endfacet
   facet normal 0.000000e+00 0.000000e+00 -1.000000e+00
      outer loop
         vertex -7.230359e+00 -9.241400e-01 0.000000e+00
         vertex -8.237430e+00 -3.388568e+00 0.000000e+00
         vertex -7.571431e+00 -8.302518e-01 0.000000e+00
      endloop
   endfacet
   facet normal 0.000000e+00 0.000000e+00 -1.000000e+00
      outer loop
         vertex -7.571431e+00 -8.302518e-01 0.000000e+00
         vertex -8.237430e+00 -3.388568e+00 0.000000e+00
         vertex -7.600487e+00 -9.233958e-01 0.000000e+00
      endloop
   endfacet
   facet normal 0.000000e+00 0.000000e+00 -1.000000e+00
      outer loop
         vertex -8.237430e+00 -3.388568e+00 0.000000e+00
         vertex -8.325580e+00 -3.559929e+00 0.000000e+00
         vertex -7.600487e+00 -9.233958e-01 0.000000e+00
      endloop
   endfacet
   facet normal 0.000000e+00 0.000000e+00 -1.000000e+00
      outer loop
         vertex -7.600487e+00 -9.233958e-01 0.000000e+00
         vertex -8.325580e+00 -3.559929e+00 0.000000e+00
         vertex -8.608135e+00 -3.389313e+00 0.000000e+00
      endloop
   endfacet
   facet normal 0.000000e+00 0.000000e+00 -1.000000e+00
      outer loop
         vertex -8.325580e+00 -3.559929e+00 0.000000e+00
         vertex -8.442111e+00 -3.713407e+00 0.000000e+00
         vertex -8.608135e+00 -3.389313e+00 0.000000e+00
      endloop
   endfacet
   facet normal 0.000000e+00 0.000000e+00 -1.000000e+00
      outer loop
         vertex -8.608135e+00 -3.389313e+00 0.000000e+00
         vertex -8.442111e+00 -3.713407e+00 0.000000e+00
         vertex -8.670496e+00 -3.510571e+00 0.000000e+00
      endloop
   endfacet
   facet normal 0.000000e+00 0.000000e+00 -1.000000e+00
      outer loop
         vertex -8.442111e+00 -3.713407e+00 0.000000e+00
         vertex -8.622287e+00 -3.887212e+00 0.000000e+00
         vertex -8.670496e+00 -3.510571e+00 0.000000e+00
      endloop
   endfacet
   facet normal 0.000000e+00 0.000000e+00 -1.000000e+00
      outer loop
         vertex -8.670496e+00 -3.510571e+00 0.000000e+00
         vertex -8.622287e+00 -3.887212e+00 0.000000e+00
         vertex -8.752923e+00 -3.619190e+00 0.000000e+00
      endloop
   endfacet
   facet normal 0.000000e+00 0.000000e+00 -1.000000e+00
      outer loop
         vertex -8.622287e+00 -3.887212e+00 0.000000e+00
         vertex -8.824019e+00 -4.035454e+00 0.000000e+00
         vertex -8.752923e+00 -3.619190e+00 0.000000e+00
      endloop
   endfacet
   facet normal 0.000000e+00 0.000000e+00 -1.000000e+00
      outer loop
         vertex -8.752923e+00 -3.619190e+00 0.000000e+00
         vertex -8.824019e+00 -4.035454e+00 0.000000e+00
         vertex -8.872008e+00 -3.732992e+00 0.000000e+00
      endloop
   endfacet
   facet normal 0.000000e+00 0.000000e+00 -1.000000e+00
      outer loop
         vertex -8.824019e+00 -4.035454e+00 0.000000e+00
         vertex -9.044516e+00 -4.155744e+00 0.000000e+00
         vertex -8.872008e+00 -3.732992e+00 0.000000e+00
      endloop
   endfacet
   facet normal 0.000000e+00 0.000000e+00 -1.000000e+00
      outer loop
         vertex -8.872008e+00 -3.732992e+00 0.000000e+00
         vertex -9.044516e+00 -4.155744e+00 0.000000e+00
         vertex -9.006168e+00 -3.828562e+00 0.000000e+00
      endloop
   endfacet
   facet normal 0.000000e+00 0.000000e+00 -1.000000e+00
      outer loop
         vertex -9.044516e+00 -4.155744e+00 0.000000e+00
         vertex -9.279191e+00 -4.245275e+00 0.000000e+00
         vertex -9.006168e+00 -3.828562e+00 0.000000e+00
      endloop
   endfacet
   facet normal 0.000000e+00 0.000000e+00 -1.000000e+00
      outer loop
         vertex -9.006168e+00 -3.828562e+00 0.000000e+00
         vertex -9.279191e+00 -4.245275e+00 0.000000e+00
         vertex -9.153296e+00 -3.905592e+00 0.000000e+00
      endloop
   endfacet
   facet normal 0.000000e+00 0.000000e+00 -1.000000e+00
      outer loop
         vertex -9.279191e+00 -4.245275e+00 0.000000e+00
         vertex -9.502072e+00 -4.295757e+00 0.000000e+00
         vertex -9.153296e+00 -3.905592e+00 0.000000e+00
      endloop
   endfacet
   facet normal 0.000000e+00 0.000000e+00 -1.000000e+00
      outer loop
         vertex -9.153296e+00 -3.905592e+00 0.000000e+00
         vertex -9.502072e+00 -4.295757e+00 0.000000e+00
         vertex -9.309144e+00 -3.962965e+00 0.000000e+00
      endloop
   endfacet
   facet normal 0.000000e+00 0.000000e+00 -1.000000e+00
      outer loop
         vertex -9.502072e+00 -4.295757e+00 0.000000e+00
         vertex -9.729969e+00 -4.312708e+00 0.000000e+00
         vertex -9.309144e+00 -3.962965e+00 0.000000e+00
      endloop
   endfacet
   facet normal 0.000000e+00 0.000000e+00 -1.000000e+00
      outer loop
         vertex -9.309144e+00 -3.962965e+00 0.000000e+00
         vertex -9.729969e+00 -4.312708e+00 0.000000e+00
         vertex -9.455297e+00 -3.995029e+00 0.000000e+00
      endloop
   endfacet
   facet normal 0.000000e+00 0.000000e+00 -1.000000e+00
      outer loop
         vertex -9.729969e+00 -4.312708e+00 0.000000e+00
         vertex -1.065221e+01 -4.312708e+00 0.000000e+00
         vertex -9.455297e+00 -3.995029e+00 0.000000e+00
      endloop
   endfacet
   facet normal 0.000000e+00 0.000000e+00 -1.000000e+00
      outer loop
         vertex -9.455297e+00 -3.995029e+00 0.000000e+00
         vertex -1.065221e+01 -4.312708e+00 0.000000e+00
         vertex -9.604540e+00 -4.005792e+00 0.000000e+00
      endloop
   endfacet
   facet normal 0.000000e+00 0.000000e+00 -1.000000e+00
      outer loop
         vertex -1.065221e+01 -4.312708e+00 0.000000e+00
         vertex -1.073530e+01 -4.286238e+00 0.000000e+00
         vertex -9.604540e+00 -4.005792e+00 0.000000e+00
      endloop
   endfacet
   facet normal 0.000000e+00 0.000000e+00 -1.000000e+00
      outer loop
         vertex -9.604540e+00 -4.005792e+00 0.000000e+00
         vertex -1.073530e+01 -4.286238e+00 0.000000e+00
         vertex -1.052678e+01 -4.005792e+00 0.000000e+00
      endloop
   endfacet
   facet normal 0.000000e+00 0.000000e+00 -1.000000e+00
      outer loop
         vertex -1.073530e+01 -4.286238e+00 0.000000e+00
         vertex -1.075808e+01 -4.263595e+00 0.000000e+00
         vertex -1.052678e+01 -4.005792e+00 0.000000e+00
      endloop
   endfacet
   facet normal 0.000000e+00 0.000000e+00 -1.000000e+00
      outer loop
         vertex -1.052678e+01 -4.005792e+00 0.000000e+00
         vertex -1.075808e+01 -4.263595e+00 0.000000e+00
         vertex -1.056964e+01 -4.009044e+00 0.000000e+00
      endloop
   endfacet
   facet normal 0.000000e+00 0.000000e+00 -1.000000e+00
      outer loop
         vertex -1.075808e+01 -4.263595e+00 0.000000e+00
         vertex -1.078294e+01 -4.199903e+00 0.000000e+00
         vertex -1.056964e+01 -4.009044e+00 0.000000e+00
      endloop
   endfacet
   facet normal 0.000000e+00 0.000000e+00 -1.000000e+00
      outer loop
         vertex -1.056964e+01 -4.009044e+00 0.000000e+00
         vertex -1.078294e+01 -4.199903e+00 0.000000e+00
         vertex -1.061153e+01 -4.018728e+00 0.000000e+00
      endloop
   endfacet
   facet normal 0.000000e+00 -0.000000e+00 -1.000000e+00
      outer loop
         vertex -1.078294e+01 -4.199903e+00 0.000000e+00
         vertex -1.077470e+01 -4.159250e+00 0.000000e+00
         vertex -1.061153e+01 -4.018728e+00 0.000000e+00
      endloop
   endfacet
   facet normal 0.000000e+00 0.000000e+00 -1.000000e+00
      outer loop
         vertex -1.061153e+01 -4.018728e+00 0.000000e+00
         vertex -1.077470e+01 -4.159250e+00 0.000000e+00
         vertex -1.064918e+01 -4.033905e+00 0.000000e+00
      endloop
   endfacet
   facet normal 0.000000e+00 -0.000000e+00 -1.000000e+00
      outer loop
         vertex -1.077470e+01 -4.159250e+00 0.000000e+00
         vertex -1.076158e+01 -4.133425e+00 0.000000e+00
         vertex -1.064918e+01 -4.033905e+00 0.000000e+00
      endloop
   endfacet
   facet normal 0.000000e+00 0.000000e+00 -1.000000e+00
      outer loop
         vertex -1.064918e+01 -4.033905e+00 0.000000e+00
         vertex -1.076158e+01 -4.133425e+00 0.000000e+00
         vertex -1.068392e+01 -4.054905e+00 0.000000e+00
      endloop
   endfacet
   facet normal 0.000000e+00 -0.000000e+00 -1.000000e+00
      outer loop
         vertex -1.076158e+01 -4.133425e+00 0.000000e+00
         vertex -1.074442e+01 -4.110089e+00 0.000000e+00
         vertex -1.068392e+01 -4.054905e+00 0.000000e+00
      endloop
   endfacet
   facet normal 0.000000e+00 0.000000e+00 -1.000000e+00
      outer loop
         vertex -1.068392e+01 -4.054905e+00 0.000000e+00
         vertex -1.074442e+01 -4.110089e+00 0.000000e+00
         vertex -1.071576e+01 -4.080750e+00 0.000000e+00
      endloop
   endfacet
   facet normal 1.224647e-16 1.000000e+00 -0.000000e+00
      outer loop
         vertex -3.598333e+00 4.406687e-16 0.000000e+00
         vertex -5.079834e+00 6.221003e-16 0.000000e+00
         vertex -5.079834e+00 6.221003e-16 5.000000e+00
      endloop
   endfacet
   facet normal 1.224647e-16 1.000000e+00 0.000000e+00
      outer loop
         vertex -3.598333e+00 4.406687e-16 0.000000e+00
         vertex -5.079834e+00 6.221003e-16 5.000000e+00
         vertex -3.598333e+00 4.406687e-16 5.000000e+00
      endloop
   endfacet
   facet normal -7.565967e-02 9.971337e-01 0.000000e+00
      outer loop
         vertex -5.079834e+00 6.106227e-16 0.000000e+00
         vertex -5.122702e+00 -3.252640e-03 0.000000e+00
         vertex -5.122702e+00 -3.252640e-03 5.000000e+00
      endloop
   endfacet
   facet normal -7.565967e-02 9.971337e-01 0.000000e+00
      outer loop
         vertex -5.079834e+00 6.106227e-16 0.000000e+00
         vertex -5.122702e+00 -3.252640e-03 5.000000e+00
         vertex -5.079834e+00 6.106227e-16 5.000000e+00
      endloop
   endfacet
   facet normal -2.252479e-01 9.743015e-01 0.000000e+00
      outer loop
         vertex -5.122702e+00 -3.252640e-03 0.000000e+00
         vertex -5.164587e+00 -1.293608e-02 0.000000e+00
         vertex -5.164587e+00 -1.293608e-02 5.000000e+00
      endloop
   endfacet
   facet normal -2.252479e-01 9.743015e-01 0.000000e+00
      outer loop
         vertex -5.122702e+00 -3.252640e-03 0.000000e+00
         vertex -5.164587e+00 -1.293608e-02 5.000000e+00
         vertex -5.122702e+00 -3.252640e-03 5.000000e+00
      endloop
   endfacet
   facet normal -3.738944e-01 9.274713e-01 0.000000e+00
      outer loop
         vertex -5.164587e+00 -1.293608e-02 0.000000e+00
         vertex -5.202235e+00 -2.811313e-02 0.000000e+00
         vertex -5.202235e+00 -2.811313e-02 5.000000e+00
      endloop
   endfacet
   facet normal -3.738944e-01 9.274713e-01 0.000000e+00
      outer loop
         vertex -5.164587e+00 -1.293608e-02 0.000000e+00
         vertex -5.202235e+00 -2.811313e-02 5.000000e+00
         vertex -5.164587e+00 -1.293608e-02 5.000000e+00
      endloop
   endfacet
   facet normal -5.173481e-01 8.557750e-01 0.000000e+00
      outer loop
         vertex -5.202235e+00 -2.811313e-02 0.000000e+00
         vertex -5.236972e+00 -4.911330e-02 0.000000e+00
         vertex -5.236972e+00 -4.911330e-02 5.000000e+00
      endloop
   endfacet
   facet normal -5.173481e-01 8.557750e-01 0.000000e+00
      outer loop
         vertex -5.202235e+00 -2.811313e-02 0.000000e+00
         vertex -5.236972e+00 -4.911330e-02 5.000000e+00
         vertex -5.202235e+00 -2.811313e-02 5.000000e+00
      endloop
   endfacet
   facet normal -6.301243e-01 7.764943e-01 0.000000e+00
      outer loop
         vertex -5.236972e+00 -4.911330e-02 0.000000e+00
         vertex -5.268820e+00 -7.495788e-02 0.000000e+00
         vertex -5.268820e+00 -7.495788e-02 5.000000e+00
      endloop
   endfacet
   facet normal -6.301243e-01 7.764943e-01 0.000000e+00
      outer loop
         vertex -5.236972e+00 -4.911330e-02 0.000000e+00
         vertex -5.268820e+00 -7.495788e-02 5.000000e+00
         vertex -5.236972e+00 -4.911330e-02 5.000000e+00
      endloop
   endfacet
   facet normal -7.153283e-01 6.987886e-01 0.000000e+00
      outer loop
         vertex -5.268820e+00 -7.495788e-02 0.000000e+00
         vertex -5.297481e+00 -1.042970e-01 0.000000e+00
         vertex -5.297481e+00 -1.042970e-01 5.000000e+00
      endloop
   endfacet
   facet normal -7.153283e-01 6.987886e-01 0.000000e+00
      outer loop
         vertex -5.268820e+00 -7.495788e-02 0.000000e+00
         vertex -5.297481e+00 -1.042970e-01 5.000000e+00
         vertex -5.268820e+00 -7.495788e-02 5.000000e+00
      endloop
   endfacet
   facet normal -8.056605e-01 5.923775e-01 0.000000e+00
      outer loop
         vertex -5.297481e+00 -1.042970e-01 0.000000e+00
         vertex -5.314640e+00 -1.276334e-01 0.000000e+00
         vertex -5.314640e+00 -1.276334e-01 5.000000e+00
      endloop
   endfacet
   facet normal -8.056605e-01 5.923775e-01 0.000000e+00
      outer loop
         vertex -5.297481e+00 -1.042970e-01 0.000000e+00
         vertex -5.314640e+00 -1.276334e-01 5.000000e+00
         vertex -5.297481e+00 -1.042970e-01 5.000000e+00
      endloop
   endfacet
   facet normal -8.915738e-01 4.528754e-01 0.000000e+00
      outer loop
         vertex -5.314640e+00 -1.276334e-01 0.000000e+00
         vertex -5.327757e+00 -1.534583e-01 0.000000e+00
         vertex -5.327757e+00 -1.534583e-01 5.000000e+00
      endloop
   endfacet
   facet normal -8.915738e-01 4.528754e-01 0.000000e+00
      outer loop
         vertex -5.314640e+00 -1.276334e-01 0.000000e+00
         vertex -5.327757e+00 -1.534583e-01 5.000000e+00
         vertex -5.314640e+00 -1.276334e-01 5.000000e+00
      endloop
   endfacet
   facet normal -9.800577e-01 1.987133e-01 0.000000e+00
      outer loop
         vertex -5.327757e+00 -1.534583e-01 0.000000e+00
         vertex -5.336000e+00 -1.941110e-01 0.000000e+00
         vertex -5.336000e+00 -1.941110e-01 5.000000e+00
      endloop
   endfacet
   facet normal -9.800577e-01 1.987133e-01 0.000000e+00
      outer loop
         vertex -5.327757e+00 -1.534583e-01 0.000000e+00
         vertex -5.336000e+00 -1.941110e-01 5.000000e+00
         vertex -5.327757e+00 -1.534583e-01 5.000000e+00
      endloop
   endfacet
   facet normal -9.315467e-01 -3.636218e-01 0.000000e+00
      outer loop
         vertex -5.336000e+00 -1.941110e-01 0.000000e+00
         vertex -5.311138e+00 -2.578034e-01 0.000000e+00
         vertex -5.311138e+00 -2.578034e-01 5.000000e+00
      endloop
   endfacet
   facet normal -9.315467e-01 -3.636218e-01 0.000000e+00
      outer loop
         vertex -5.336000e+00 -1.941110e-01 0.000000e+00
         vertex -5.311138e+00 -2.578034e-01 5.000000e+00
         vertex -5.336000e+00 -1.941110e-01 5.000000e+00
      endloop
   endfacet
   facet normal -7.049444e-01 -7.092626e-01 0.000000e+00
      outer loop
         vertex -5.311138e+00 -2.578034e-01 0.000000e+00
         vertex -5.288357e+00 -2.804461e-01 0.000000e+00
         vertex -5.288357e+00 -2.804461e-01 5.000000e+00
      endloop
   endfacet
   facet normal -7.049444e-01 -7.092626e-01 0.000000e+00
      outer loop
         vertex -5.311138e+00 -2.578034e-01 0.000000e+00
         vertex -5.288357e+00 -2.804461e-01 5.000000e+00
         vertex -5.311138e+00 -2.578034e-01 5.000000e+00
      endloop
   endfacet
   facet normal -3.035351e-01 -9.528202e-01 0.000000e+00
      outer loop
         vertex -5.288357e+00 -2.804461e-01 0.000000e+00
         vertex -5.205264e+00 -3.069167e-01 0.000000e+00
         vertex -5.205264e+00 -3.069167e-01 5.000000e+00
      endloop
   endfacet
   facet normal -3.035351e-01 -9.528202e-01 0.000000e+00
      outer loop
         vertex -5.288357e+00 -2.804461e-01 0.000000e+00
         vertex -5.205264e+00 -3.069167e-01 5.000000e+00
         vertex -5.288357e+00 -2.804461e-01 5.000000e+00
      endloop
   endfacet
   facet normal 0.000000e+00 -1.000000e+00 0.000000e+00
      outer loop
         vertex -5.205264e+00 -3.069167e-01 0.000000e+00
         vertex -3.908971e+00 -3.069167e-01 0.000000e+00
         vertex -3.908971e+00 -3.069167e-01 5.000000e+00
      endloop
   endfacet
   facet normal -0.000000e+00 -1.000000e+00 0.000000e+00
      outer loop
         vertex -5.205264e+00 -3.069167e-01 0.000000e+00
         vertex -3.908971e+00 -3.069167e-01 5.000000e+00
         vertex -5.205264e+00 -3.069167e-01 5.000000e+00
      endloop
   endfacet
   facet normal -9.256936e-01 3.782742e-01 0.000000e+00
      outer loop
         vertex -3.908971e+00 -3.069167e-01 0.000000e+00
         vertex -5.483200e+00 -4.159291e+00 0.000000e+00
         vertex -5.483200e+00 -4.159291e+00 5.000000e+00
      endloop
   endfacet
   facet normal -9.256936e-01 3.782742e-01 0.000000e+00
      outer loop
         vertex -3.908971e+00 -3.069167e-01 0.000000e+00
         vertex -5.483200e+00 -4.159291e+00 5.000000e+00
         vertex -3.908971e+00 -3.069167e-01 5.000000e+00
      endloop
   endfacet
   facet normal -9.850647e-01 1.721844e-01 0.000000e+00
      outer loop
         vertex -5.483200e+00 -4.159291e+00 0.000000e+00
         vertex -5.494939e+00 -4.226451e+00 0.000000e+00
         vertex -5.494939e+00 -4.226451e+00 5.000000e+00
      endloop
   endfacet
   facet normal -9.850647e-01 1.721844e-01 0.000000e+00
      outer loop
         vertex -5.483200e+00 -4.159291e+00 0.000000e+00
         vertex -5.494939e+00 -4.226451e+00 5.000000e+00
         vertex -5.483200e+00 -4.159291e+00 5.000000e+00
      endloop
   endfacet
   facet normal -8.868782e-01 -4.620033e-01 0.000000e+00
      outer loop
         vertex -5.494939e+00 -4.226451e+00 0.000000e+00
         vertex -5.470529e+00 -4.273310e+00 0.000000e+00
         vertex -5.470529e+00 -4.273310e+00 5.000000e+00
      endloop
   endfacet
   facet normal -8.868782e-01 -4.620033e-01 0.000000e+00
      outer loop
         vertex -5.494939e+00 -4.226451e+00 0.000000e+00
         vertex -5.470529e+00 -4.273310e+00 5.000000e+00
         vertex -5.494939e+00 -4.226451e+00 5.000000e+00
      endloop
   endfacet
   facet normal -6.060396e-01 -7.954345e-01 0.000000e+00
      outer loop
         vertex -5.470529e+00 -4.273310e+00 0.000000e+00
         vertex -5.448366e+00 -4.290196e+00 0.000000e+00
         vertex -5.448366e+00 -4.290196e+00 5.000000e+00
      endloop
   endfacet
   facet normal -6.060396e-01 -7.954345e-01 0.000000e+00
      outer loop
         vertex -5.470529e+00 -4.273310e+00 0.000000e+00
         vertex -5.448366e+00 -4.290196e+00 5.000000e+00
         vertex -5.470529e+00 -4.273310e+00 5.000000e+00
      endloop
   endfacet
   facet normal -4.355936e-01 -9.001435e-01 0.000000e+00
      outer loop
         vertex -5.448366e+00 -4.290196e+00 0.000000e+00
         vertex -5.423285e+00 -4.302333e+00 0.000000e+00
         vertex -5.423285e+00 -4.302333e+00 5.000000e+00
      endloop
   endfacet
   facet normal -4.355936e-01 -9.001435e-01 0.000000e+00
      outer loop
         vertex -5.448366e+00 -4.290196e+00 0.000000e+00
         vertex -5.423285e+00 -4.302333e+00 5.000000e+00
         vertex -5.448366e+00 -4.290196e+00 5.000000e+00
      endloop
   endfacet
   facet normal -2.598497e-01 -9.656491e-01 0.000000e+00
      outer loop
         vertex -5.423285e+00 -4.302333e+00 0.000000e+00
         vertex -5.392604e+00 -4.310589e+00 0.000000e+00
         vertex -5.392604e+00 -4.310589e+00 5.000000e+00
      endloop
   endfacet
   facet normal -2.598497e-01 -9.656491e-01 0.000000e+00
      outer loop
         vertex -5.423285e+00 -4.302333e+00 0.000000e+00
         vertex -5.392604e+00 -4.310589e+00 5.000000e+00
         vertex -5.423285e+00 -4.302333e+00 5.000000e+00
      endloop
   endfacet
   facet normal -8.751230e-02 -9.961634e-01 0.000000e+00
      outer loop
         vertex -5.392604e+00 -4.310589e+00 0.000000e+00
         vertex -5.360954e+00 -4.313370e+00 0.000000e+00
         vertex -5.360954e+00 -4.313370e+00 5.000000e+00
      endloop
   endfacet
   facet normal -8.751230e-02 -9.961634e-01 0.000000e+00
      outer loop
         vertex -5.392604e+00 -4.310589e+00 0.000000e+00
         vertex -5.360954e+00 -4.313370e+00 5.000000e+00
         vertex -5.392604e+00 -4.310589e+00 5.000000e+00
      endloop
   endfacet
   facet normal 8.335162e-02 -9.965202e-01 0.000000e+00
      outer loop
         vertex -5.360954e+00 -4.313370e+00 0.000000e+00
         vertex -5.325244e+00 -4.310383e+00 0.000000e+00
         vertex -5.325244e+00 -4.310383e+00 5.000000e+00
      endloop
   endfacet
   facet normal 8.335162e-02 -9.965202e-01 0.000000e+00
      outer loop
         vertex -5.360954e+00 -4.313370e+00 0.000000e+00
         vertex -5.325244e+00 -4.310383e+00 5.000000e+00
         vertex -5.360954e+00 -4.313370e+00 5.000000e+00
      endloop
   endfacet
   facet normal 2.477513e-01 -9.688237e-01 0.000000e+00
      outer loop
         vertex -5.325244e+00 -4.310383e+00 0.000000e+00
         vertex -5.290526e+00 -4.301505e+00 0.000000e+00
         vertex -5.290526e+00 -4.301505e+00 5.000000e+00
      endloop
   endfacet
   facet normal 2.477513e-01 -9.688237e-01 0.000000e+00
      outer loop
         vertex -5.325244e+00 -4.310383e+00 0.000000e+00
         vertex -5.290526e+00 -4.301505e+00 5.000000e+00
         vertex -5.325244e+00 -4.310383e+00 5.000000e+00
      endloop
   endfacet
   facet normal 3.892054e-01 -9.211510e-01 0.000000e+00
      outer loop
         vertex -5.290526e+00 -4.301505e+00 0.000000e+00
         vertex -5.248882e+00 -4.283909e+00 0.000000e+00
         vertex -5.248882e+00 -4.283909e+00 5.000000e+00
      endloop
   endfacet
   facet normal 3.892054e-01 -9.211510e-01 0.000000e+00
      outer loop
         vertex -5.290526e+00 -4.301505e+00 0.000000e+00
         vertex -5.248882e+00 -4.283909e+00 5.000000e+00
         vertex -5.290526e+00 -4.301505e+00 5.000000e+00
      endloop
   endfacet
   facet normal 5.069593e-01 -8.619700e-01 0.000000e+00
      outer loop
         vertex -5.248882e+00 -4.283909e+00 0.000000e+00
         vertex -5.209914e+00 -4.260991e+00 0.000000e+00
         vertex -5.209914e+00 -4.260991e+00 5.000000e+00
      endloop
   endfacet
   facet normal 5.069593e-01 -8.619700e-01 0.000000e+00
      outer loop
         vertex -5.248882e+00 -4.283909e+00 0.000000e+00
         vertex -5.209914e+00 -4.260991e+00 5.000000e+00
         vertex -5.248882e+00 -4.283909e+00 5.000000e+00
      endloop
   endfacet
   facet normal 6.054332e-01 -7.958961e-01 0.000000e+00
      outer loop
         vertex -5.209914e+00 -4.260991e+00 0.000000e+00
         vertex -5.173763e+00 -4.233490e+00 0.000000e+00
         vertex -5.173763e+00 -4.233490e+00 5.000000e+00
      endloop
   endfacet
   facet normal 6.054332e-01 -7.958961e-01 0.000000e+00
      outer loop
         vertex -5.209914e+00 -4.260991e+00 0.000000e+00
         vertex -5.173763e+00 -4.233490e+00 5.000000e+00
         vertex -5.209914e+00 -4.260991e+00 5.000000e+00
      endloop
   endfacet
   facet normal 6.857831e-01 -7.278060e-01 0.000000e+00
      outer loop
         vertex -5.173763e+00 -4.233490e+00 0.000000e+00
         vertex -5.140704e+00 -4.202341e+00 0.000000e+00
         vertex -5.140704e+00 -4.202341e+00 5.000000e+00
      endloop
   endfacet
   facet normal 6.857831e-01 -7.278060e-01 0.000000e+00
      outer loop
         vertex -5.173763e+00 -4.233490e+00 0.000000e+00
         vertex -5.140704e+00 -4.202341e+00 5.000000e+00
         vertex -5.173763e+00 -4.233490e+00 5.000000e+00
      endloop
   endfacet
   facet normal 7.845835e-01 -6.200232e-01 0.000000e+00
      outer loop
         vertex -5.140704e+00 -4.202341e+00 0.000000e+00
         vertex -5.124745e+00 -4.182146e+00 0.000000e+00
         vertex -5.124745e+00 -4.182146e+00 5.000000e+00
      endloop
   endfacet
   facet normal 7.845835e-01 -6.200232e-01 0.000000e+00
      outer loop
         vertex -5.140704e+00 -4.202341e+00 0.000000e+00
         vertex -5.124745e+00 -4.182146e+00 5.000000e+00
         vertex -5.140704e+00 -4.202341e+00 5.000000e+00
      endloop
   endfacet
   facet normal 8.863039e-01 -4.631041e-01 0.000000e+00
      outer loop
         vertex -5.124745e+00 -4.182146e+00 0.000000e+00
         vertex -5.112825e+00 -4.159333e+00 0.000000e+00
         vertex -5.112825e+00 -4.159333e+00 5.000000e+00
      endloop
   endfacet
   facet normal 8.863039e-01 -4.631041e-01 0.000000e+00
      outer loop
         vertex -5.124745e+00 -4.182146e+00 0.000000e+00
         vertex -5.112825e+00 -4.159333e+00 5.000000e+00
         vertex -5.124745e+00 -4.182146e+00 5.000000e+00
      endloop
   endfacet
   facet normal 9.256921e-01 -3.782779e-01 0.000000e+00
      outer loop
         vertex -5.112825e+00 -4.159333e+00 0.000000e+00
         vertex -3.476087e+00 -1.540371e-01 0.000000e+00
         vertex -3.476087e+00 -1.540371e-01 5.000000e+00
      endloop
   endfacet
   facet normal 9.256921e-01 -3.782779e-01 0.000000e+00
      outer loop
         vertex -5.112825e+00 -4.159333e+00 0.000000e+00
         vertex -3.476087e+00 -1.540371e-01 5.000000e+00
         vertex -5.112825e+00 -4.159333e+00 5.000000e+00
      endloop
   endfacet
   facet normal 9.733434e-01 -2.293524e-01 0.000000e+00
      outer loop
         vertex -3.476087e+00 -1.540371e-01 0.000000e+00
         vertex -3.460114e+00 -8.625031e-02 0.000000e+00
         vertex -3.460114e+00 -8.625031e-02 5.000000e+00
      endloop
   endfacet
   facet normal 9.733434e-01 -2.293524e-01 0.000000e+00
      outer loop
         vertex -3.476087e+00 -1.540371e-01 0.000000e+00
         vertex -3.460114e+00 -8.625031e-02 5.000000e+00
         vertex -3.476087e+00 -1.540371e-01 5.000000e+00
      endloop
   endfacet
   facet normal 9.453532e-01 3.260480e-01 -0.000000e+00
      outer loop
         vertex -3.460114e+00 -8.625031e-02 0.000000e+00
         vertex -3.477564e+00 -3.565567e-02 0.000000e+00
         vertex -3.477564e+00 -3.565567e-02 5.000000e+00
      endloop
   endfacet
   facet normal 9.453532e-01 3.260480e-01 0.000000e+00
      outer loop
         vertex -3.460114e+00 -8.625031e-02 0.000000e+00
         vertex -3.477564e+00 -3.565567e-02 5.000000e+00
         vertex -3.460114e+00 -8.625031e-02 5.000000e+00
      endloop
   endfacet
   facet normal 6.939849e-01 7.199896e-01 -0.000000e+00
      outer loop
         vertex -3.477564e+00 -3.565567e-02 0.000000e+00
         vertex -3.485445e+00 -2.805985e-02 0.000000e+00
         vertex -3.485445e+00 -2.805985e-02 5.000000e+00
      endloop
   endfacet
   facet normal 6.939849e-01 7.199896e-01 0.000000e+00
      outer loop
         vertex -3.477564e+00 -3.565567e-02 0.000000e+00
         vertex -3.485445e+00 -2.805985e-02 5.000000e+00
         vertex -3.477564e+00 -3.565567e-02 5.000000e+00
      endloop
   endfacet
   facet normal 5.481247e-01 8.363966e-01 -0.000000e+00
      outer loop
         vertex -3.485445e+00 -2.805985e-02 0.000000e+00
         vertex -3.502978e+00 -1.656972e-02 0.000000e+00
         vertex -3.502978e+00 -1.656972e-02 5.000000e+00
      endloop
   endfacet
   facet normal 5.481247e-01 8.363966e-01 0.000000e+00
      outer loop
         vertex -3.485445e+00 -2.805985e-02 0.000000e+00
         vertex -3.502978e+00 -1.656972e-02 5.000000e+00
         vertex -3.485445e+00 -2.805985e-02 5.000000e+00
      endloop
   endfacet
   facet normal 3.483284e-01 9.373726e-01 -0.000000e+00
      outer loop
         vertex -3.502978e+00 -1.656972e-02 0.000000e+00
         vertex -3.522628e+00 -9.267773e-03 0.000000e+00
         vertex -3.522628e+00 -9.267773e-03 5.000000e+00
      endloop
   endfacet
   facet normal 3.483284e-01 9.373726e-01 0.000000e+00
      outer loop
         vertex -3.502978e+00 -1.656972e-02 0.000000e+00
         vertex -3.522628e+00 -9.267773e-03 5.000000e+00
         vertex -3.502978e+00 -1.656972e-02 5.000000e+00
      endloop
   endfacet
   facet normal 1.817048e-01 9.833531e-01 -0.000000e+00
      outer loop
         vertex -3.522628e+00 -9.267773e-03 0.000000e+00
         vertex -3.560198e+00 -2.325560e-03 0.000000e+00
         vertex -3.560198e+00 -2.325560e-03 5.000000e+00
      endloop
   endfacet
   facet normal 1.817048e-01 9.833531e-01 0.000000e+00
      outer loop
         vertex -3.522628e+00 -9.267773e-03 0.000000e+00
         vertex -3.560198e+00 -2.325560e-03 5.000000e+00
         vertex -3.522628e+00 -9.267773e-03 5.000000e+00
      endloop
   endfacet
   facet normal 6.086875e-02 9.981458e-01 -0.000000e+00
      outer loop
         vertex -3.560198e+00 -2.325560e-03 0.000000e+00
         vertex -3.598333e+00 4.440892e-16 0.000000e+00
         vertex -3.598333e+00 4.440892e-16 5.000000e+00
      endloop
   endfacet
   facet normal 6.086875e-02 9.981458e-01 0.000000e+00
      outer loop
         vertex -3.560198e+00 -2.325560e-03 0.000000e+00
         vertex -3.598333e+00 4.440892e-16 5.000000e+00
         vertex -3.560198e+00 -2.325560e-03 5.000000e+00
      endloop
   endfacet
   facet normal 0.000000e+00 0.000000e+00 1.000000e+00
      outer loop
         vertex -3.560198e+00 -2.325560e-03 5.000000e+00
         vertex -3.598333e+00 4.406687e-16 5.000000e+00
         vertex -3.522628e+00 -9.267773e-03 5.000000e+00
      endloop
   endfacet
   facet normal 0.000000e+00 0.000000e+00 1.000000e+00
      outer loop
         vertex -3.598333e+00 4.406687e-16 5.000000e+00
         vertex -5.079834e+00 6.106227e-16 5.000000e+00
         vertex -3.522628e+00 -9.267773e-03 5.000000e+00
      endloop
   endfacet
   facet normal 0.000000e+00 0.000000e+00 1.000000e+00
      outer loop
         vertex -3.522628e+00 -9.267773e-03 5.000000e+00
         vertex -5.079834e+00 6.106227e-16 5.000000e+00
         vertex -3.502978e+00 -1.656972e-02 5.000000e+00
      endloop
   endfacet
   facet normal -0.000000e+00 0.000000e+00 1.000000e+00
      outer loop
         vertex -5.079834e+00 6.106227e-16 5.000000e+00
         vertex -5.122702e+00 -3.252640e-03 5.000000e+00
         vertex -3.502978e+00 -1.656972e-02 5.000000e+00
      endloop
   endfacet
   facet normal 0.000000e+00 0.000000e+00 1.000000e+00
      outer loop
         vertex -3.502978e+00 -1.656972e-02 5.000000e+00
         vertex -5.122702e+00 -3.252640e-03 5.000000e+00
         vertex -3.485445e+00 -2.805985e-02 5.000000e+00
      endloop
   endfacet
   facet normal -0.000000e+00 0.000000e+00 1.000000e+00
      outer loop
         vertex -5.122702e+00 -3.252640e-03 5.000000e+00
         vertex -5.164587e+00 -1.293608e-02 5.000000e+00
         vertex -3.485445e+00 -2.805985e-02 5.000000e+00
      endloop
   endfacet
   facet normal 0.000000e+00 0.000000e+00 1.000000e+00
      outer loop
         vertex -3.485445e+00 -2.805985e-02 5.000000e+00
         vertex -5.164587e+00 -1.293608e-02 5.000000e+00
         vertex -3.477564e+00 -3.565567e-02 5.000000e+00
      endloop
   endfacet
   facet normal -0.000000e+00 0.000000e+00 1.000000e+00
      outer loop
         vertex -5.164587e+00 -1.293608e-02 5.000000e+00
         vertex -5.202235e+00 -2.811313e-02 5.000000e+00
         vertex -3.477564e+00 -3.565567e-02 5.000000e+00
      endloop
   endfacet
   facet normal 0.000000e+00 0.000000e+00 1.000000e+00
      outer loop
         vertex -3.477564e+00 -3.565567e-02 5.000000e+00
         vertex -5.202235e+00 -2.811313e-02 5.000000e+00
         vertex -3.460114e+00 -8.625031e-02 5.000000e+00
      endloop
   endfacet
   facet normal -0.000000e+00 0.000000e+00 1.000000e+00
      outer loop
         vertex -5.202235e+00 -2.811313e-02 5.000000e+00
         vertex -5.236972e+00 -4.911330e-02 5.000000e+00
         vertex -3.460114e+00 -8.625031e-02 5.000000e+00
      endloop
   endfacet
   facet normal 0.000000e+00 0.000000e+00 1.000000e+00
      outer loop
         vertex -3.460114e+00 -8.625031e-02 5.000000e+00
         vertex -5.236972e+00 -4.911330e-02 5.000000e+00
         vertex -3.476087e+00 -1.540371e-01 5.000000e+00
      endloop
   endfacet
   facet normal -0.000000e+00 0.000000e+00 1.000000e+00
      outer loop
         vertex -5.236972e+00 -4.911330e-02 5.000000e+00
         vertex -5.268820e+00 -7.495788e-02 5.000000e+00
         vertex -3.476087e+00 -1.540371e-01 5.000000e+00
      endloop
   endfacet
   facet normal -0.000000e+00 0.000000e+00 1.000000e+00
      outer loop
         vertex -3.476087e+00 -1.540371e-01 5.000000e+00
         vertex -3.908971e+00 -3.069167e-01 5.000000e+00
         vertex -5.112825e+00 -4.159333e+00 5.000000e+00
      endloop
   endfacet
   facet normal -0.000000e+00 0.000000e+00 1.000000e+00
      outer loop
         vertex -3.908971e+00 -3.069167e-01 5.000000e+00
         vertex -5.483200e+00 -4.159291e+00 5.000000e+00
         vertex -5.112825e+00 -4.159333e+00 5.000000e+00
      endloop
   endfacet
   facet normal 0.000000e+00 0.000000e+00 1.000000e+00
      outer loop
         vertex -5.112825e+00 -4.159333e+00 5.000000e+00
         vertex -5.483200e+00 -4.159291e+00 5.000000e+00
         vertex -5.124745e+00 -4.182146e+00 5.000000e+00
      endloop
   endfacet
   facet normal 0.000000e+00 0.000000e+00 1.000000e+00
      outer loop
         vertex -5.483200e+00 -4.159291e+00 5.000000e+00
         vertex -5.494939e+00 -4.226451e+00 5.000000e+00
         vertex -5.124745e+00 -4.182146e+00 5.000000e+00
      endloop
   endfacet
   facet normal 0.000000e+00 0.000000e+00 1.000000e+00
      outer loop
         vertex -5.124745e+00 -4.182146e+00 5.000000e+00
         vertex -5.494939e+00 -4.226451e+00 5.000000e+00
         vertex -5.140704e+00 -4.202341e+00 5.000000e+00
      endloop
   endfacet
   facet normal 0.000000e+00 -0.000000e+00 1.000000e+00
      outer loop
         vertex -5.494939e+00 -4.226451e+00 5.000000e+00
         vertex -5.470529e+00 -4.273310e+00 5.000000e+00
         vertex -5.140704e+00 -4.202341e+00 5.000000e+00
      endloop
   endfacet
   facet normal 0.000000e+00 0.000000e+00 1.000000e+00
      outer loop
         vertex -5.140704e+00 -4.202341e+00 5.000000e+00
         vertex -5.470529e+00 -4.273310e+00 5.000000e+00
         vertex -5.173763e+00 -4.233490e+00 5.000000e+00
      endloop
   endfacet
   facet normal 0.000000e+00 -0.000000e+00 1.000000e+00
      outer loop
         vertex -5.470529e+00 -4.273310e+00 5.000000e+00
         vertex -5.448366e+00 -4.290196e+00 5.000000e+00
         vertex -5.173763e+00 -4.233490e+00 5.000000e+00
      endloop
   endfacet
   facet normal 0.000000e+00 0.000000e+00 1.000000e+00
      outer loop
         vertex -5.173763e+00 -4.233490e+00 5.000000e+00
         vertex -5.448366e+00 -4.290196e+00 5.000000e+00
         vertex -5.209914e+00 -4.260991e+00 5.000000e+00
      endloop
   endfacet
   facet normal 0.000000e+00 -0.000000e+00 1.000000e+00
      outer loop
         vertex -5.448366e+00 -4.290196e+00 5.000000e+00
         vertex -5.423285e+00 -4.302333e+00 5.000000e+00
         vertex -5.209914e+00 -4.260991e+00 5.000000e+00
      endloop
   endfacet
   facet normal 0.000000e+00 0.000000e+00 1.000000e+00
      outer loop
         vertex -5.209914e+00 -4.260991e+00 5.000000e+00
         vertex -5.423285e+00 -4.302333e+00 5.000000e+00
         vertex -5.248882e+00 -4.283909e+00 5.000000e+00
      endloop
   endfacet
   facet normal 0.000000e+00 -0.000000e+00 1.000000e+00
      outer loop
         vertex -5.423285e+00 -4.302333e+00 5.000000e+00
         vertex -5.392604e+00 -4.310589e+00 5.000000e+00
         vertex -5.248882e+00 -4.283909e+00 5.000000e+00
      endloop
   endfacet
   facet normal 0.000000e+00 0.000000e+00 1.000000e+00
      outer loop
         vertex -5.248882e+00 -4.283909e+00 5.000000e+00
         vertex -5.392604e+00 -4.310589e+00 5.000000e+00
         vertex -5.290526e+00 -4.301505e+00 5.000000e+00
      endloop
   endfacet
   facet normal 0.000000e+00 -0.000000e+00 1.000000e+00
      outer loop
         vertex -5.392604e+00 -4.310589e+00 5.000000e+00
         vertex -5.360954e+00 -4.313370e+00 5.000000e+00
         vertex -5.290526e+00 -4.301505e+00 5.000000e+00
      endloop
   endfacet
   facet normal 0.000000e+00 0.000000e+00 1.000000e+00
      outer loop
         vertex -5.290526e+00 -4.301505e+00 5.000000e+00
         vertex -5.360954e+00 -4.313370e+00 5.000000e+00
         vertex -5.325244e+00 -4.310383e+00 5.000000e+00
      endloop
   endfacet
   facet normal 0.000000e+00 0.000000e+00 1.000000e+00
      outer loop
         vertex -3.908971e+00 -3.069167e-01 5.000000e+00
         vertex -3.476087e+00 -1.540371e-01 5.000000e+00
         vertex -5.205264e+00 -3.069167e-01 5.000000e+00
      endloop
   endfacet
   facet normal 0.000000e+00 0.000000e+00 1.000000e+00
      outer loop
         vertex -3.476087e+00 -1.540371e-01 5.000000e+00
         vertex -5.268820e+00 -7.495788e-02 5.000000e+00
         vertex -5.205264e+00 -3.069167e-01 5.000000e+00
      endloop
   endfacet
   facet normal 0.000000e+00 0.000000e+00 1.000000e+00
      outer loop
         vertex -5.205264e+00 -3.069167e-01 5.000000e+00
         vertex -5.268820e+00 -7.495788e-02 5.000000e+00
         vertex -5.288357e+00 -2.804461e-01 5.000000e+00
      endloop
   endfacet
   facet normal -0.000000e+00 0.000000e+00 1.000000e+00
      outer loop
         vertex -5.268820e+00 -7.495788e-02 5.000000e+00
         vertex -5.297481e+00 -1.042970e-01 5.000000e+00
         vertex -5.288357e+00 -2.804461e-01 5.000000e+00
      endloop
   endfacet
   facet normal 0.000000e+00 0.000000e+00 1.000000e+00
      outer loop
         vertex -5.288357e+00 -2.804461e-01 5.000000e+00
         vertex -5.297481e+00 -1.042970e-01 5.000000e+00
         vertex -5.311138e+00 -2.578034e-01 5.000000e+00
      endloop
   endfacet
   facet normal -0.000000e+00 0.000000e+00 1.000000e+00
      outer loop
         vertex -5.297481e+00 -1.042970e-01 5.000000e+00
         vertex -5.314640e+00 -1.276334e-01 5.000000e+00
         vertex -5.311138e+00 -2.578034e-01 5.000000e+00
      endloop
   endfacet
   facet normal 0.000000e+00 0.000000e+00 1.000000e+00
      outer loop
         vertex -5.311138e+00 -2.578034e-01 5.000000e+00
         vertex -5.314640e+00 -1.276334e-01 5.000000e+00
         vertex -5.336000e+00 -1.941110e-01 5.000000e+00
      endloop
   endfacet
   facet normal -0.000000e+00 0.000000e+00 1.000000e+00
      outer loop
         vertex -5.314640e+00 -1.276334e-01 5.000000e+00
         vertex -5.327757e+00 -1.534583e-01 5.000000e+00
         vertex -5.336000e+00 -1.941110e-01 5.000000e+00
      endloop
   endfacet
   facet normal -0.000000e+00 0.000000e+00 -1.000000e+00
      outer loop
         vertex -5.079834e+00 6.106227e-16 0.000000e+00
         vertex -3.598333e+00 4.406687e-16 0.000000e+00
         vertex -5.122702e+00 -3.252640e-03 0.000000e+00
      endloop
   endfacet
   facet normal -0.000000e+00 0.000000e+00 -1.000000e+00
      outer loop
         vertex -3.598333e+00 4.406687e-16 0.000000e+00
         vertex -3.560198e+00 -2.325560e-03 0.000000e+00
         vertex -5.122702e+00 -3.252640e-03 0.000000e+00
      endloop
   endfacet
   facet normal 0.000000e+00 0.000000e+00 -1.000000e+00
      outer loop
         vertex -5.122702e+00 -3.252640e-03 0.000000e+00
         vertex -3.560198e+00 -2.325560e-03 0.000000e+00
         vertex -5.164587e+00 -1.293608e-02 0.000000e+00
      endloop
   endfacet
   facet normal -0.000000e+00 0.000000e+00 -1.000000e+00
      outer loop
         vertex -3.560198e+00 -2.325560e-03 0.000000e+00
         vertex -3.522628e+00 -9.267773e-03 0.000000e+00
         vertex -5.164587e+00 -1.293608e-02 0.000000e+00
      endloop
   endfacet
   facet normal 0.000000e+00 0.000000e+00 -1.000000e+00
      outer loop
         vertex -5.164587e+00 -1.293608e-02 0.000000e+00
         vertex -3.522628e+00 -9.267773e-03 0.000000e+00
         vertex -5.202235e+00 -2.811313e-02 0.000000e+00
      endloop
   endfacet
   facet normal -0.000000e+00 0.000000e+00 -1.000000e+00
      outer loop
         vertex -3.522628e+00 -9.267773e-03 0.000000e+00
         vertex -3.502978e+00 -1.656972e-02 0.000000e+00
         vertex -5.202235e+00 -2.811313e-02 0.000000e+00
      endloop
   endfacet
   facet normal 0.000000e+00 0.000000e+00 -1.000000e+00
      outer loop
         vertex -5.202235e+00 -2.811313e-02 0.000000e+00
         vertex -3.502978e+00 -1.656972e-02 0.000000e+00
         vertex -5.236972e+00 -4.911330e-02 0.000000e+00
      endloop
   endfacet
   facet normal -0.000000e+00 0.000000e+00 -1.000000e+00
      outer loop
         vertex -3.502978e+00 -1.656972e-02 0.000000e+00
         vertex -3.485445e+00 -2.805985e-02 0.000000e+00
         vertex -5.236972e+00 -4.911330e-02 0.000000e+00
      endloop
   endfacet
   facet normal 0.000000e+00 0.000000e+00 -1.000000e+00
      outer loop
         vertex -5.236972e+00 -4.911330e-02 0.000000e+00
         vertex -3.485445e+00 -2.805985e-02 0.000000e+00
         vertex -5.268820e+00 -7.495788e-02 0.000000e+00
      endloop
   endfacet
   facet normal -0.000000e+00 0.000000e+00 -1.000000e+00
      outer loop
         vertex -3.485445e+00 -2.805985e-02 0.000000e+00
         vertex -3.477564e+00 -3.565567e-02 0.000000e+00
         vertex -5.268820e+00 -7.495788e-02 0.000000e+00
      endloop
   endfacet
   facet normal 0.000000e+00 0.000000e+00 -1.000000e+00
      outer loop
         vertex -5.268820e+00 -7.495788e-02 0.000000e+00
         vertex -3.477564e+00 -3.565567e-02 0.000000e+00
         vertex -5.297481e+00 -1.042970e-01 0.000000e+00
      endloop
   endfacet
   facet normal -0.000000e+00 0.000000e+00 -1.000000e+00
      outer loop
         vertex -3.477564e+00 -3.565567e-02 0.000000e+00
         vertex -3.460114e+00 -8.625031e-02 0.000000e+00
         vertex -5.297481e+00 -1.042970e-01 0.000000e+00
      endloop
   endfacet
   facet normal 0.000000e+00 0.000000e+00 -1.000000e+00
      outer loop
         vertex -5.297481e+00 -1.042970e-01 0.000000e+00
         vertex -3.460114e+00 -8.625031e-02 0.000000e+00
         vertex -5.314640e+00 -1.276334e-01 0.000000e+00
      endloop
   endfacet
   facet normal 0.000000e+00 0.000000e+00 -1.000000e+00
      outer loop
         vertex -3.460114e+00 -8.625031e-02 0.000000e+00
         vertex -3.476087e+00 -1.540371e-01 0.000000e+00
         vertex -5.314640e+00 -1.276334e-01 0.000000e+00
      endloop
   endfacet
   facet normal 0.000000e+00 0.000000e+00 -1.000000e+00
      outer loop
         vertex -5.314640e+00 -1.276334e-01 0.000000e+00
         vertex -3.476087e+00 -1.540371e-01 0.000000e+00
         vertex -5.327757e+00 -1.534583e-01 0.000000e+00
      endloop
   endfacet
   facet normal 0.000000e+00 0.000000e+00 -1.000000e+00
      outer loop
         vertex -3.476087e+00 -1.540371e-01 0.000000e+00
         vertex -3.908971e+00 -3.069167e-01 0.000000e+00
         vertex -5.327757e+00 -1.534583e-01 0.000000e+00
      endloop
   endfacet
   facet normal 0.000000e+00 0.000000e+00 -1.000000e+00
      outer loop
         vertex -5.327757e+00 -1.534583e-01 0.000000e+00
         vertex -3.908971e+00 -3.069167e-01 0.000000e+00
         vertex -5.336000e+00 -1.941110e-01 0.000000e+00
      endloop
   endfacet
   facet normal 0.000000e+00 0.000000e+00 -1.000000e+00
      outer loop
         vertex -3.908971e+00 -3.069167e-01 0.000000e+00
         vertex -5.205264e+00 -3.069167e-01 0.000000e+00
         vertex -5.336000e+00 -1.941110e-01 0.000000e+00
      endloop
   endfacet
   facet normal 0.000000e+00 0.000000e+00 -1.000000e+00
      outer loop
         vertex -5.336000e+00 -1.941110e-01 0.000000e+00
         vertex -5.205264e+00 -3.069167e-01 0.000000e+00
         vertex -5.311138e+00 -2.578034e-01 0.000000e+00
      endloop
   endfacet
   facet normal 0.000000e+00 0.000000e+00 -1.000000e+00
      outer loop
         vertex -5.205264e+00 -3.069167e-01 0.000000e+00
         vertex -5.288357e+00 -2.804461e-01 0.000000e+00
         vertex -5.311138e+00 -2.578034e-01 0.000000e+00
      endloop
   endfacet
   facet normal 0.000000e+00 0.000000e+00 -1.000000e+00
      outer loop
         vertex -3.908971e+00 -3.069167e-01 0.000000e+00
         vertex -3.476087e+00 -1.540371e-01 0.000000e+00
         vertex -5.483200e+00 -4.159291e+00 0.000000e+00
      endloop
   endfacet
   facet normal 0.000000e+00 0.000000e+00 -1.000000e+00
      outer loop
         vertex -3.476087e+00 -1.540371e-01 0.000000e+00
         vertex -5.112825e+00 -4.159333e+00 0.000000e+00
         vertex -5.483200e+00 -4.159291e+00 0.000000e+00
      endloop
   endfacet
   facet normal -0.000000e+00 0.000000e+00 -1.000000e+00
      outer loop
         vertex -5.483200e+00 -4.159291e+00 0.000000e+00
         vertex -5.112825e+00 -4.159333e+00 0.000000e+00
         vertex -5.494939e+00 -4.226451e+00 0.000000e+00
      endloop
   endfacet
   facet normal -0.000000e+00 0.000000e+00 -1.000000e+00
      outer loop
         vertex -5.112825e+00 -4.159333e+00 0.000000e+00
         vertex -5.124745e+00 -4.182146e+00 0.000000e+00
         vertex -5.494939e+00 -4.226451e+00 0.000000e+00
      endloop
   endfacet
   facet normal 0.000000e+00 0.000000e+00 -1.000000e+00
      outer loop
         vertex -5.494939e+00 -4.226451e+00 0.000000e+00
         vertex -5.124745e+00 -4.182146e+00 0.000000e+00
         vertex -5.470529e+00 -4.273310e+00 0.000000e+00
      endloop
   endfacet
   facet normal -0.000000e+00 0.000000e+00 -1.000000e+00
      outer loop
         vertex -5.124745e+00 -4.182146e+00 0.000000e+00
         vertex -5.140704e+00 -4.202341e+00 0.000000e+00
         vertex -5.470529e+00 -4.273310e+00 0.000000e+00
      endloop
   endfacet
   facet normal 0.000000e+00 0.000000e+00 -1.000000e+00
      outer loop
         vertex -5.470529e+00 -4.273310e+00 0.000000e+00
         vertex -5.140704e+00 -4.202341e+00 0.000000e+00
         vertex -5.448366e+00 -4.290196e+00 0.000000e+00
      endloop
   endfacet
   facet normal -0.000000e+00 0.000000e+00 -1.000000e+00
      outer loop
         vertex -5.140704e+00 -4.202341e+00 0.000000e+00
         vertex -5.173763e+00 -4.233490e+00 0.000000e+00
         vertex -5.448366e+00 -4.290196e+00 0.000000e+00
      endloop
   endfacet
   facet normal 0.000000e+00 0.000000e+00 -1.000000e+00
      outer loop
         vertex -5.448366e+00 -4.290196e+00 0.000000e+00
         vertex -5.173763e+00 -4.233490e+00 0.000000e+00
         vertex -5.423285e+00 -4.302333e+00 0.000000e+00
      endloop
   endfacet
   facet normal -0.000000e+00 0.000000e+00 -1.000000e+00
      outer loop
         vertex -5.173763e+00 -4.233490e+00 0.000000e+00
         vertex -5.209914e+00 -4.260991e+00 0.000000e+00
         vertex -5.423285e+00 -4.302333e+00 0.000000e+00
      endloop
   endfacet
   facet normal 0.000000e+00 0.000000e+00 -1.000000e+00
      outer loop
         vertex -5.423285e+00 -4.302333e+00 0.000000e+00
         vertex -5.209914e+00 -4.260991e+00 0.000000e+00
         vertex -5.392604e+00 -4.310589e+00 0.000000e+00
      endloop
   endfacet
   facet normal -0.000000e+00 0.000000e+00 -1.000000e+00
      outer loop
         vertex -5.209914e+00 -4.260991e+00 0.000000e+00
         vertex -5.248882e+00 -4.283909e+00 0.000000e+00
         vertex -5.392604e+00 -4.310589e+00 0.000000e+00
      endloop
   endfacet
   facet normal 0.000000e+00 0.000000e+00 -1.000000e+00
      outer loop
         vertex -5.392604e+00 -4.310589e+00 0.000000e+00
         vertex -5.248882e+00 -4.283909e+00 0.000000e+00
         vertex -5.360954e+00 -4.313370e+00 0.000000e+00
      endloop
   endfacet
   facet normal -0.000000e+00 0.000000e+00 -1.000000e+00
      outer loop
         vertex -5.248882e+00 -4.283909e+00 0.000000e+00
         vertex -5.290526e+00 -4.301505e+00 0.000000e+00
         vertex -5.360954e+00 -4.313370e+00 0.000000e+00
      endloop
   endfacet
   facet normal 0.000000e+00 0.000000e+00 -1.000000e+00
      outer loop
         vertex -5.360954e+00 -4.313370e+00 0.000000e+00
         vertex -5.290526e+00 -4.301505e+00 0.000000e+00
         vertex -5.325244e+00 -4.310383e+00 0.000000e+00
      endloop
   endfacet
   facet normal -8.104950e-01 5.857455e-01 0.000000e+00
      outer loop
         vertex -6.187487e+00 -8.769795e-02 0.000000e+00
         vertex -6.210087e+00 -1.189691e-01 0.000000e+00
         vertex -6.210087e+00 -1.189691e-01 5.000000e+00
      endloop
   endfacet
   facet normal -8.104950e-01 5.857455e-01 0.000000e+00
      outer loop
         vertex -6.187487e+00 -8.769795e-02 0.000000e+00
         vertex -6.210087e+00 -1.189691e-01 5.000000e+00
         vertex -6.187487e+00 -8.769795e-02 5.000000e+00
      endloop
   endfacet
   facet normal -8.928311e-01 4.503917e-01 0.000000e+00
      outer loop
         vertex -6.210087e+00 -1.189691e-01 0.000000e+00
         vertex -6.227464e+00 -1.534170e-01 0.000000e+00
         vertex -6.227464e+00 -1.534170e-01 5.000000e+00
      endloop
   endfacet
   facet normal -8.928311e-01 4.503917e-01 0.000000e+00
      outer loop
         vertex -6.210087e+00 -1.189691e-01 0.000000e+00
         vertex -6.227464e+00 -1.534170e-01 5.000000e+00
         vertex -6.210087e+00 -1.189691e-01 5.000000e+00
      endloop
   endfacet
   facet normal -9.256912e-01 3.782802e-01 0.000000e+00
      outer loop
         vertex -6.227464e+00 -1.534170e-01 0.000000e+00
         vertex -7.864450e+00 -4.159291e+00 0.000000e+00
         vertex -7.864450e+00 -4.159291e+00 5.000000e+00
      endloop
   endfacet
   facet normal -9.256912e-01 3.782802e-01 0.000000e+00
      outer loop
         vertex -6.227464e+00 -1.534170e-01 0.000000e+00
         vertex -7.864450e+00 -4.159291e+00 5.000000e+00
         vertex -6.227464e+00 -1.534170e-01 5.000000e+00
      endloop
   endfacet
   facet normal -9.850636e-01 1.721912e-01 0.000000e+00
      outer loop
         vertex -7.864450e+00 -4.159291e+00 0.000000e+00
         vertex -7.876189e+00 -4.226451e+00 0.000000e+00
         vertex -7.876189e+00 -4.226451e+00 5.000000e+00
      endloop
   endfacet
   facet normal -9.850636e-01 1.721912e-01 0.000000e+00
      outer loop
         vertex -7.864450e+00 -4.159291e+00 0.000000e+00
         vertex -7.876189e+00 -4.226451e+00 5.000000e+00
         vertex -7.864450e+00 -4.159291e+00 5.000000e+00
      endloop
   endfacet
   facet normal -8.868745e-01 -4.620104e-01 0.000000e+00
      outer loop
         vertex -7.876189e+00 -4.226451e+00 0.000000e+00
         vertex -7.851779e+00 -4.273310e+00 0.000000e+00
         vertex -7.851779e+00 -4.273310e+00 5.000000e+00
      endloop
   endfacet
   facet normal -8.868745e-01 -4.620104e-01 0.000000e+00
      outer loop
         vertex -7.876189e+00 -4.226451e+00 0.000000e+00
         vertex -7.851779e+00 -4.273310e+00 5.000000e+00
         vertex -7.876189e+00 -4.226451e+00 5.000000e+00
      endloop
   endfacet
   facet normal -6.060479e-01 -7.954282e-01 0.000000e+00
      outer loop
         vertex -7.851779e+00 -4.273310e+00 0.000000e+00
         vertex -7.829616e+00 -4.290196e+00 0.000000e+00
         vertex -7.829616e+00 -4.290196e+00 5.000000e+00
      endloop
   endfacet
   facet normal -6.060479e-01 -7.954282e-01 0.000000e+00
      outer loop
         vertex -7.851779e+00 -4.273310e+00 0.000000e+00
         vertex -7.829616e+00 -4.290196e+00 5.000000e+00
         vertex -7.851779e+00 -4.273310e+00 5.000000e+00
      endloop
   endfacet
   facet normal -4.355936e-01 -9.001435e-01 0.000000e+00
      outer loop
         vertex -7.829616e+00 -4.290196e+00 0.000000e+00
         vertex -7.804535e+00 -4.302333e+00 0.000000e+00
         vertex -7.804535e+00 -4.302333e+00 5.000000e+00
      endloop
   endfacet
   facet normal -4.355936e-01 -9.001435e-01 0.000000e+00
      outer loop
         vertex -7.829616e+00 -4.290196e+00 0.000000e+00
         vertex -7.804535e+00 -4.302333e+00 5.000000e+00
         vertex -7.829616e+00 -4.290196e+00 5.000000e+00
      endloop
   endfacet
   facet normal -2.598497e-01 -9.656491e-01 0.000000e+00
      outer loop
         vertex -7.804535e+00 -4.302333e+00 0.000000e+00
         vertex -7.773854e+00 -4.310589e+00 0.000000e+00
         vertex -7.773854e+00 -4.310589e+00 5.000000e+00
      endloop
   endfacet
   facet normal -2.598497e-01 -9.656491e-01 0.000000e+00
      outer loop
         vertex -7.804535e+00 -4.302333e+00 0.000000e+00
         vertex -7.773854e+00 -4.310589e+00 5.000000e+00
         vertex -7.804535e+00 -4.302333e+00 5.000000e+00
      endloop
   endfacet
   facet normal -8.751099e-02 -9.961636e-01 0.000000e+00
      outer loop
         vertex -7.773854e+00 -4.310589e+00 0.000000e+00
         vertex -7.742204e+00 -4.313370e+00 0.000000e+00
         vertex -7.742204e+00 -4.313370e+00 5.000000e+00
      endloop
   endfacet
   facet normal -8.751099e-02 -9.961636e-01 0.000000e+00
      outer loop
         vertex -7.773854e+00 -4.310589e+00 0.000000e+00
         vertex -7.742204e+00 -4.313370e+00 5.000000e+00
         vertex -7.773854e+00 -4.310589e+00 5.000000e+00
      endloop
   endfacet
   facet normal 8.335162e-02 -9.965202e-01 0.000000e+00
      outer loop
         vertex -7.742204e+00 -4.313370e+00 0.000000e+00
         vertex -7.706493e+00 -4.310383e+00 0.000000e+00
         vertex -7.706493e+00 -4.310383e+00 5.000000e+00
      endloop
   endfacet
   facet normal 8.335162e-02 -9.965202e-01 0.000000e+00
      outer loop
         vertex -7.742204e+00 -4.313370e+00 0.000000e+00
         vertex -7.706493e+00 -4.310383e+00 5.000000e+00
         vertex -7.742204e+00 -4.313370e+00 5.000000e+00
      endloop
   endfacet
   facet normal 2.477513e-01 -9.688237e-01 0.000000e+00
      outer loop
         vertex -7.706493e+00 -4.310383e+00 0.000000e+00
         vertex -7.671775e+00 -4.301505e+00 0.000000e+00
         vertex -7.671775e+00 -4.301505e+00 5.000000e+00
      endloop
   endfacet
   facet normal 2.477513e-01 -9.688237e-01 0.000000e+00
      outer loop
         vertex -7.706493e+00 -4.310383e+00 0.000000e+00
         vertex -7.671775e+00 -4.301505e+00 5.000000e+00
         vertex -7.706493e+00 -4.310383e+00 5.000000e+00
      endloop
   endfacet
   facet normal 3.892054e-01 -9.211510e-01 0.000000e+00
      outer loop
         vertex -7.671775e+00 -4.301505e+00 0.000000e+00
         vertex -7.630132e+00 -4.283909e+00 0.000000e+00
         vertex -7.630132e+00 -4.283909e+00 5.000000e+00
      endloop
   endfacet
   facet normal 3.892054e-01 -9.211510e-01 0.000000e+00
      outer loop
         vertex -7.671775e+00 -4.301505e+00 0.000000e+00
         vertex -7.630132e+00 -4.283909e+00 5.000000e+00
         vertex -7.671775e+00 -4.301505e+00 5.000000e+00
      endloop
   endfacet
   facet normal 5.069639e-01 -8.619673e-01 0.000000e+00
      outer loop
         vertex -7.630132e+00 -4.283909e+00 0.000000e+00
         vertex -7.591164e+00 -4.260991e+00 0.000000e+00
         vertex -7.591164e+00 -4.260991e+00 5.000000e+00
      endloop
   endfacet
   facet normal 5.069639e-01 -8.619673e-01 0.000000e+00
      outer loop
         vertex -7.630132e+00 -4.283909e+00 0.000000e+00
         vertex -7.591164e+00 -4.260991e+00 5.000000e+00
         vertex -7.630132e+00 -4.283909e+00 5.000000e+00
      endloop
   endfacet
   facet normal 6.054247e-01 -7.959026e-01 0.000000e+00
      outer loop
         vertex -7.591164e+00 -4.260991e+00 0.000000e+00
         vertex -7.555011e+00 -4.233490e+00 0.000000e+00
         vertex -7.555011e+00 -4.233490e+00 5.000000e+00
      endloop
   endfacet
   facet normal 6.054247e-01 -7.959026e-01 0.000000e+00
      outer loop
         vertex -7.591164e+00 -4.260991e+00 0.000000e+00
         vertex -7.555011e+00 -4.233490e+00 5.000000e+00
         vertex -7.591164e+00 -4.260991e+00 5.000000e+00
      endloop
   endfacet
   facet normal 6.857837e-01 -7.278054e-01 0.000000e+00
      outer loop
         vertex -7.555011e+00 -4.233490e+00 0.000000e+00
         vertex -7.521952e+00 -4.202339e+00 0.000000e+00
         vertex -7.521952e+00 -4.202339e+00 5.000000e+00
      endloop
   endfacet
   facet normal 6.857837e-01 -7.278054e-01 0.000000e+00
      outer loop
         vertex -7.555011e+00 -4.233490e+00 0.000000e+00
         vertex -7.521952e+00 -4.202339e+00 5.000000e+00
         vertex -7.555011e+00 -4.233490e+00 5.000000e+00
      endloop
   endfacet
   facet normal 7.845079e-01 -6.201188e-01 0.000000e+00
      outer loop
         vertex -7.521952e+00 -4.202339e+00 0.000000e+00
         vertex -7.505973e+00 -4.182125e+00 0.000000e+00
         vertex -7.505973e+00 -4.182125e+00 5.000000e+00
      endloop
   endfacet
   facet normal 7.845079e-01 -6.201188e-01 0.000000e+00
      outer loop
         vertex -7.521952e+00 -4.202339e+00 0.000000e+00
         vertex -7.505973e+00 -4.182125e+00 5.000000e+00
         vertex -7.521952e+00 -4.202339e+00 5.000000e+00
      endloop
   endfacet
   facet normal 8.861519e-01 -4.633949e-01 0.000000e+00
      outer loop
         vertex -7.505973e+00 -4.182125e+00 0.000000e+00
         vertex -7.494033e+00 -4.159291e+00 0.000000e+00
         vertex -7.494033e+00 -4.159291e+00 5.000000e+00
      endloop
   endfacet
   facet normal 8.861519e-01 -4.633949e-01 0.000000e+00
      outer loop
         vertex -7.505973e+00 -4.182125e+00 0.000000e+00
         vertex -7.494033e+00 -4.159291e+00 5.000000e+00
         vertex -7.505973e+00 -4.182125e+00 5.000000e+00
      endloop
   endfacet
   facet normal 9.256912e-01 -3.782802e-01 0.000000e+00
      outer loop
         vertex -7.494033e+00 -4.159291e+00 0.000000e+00
         vertex -5.857048e+00 -1.534170e-01 0.000000e+00
         vertex -5.857048e+00 -1.534170e-01 5.000000e+00
      endloop
   endfacet
   facet normal 9.256912e-01 -3.782802e-01 0.000000e+00
      outer loop
         vertex -7.494033e+00 -4.159291e+00 0.000000e+00
         vertex -5.857048e+00 -1.534170e-01 5.000000e+00
         vertex -7.494033e+00 -4.159291e+00 5.000000e+00
      endloop
   endfacet
   facet normal 9.837669e-01 -1.794511e-01 0.000000e+00
      outer loop
         vertex -5.857048e+00 -1.534170e-01 0.000000e+00
         vertex -5.843264e+00 -7.785489e-02 0.000000e+00
         vertex -5.843264e+00 -7.785489e-02 5.000000e+00
      endloop
   endfacet
   facet normal 9.837669e-01 -1.794511e-01 0.000000e+00
      outer loop
         vertex -5.857048e+00 -1.534170e-01 0.000000e+00
         vertex -5.843264e+00 -7.785489e-02 5.000000e+00
         vertex -5.857048e+00 -1.534170e-01 5.000000e+00
      endloop
   endfacet
   facet normal 8.880498e-01 4.597473e-01 -0.000000e+00
      outer loop
         vertex -5.843264e+00 -7.785489e-02 0.000000e+00
         vertex -5.864779e+00 -3.629756e-02 0.000000e+00
         vertex -5.864779e+00 -3.629756e-02 5.000000e+00
      endloop
   endfacet
   facet normal 8.880498e-01 4.597473e-01 0.000000e+00
      outer loop
         vertex -5.843264e+00 -7.785489e-02 0.000000e+00
         vertex -5.864779e+00 -3.629756e-02 5.000000e+00
         vertex -5.843264e+00 -7.785489e-02 5.000000e+00
      endloop
   endfacet
   facet normal 3.879631e-01 9.216749e-01 -0.000000e+00
      outer loop
         vertex -5.864779e+00 -3.629756e-02 0.000000e+00
         vertex -5.905467e+00 -1.917043e-02 0.000000e+00
         vertex -5.905467e+00 -1.917043e-02 5.000000e+00
      endloop
   endfacet
   facet normal 3.879631e-01 9.216749e-01 0.000000e+00
      outer loop
         vertex -5.864779e+00 -3.629756e-02 0.000000e+00
         vertex -5.905467e+00 -1.917043e-02 5.000000e+00
         vertex -5.864779e+00 -3.629756e-02 5.000000e+00
      endloop
   endfacet
   facet normal 3.343659e-01 9.424434e-01 -0.000000e+00
      outer loop
         vertex -5.905467e+00 -1.917043e-02 0.000000e+00
         vertex -5.947073e+00 -4.409384e-03 0.000000e+00
         vertex -5.947073e+00 -4.409384e-03 5.000000e+00
      endloop
   endfacet
   facet normal 3.343659e-01 9.424434e-01 0.000000e+00
      outer loop
         vertex -5.905467e+00 -1.917043e-02 0.000000e+00
         vertex -5.947073e+00 -4.409384e-03 5.000000e+00
         vertex -5.905467e+00 -1.917043e-02 5.000000e+00
      endloop
   endfacet
   facet normal 2.320122e-01 9.727129e-01 -0.000000e+00
      outer loop
         vertex -5.947073e+00 -4.409384e-03 0.000000e+00
         vertex -5.962985e+00 -6.140285e-04 0.000000e+00
         vertex -5.962985e+00 -6.140285e-04 5.000000e+00
      endloop
   endfacet
   facet normal 2.320122e-01 9.727129e-01 0.000000e+00
      outer loop
         vertex -5.947073e+00 -4.409384e-03 0.000000e+00
         vertex -5.962985e+00 -6.140285e-04 5.000000e+00
         vertex -5.947073e+00 -4.409384e-03 5.000000e+00
      endloop
   endfacet
   facet normal 7.796865e-02 9.969558e-01 -0.000000e+00
      outer loop
         vertex -5.962985e+00 -6.140285e-04 0.000000e+00
         vertex -5.979293e+00 6.614280e-04 0.000000e+00
         vertex -5.979293e+00 6.614280e-04 5.000000e+00
      endloop
   endfacet
   facet normal 7.796865e-02 9.969558e-01 0.000000e+00
      outer loop
         vertex -5.962985e+00 -6.140285e-04 0.000000e+00
         vertex -5.979293e+00 6.614280e-04 5.000000e+00
         vertex -5.962985e+00 -6.140285e-04 5.000000e+00
      endloop
   endfacet
   facet normal -6.094437e-02 9.981412e-01 0.000000e+00
      outer loop
         vertex -5.979293e+00 6.614280e-04 0.000000e+00
         vertex -6.019084e+00 -1.768132e-03 0.000000e+00
         vertex -6.019084e+00 -1.768132e-03 5.000000e+00
      endloop
   endfacet
   facet normal -6.094437e-02 9.981412e-01 0.000000e+00
      outer loop
         vertex -5.979293e+00 6.614280e-04 0.000000e+00
         vertex -6.019084e+00 -1.768132e-03 5.000000e+00
         vertex -5.979293e+00 6.614280e-04 5.000000e+00
      endloop
   endfacet
   facet normal -1.819303e-01 9.833114e-01 0.000000e+00
      outer loop
         vertex -6.019084e+00 -1.768132e-03 0.000000e+00
         vertex -6.058284e+00 -9.020717e-03 0.000000e+00
         vertex -6.058284e+00 -9.020717e-03 5.000000e+00
      endloop
   endfacet
   facet normal -1.819303e-01 9.833114e-01 0.000000e+00
      outer loop
         vertex -6.019084e+00 -1.768132e-03 0.000000e+00
         vertex -6.058284e+00 -9.020717e-03 5.000000e+00
         vertex -6.019084e+00 -1.768132e-03 5.000000e+00
      endloop
   endfacet
   facet normal -3.040553e-01 9.526544e-01 0.000000e+00
      outer loop
         vertex -6.058284e+00 -9.020717e-03 0.000000e+00
         vertex -6.093925e+00 -2.039634e-02 0.000000e+00
         vertex -6.093925e+00 -2.039634e-02 5.000000e+00
      endloop
   endfacet
   facet normal -3.040553e-01 9.526544e-01 0.000000e+00
      outer loop
         vertex -6.058284e+00 -9.020717e-03 0.000000e+00
         vertex -6.093925e+00 -2.039634e-02 5.000000e+00
         vertex -6.058284e+00 -9.020717e-03 5.000000e+00
      endloop
   endfacet
   facet normal -4.250207e-01 9.051836e-01 0.000000e+00
      outer loop
         vertex -6.093925e+00 -2.039634e-02 0.000000e+00
         vertex -6.127791e+00 -3.629756e-02 0.000000e+00
         vertex -6.127791e+00 -3.629756e-02 5.000000e+00
      endloop
   endfacet
   facet normal -4.250207e-01 9.051836e-01 0.000000e+00
      outer loop
         vertex -6.093925e+00 -2.039634e-02 0.000000e+00
         vertex -6.127791e+00 -3.629756e-02 5.000000e+00
         vertex -6.093925e+00 -2.039634e-02 5.000000e+00
      endloop
   endfacet
   facet normal -5.919259e-01 8.059924e-01 0.000000e+00
      outer loop
         vertex -6.127791e+00 -3.629756e-02 0.000000e+00
         vertex -6.159633e+00 -5.968234e-02 0.000000e+00
         vertex -6.159633e+00 -5.968234e-02 5.000000e+00
      endloop
   endfacet
   facet normal -5.919259e-01 8.059924e-01 0.000000e+00
      outer loop
         vertex -6.127791e+00 -3.629756e-02 0.000000e+00
         vertex -6.159633e+00 -5.968234e-02 5.000000e+00
         vertex -6.127791e+00 -3.629756e-02 5.000000e+00
      endloop
   endfacet
   facet normal -7.091436e-01 7.050641e-01 0.000000e+00
      outer loop
         vertex -6.159633e+00 -5.968234e-02 0.000000e+00
         vertex -6.187487e+00 -8.769795e-02 0.000000e+00
         vertex -6.187487e+00 -8.769795e-02 5.000000e+00
      endloop
   endfacet
   facet normal -7.091436e-01 7.050641e-01 0.000000e+00
      outer loop
         vertex -6.159633e+00 -5.968234e-02 0.000000e+00
         vertex -6.187487e+00 -8.769795e-02 5.000000e+00
         vertex -6.159633e+00 -5.968234e-02 5.000000e+00
      endloop
   endfacet
   facet normal 0.000000e+00 0.000000e+00 1.000000e+00
      outer loop
         vertex -6.159633e+00 -5.968234e-02 5.000000e+00
         vertex -6.187487e+00 -8.769795e-02 5.000000e+00
         vertex -6.127791e+00 -3.629756e-02 5.000000e+00
      endloop
   endfacet
   facet normal 0.000000e+00 0.000000e+00 1.000000e+00
      outer loop
         vertex -6.187487e+00 -8.769795e-02 5.000000e+00
         vertex -6.210087e+00 -1.189691e-01 5.000000e+00
         vertex -6.127791e+00 -3.629756e-02 5.000000e+00
      endloop
   endfacet
   facet normal 0.000000e+00 0.000000e+00 1.000000e+00
      outer loop
         vertex -6.127791e+00 -3.629756e-02 5.000000e+00
         vertex -6.210087e+00 -1.189691e-01 5.000000e+00
         vertex -6.093925e+00 -2.039634e-02 5.000000e+00
      endloop
   endfacet
   facet normal 0.000000e+00 0.000000e+00 1.000000e+00
      outer loop
         vertex -6.210087e+00 -1.189691e-01 5.000000e+00
         vertex -6.227464e+00 -1.534170e-01 5.000000e+00
         vertex -6.093925e+00 -2.039634e-02 5.000000e+00
      endloop
   endfacet
   facet normal 0.000000e+00 0.000000e+00 1.000000e+00
      outer loop
         vertex -6.093925e+00 -2.039634e-02 5.000000e+00
         vertex -6.227464e+00 -1.534170e-01 5.000000e+00
         vertex -6.058284e+00 -9.020717e-03 5.000000e+00
      endloop
   endfacet
   facet normal 0.000000e+00 0.000000e+00 1.000000e+00
      outer loop
         vertex -6.227464e+00 -1.534170e-01 5.000000e+00
         vertex -7.864450e+00 -4.159291e+00 5.000000e+00
         vertex -6.058284e+00 -9.020717e-03 5.000000e+00
      endloop
   endfacet
   facet normal 0.000000e+00 0.000000e+00 1.000000e+00
      outer loop
         vertex -6.058284e+00 -9.020717e-03 5.000000e+00
         vertex -7.864450e+00 -4.159291e+00 5.000000e+00
         vertex -6.019084e+00 -1.768132e-03 5.000000e+00
      endloop
   endfacet
   facet normal 0.000000e+00 0.000000e+00 1.000000e+00
      outer loop
         vertex -7.864450e+00 -4.159291e+00 5.000000e+00
         vertex -7.876189e+00 -4.226451e+00 5.000000e+00
         vertex -6.019084e+00 -1.768132e-03 5.000000e+00
      endloop
   endfacet
   facet normal 0.000000e+00 0.000000e+00 1.000000e+00
      outer loop
         vertex -6.019084e+00 -1.768132e-03 5.000000e+00
         vertex -7.876189e+00 -4.226451e+00 5.000000e+00
         vertex -5.979293e+00 6.614280e-04 5.000000e+00
      endloop
   endfacet
   facet normal 0.000000e+00 -0.000000e+00 1.000000e+00
      outer loop
         vertex -7.876189e+00 -4.226451e+00 5.000000e+00
         vertex -7.851779e+00 -4.273310e+00 5.000000e+00
         vertex -5.979293e+00 6.614280e-04 5.000000e+00
      endloop
   endfacet
   facet normal 0.000000e+00 0.000000e+00 1.000000e+00
      outer loop
         vertex -5.979293e+00 6.614280e-04 5.000000e+00
         vertex -7.851779e+00 -4.273310e+00 5.000000e+00
         vertex -5.962985e+00 -6.140285e-04 5.000000e+00
      endloop
   endfacet
   facet normal 0.000000e+00 -0.000000e+00 1.000000e+00
      outer loop
         vertex -7.851779e+00 -4.273310e+00 5.000000e+00
         vertex -7.829616e+00 -4.290196e+00 5.000000e+00
         vertex -5.962985e+00 -6.140285e-04 5.000000e+00
      endloop
   endfacet
   facet normal 0.000000e+00 0.000000e+00 1.000000e+00
      outer loop
         vertex -5.962985e+00 -6.140285e-04 5.000000e+00
         vertex -7.829616e+00 -4.290196e+00 5.000000e+00
         vertex -5.947073e+00 -4.409384e-03 5.000000e+00
      endloop
   endfacet
   facet normal 0.000000e+00 -0.000000e+00 1.000000e+00
      outer loop
         vertex -7.829616e+00 -4.290196e+00 5.000000e+00
         vertex -7.804535e+00 -4.302333e+00 5.000000e+00
         vertex -5.947073e+00 -4.409384e-03 5.000000e+00
      endloop
   endfacet
   facet normal 0.000000e+00 0.000000e+00 1.000000e+00
      outer loop
         vertex -5.947073e+00 -4.409384e-03 5.000000e+00
         vertex -7.804535e+00 -4.302333e+00 5.000000e+00
         vertex -5.905467e+00 -1.917043e-02 5.000000e+00
      endloop
   endfacet
   facet normal 0.000000e+00 -0.000000e+00 1.000000e+00
      outer loop
         vertex -7.804535e+00 -4.302333e+00 5.000000e+00
         vertex -7.773854e+00 -4.310589e+00 5.000000e+00
         vertex -5.905467e+00 -1.917043e-02 5.000000e+00
      endloop
   endfacet
   facet normal 0.000000e+00 0.000000e+00 1.000000e+00
      outer loop
         vertex -5.905467e+00 -1.917043e-02 5.000000e+00
         vertex -7.773854e+00 -4.310589e+00 5.000000e+00
         vertex -5.864779e+00 -3.629756e-02 5.000000e+00
      endloop
   endfacet
   facet normal 0.000000e+00 -0.000000e+00 1.000000e+00
      outer loop
         vertex -7.773854e+00 -4.310589e+00 5.000000e+00
         vertex -7.742204e+00 -4.313370e+00 5.000000e+00
         vertex -5.864779e+00 -3.629756e-02 5.000000e+00
      endloop
   endfacet
   facet normal 0.000000e+00 0.000000e+00 1.000000e+00
      outer loop
         vertex -5.864779e+00 -3.629756e-02 5.000000e+00
         vertex -7.742204e+00 -4.313370e+00 5.000000e+00
         vertex -5.843264e+00 -7.785489e-02 5.000000e+00
      endloop
   endfacet
   facet normal 0.000000e+00 -0.000000e+00 1.000000e+00
      outer loop
         vertex -7.742204e+00 -4.313370e+00 5.000000e+00
         vertex -7.706493e+00 -4.310383e+00 5.000000e+00
         vertex -5.843264e+00 -7.785489e-02 5.000000e+00
      endloop
   endfacet
   facet normal 0.000000e+00 0.000000e+00 1.000000e+00
      outer loop
         vertex -5.843264e+00 -7.785489e-02 5.000000e+00
         vertex -7.706493e+00 -4.310383e+00 5.000000e+00
         vertex -5.857048e+00 -1.534170e-01 5.000000e+00
      endloop
   endfacet
   facet normal 0.000000e+00 -0.000000e+00 1.000000e+00
      outer loop
         vertex -7.706493e+00 -4.310383e+00 5.000000e+00
         vertex -7.671775e+00 -4.301505e+00 5.000000e+00
         vertex -5.857048e+00 -1.534170e-01 5.000000e+00
      endloop
   endfacet
   facet normal 0.000000e+00 0.000000e+00 1.000000e+00
      outer loop
         vertex -5.857048e+00 -1.534170e-01 5.000000e+00
         vertex -7.671775e+00 -4.301505e+00 5.000000e+00
         vertex -7.494033e+00 -4.159291e+00 5.000000e+00
      endloop
   endfacet
   facet normal 0.000000e+00 -0.000000e+00 1.000000e+00
      outer loop
         vertex -7.671775e+00 -4.301505e+00 5.000000e+00
         vertex -7.630132e+00 -4.283909e+00 5.000000e+00
         vertex -7.494033e+00 -4.159291e+00 5.000000e+00
      endloop
   endfacet
   facet normal 0.000000e+00 0.000000e+00 1.000000e+00
      outer loop
         vertex -7.494033e+00 -4.159291e+00 5.000000e+00
         vertex -7.630132e+00 -4.283909e+00 5.000000e+00
         vertex -7.505973e+00 -4.182125e+00 5.000000e+00
      endloop
   endfacet
   facet normal 0.000000e+00 -0.000000e+00 1.000000e+00
      outer loop
         vertex -7.630132e+00 -4.283909e+00 5.000000e+00
         vertex -7.591164e+00 -4.260991e+00 5.000000e+00
         vertex -7.505973e+00 -4.182125e+00 5.000000e+00
      endloop
   endfacet
   facet normal 0.000000e+00 0.000000e+00 1.000000e+00
      outer loop
         vertex -7.505973e+00 -4.182125e+00 5.000000e+00
         vertex -7.591164e+00 -4.260991e+00 5.000000e+00
         vertex -7.521952e+00 -4.202339e+00 5.000000e+00
      endloop
   endfacet
   facet normal 0.000000e+00 -0.000000e+00 1.000000e+00
      outer loop
         vertex -7.591164e+00 -4.260991e+00 5.000000e+00
         vertex -7.555011e+00 -4.233490e+00 5.000000e+00
         vertex -7.521952e+00 -4.202339e+00 5.000000e+00
      endloop
   endfacet
   facet normal 0.000000e+00 0.000000e+00 -1.000000e+00
      outer loop
         vertex -6.210087e+00 -1.189691e-01 0.000000e+00
         vertex -6.187487e+00 -8.769795e-02 0.000000e+00
         vertex -6.227464e+00 -1.534170e-01 0.000000e+00
      endloop
   endfacet
   facet normal 0.000000e+00 0.000000e+00 -1.000000e+00
      outer loop
         vertex -6.187487e+00 -8.769795e-02 0.000000e+00
         vertex -6.159633e+00 -5.968234e-02 0.000000e+00
         vertex -6.227464e+00 -1.534170e-01 0.000000e+00
      endloop
   endfacet
   facet normal 0.000000e+00 0.000000e+00 -1.000000e+00
      outer loop
         vertex -6.227464e+00 -1.534170e-01 0.000000e+00
         vertex -6.159633e+00 -5.968234e-02 0.000000e+00
         vertex -7.864450e+00 -4.159291e+00 0.000000e+00
      endloop
   endfacet
   facet normal 0.000000e+00 0.000000e+00 -1.000000e+00
      outer loop
         vertex -6.159633e+00 -5.968234e-02 0.000000e+00
         vertex -6.127791e+00 -3.629756e-02 0.000000e+00
         vertex -7.864450e+00 -4.159291e+00 0.000000e+00
      endloop
   endfacet
   facet normal 0.000000e+00 0.000000e+00 -1.000000e+00
      outer loop
         vertex -7.864450e+00 -4.159291e+00 0.000000e+00
         vertex -6.127791e+00 -3.629756e-02 0.000000e+00
         vertex -7.876189e+00 -4.226451e+00 0.000000e+00
      endloop
   endfacet
   facet normal 0.000000e+00 0.000000e+00 -1.000000e+00
      outer loop
         vertex -6.127791e+00 -3.629756e-02 0.000000e+00
         vertex -6.093925e+00 -2.039634e-02 0.000000e+00
         vertex -7.876189e+00 -4.226451e+00 0.000000e+00
      endloop
   endfacet
   facet normal 0.000000e+00 0.000000e+00 -1.000000e+00
      outer loop
         vertex -7.876189e+00 -4.226451e+00 0.000000e+00
         vertex -6.093925e+00 -2.039634e-02 0.000000e+00
         vertex -7.851779e+00 -4.273310e+00 0.000000e+00
      endloop
   endfacet
   facet normal 0.000000e+00 0.000000e+00 -1.000000e+00
      outer loop
         vertex -6.093925e+00 -2.039634e-02 0.000000e+00
         vertex -6.058284e+00 -9.020717e-03 0.000000e+00
         vertex -7.851779e+00 -4.273310e+00 0.000000e+00
      endloop
   endfacet
   facet normal 0.000000e+00 0.000000e+00 -1.000000e+00
      outer loop
         vertex -7.851779e+00 -4.273310e+00 0.000000e+00
         vertex -6.058284e+00 -9.020717e-03 0.000000e+00
         vertex -7.829616e+00 -4.290196e+00 0.000000e+00
      endloop
   endfacet
   facet normal 0.000000e+00 0.000000e+00 -1.000000e+00
      outer loop
         vertex -6.058284e+00 -9.020717e-03 0.000000e+00
         vertex -6.019084e+00 -1.768132e-03 0.000000e+00
         vertex -7.829616e+00 -4.290196e+00 0.000000e+00
      endloop
   endfacet
   facet normal 0.000000e+00 0.000000e+00 -1.000000e+00
      outer loop
         vertex -7.829616e+00 -4.290196e+00 0.000000e+00
         vertex -6.019084e+00 -1.768132e-03 0.000000e+00
         vertex -7.804535e+00 -4.302333e+00 0.000000e+00
      endloop
   endfacet
   facet normal 0.000000e+00 0.000000e+00 -1.000000e+00
      outer loop
         vertex -6.019084e+00 -1.768132e-03 0.000000e+00
         vertex -5.979293e+00 6.614280e-04 0.000000e+00
         vertex -7.804535e+00 -4.302333e+00 0.000000e+00
      endloop
   endfacet
   facet normal 0.000000e+00 0.000000e+00 -1.000000e+00
      outer loop
         vertex -7.804535e+00 -4.302333e+00 0.000000e+00
         vertex -5.979293e+00 6.614280e-04 0.000000e+00
         vertex -7.773854e+00 -4.310589e+00 0.000000e+00
      endloop
   endfacet
   facet normal -0.000000e+00 0.000000e+00 -1.000000e+00
      outer loop
         vertex -5.979293e+00 6.614280e-04 0.000000e+00
         vertex -5.962985e+00 -6.140285e-04 0.000000e+00
         vertex -7.773854e+00 -4.310589e+00 0.000000e+00
      endloop
   endfacet
   facet normal 0.000000e+00 0.000000e+00 -1.000000e+00
      outer loop
         vertex -7.773854e+00 -4.310589e+00 0.000000e+00
         vertex -5.962985e+00 -6.140285e-04 0.000000e+00
         vertex -7.742204e+00 -4.313370e+00 0.000000e+00
      endloop
   endfacet
   facet normal -0.000000e+00 0.000000e+00 -1.000000e+00
      outer loop
         vertex -5.962985e+00 -6.140285e-04 0.000000e+00
         vertex -5.947073e+00 -4.409384e-03 0.000000e+00
         vertex -7.742204e+00 -4.313370e+00 0.000000e+00
      endloop
   endfacet
   facet normal 0.000000e+00 0.000000e+00 -1.000000e+00
      outer loop
         vertex -7.742204e+00 -4.313370e+00 0.000000e+00
         vertex -5.947073e+00 -4.409384e-03 0.000000e+00
         vertex -7.706493e+00 -4.310383e+00 0.000000e+00
      endloop
   endfacet
   facet normal -0.000000e+00 0.000000e+00 -1.000000e+00
      outer loop
         vertex -5.947073e+00 -4.409384e-03 0.000000e+00
         vertex -5.905467e+00 -1.917043e-02 0.000000e+00
         vertex -7.706493e+00 -4.310383e+00 0.000000e+00
      endloop
   endfacet
   facet normal 0.000000e+00 0.000000e+00 -1.000000e+00
      outer loop
         vertex -7.706493e+00 -4.310383e+00 0.000000e+00
         vertex -5.905467e+00 -1.917043e-02 0.000000e+00
         vertex -7.671775e+00 -4.301505e+00 0.000000e+00
      endloop
   endfacet
   facet normal -0.000000e+00 0.000000e+00 -1.000000e+00
      outer loop
         vertex -5.905467e+00 -1.917043e-02 0.000000e+00
         vertex -5.864779e+00 -3.629756e-02 0.000000e+00
         vertex -7.671775e+00 -4.301505e+00 0.000000e+00
      endloop
   endfacet
   facet normal 0.000000e+00 0.000000e+00 -1.000000e+00
      outer loop
         vertex -7.671775e+00 -4.301505e+00 0.000000e+00
         vertex -5.864779e+00 -3.629756e-02 0.000000e+00
         vertex -7.630132e+00 -4.283909e+00 0.000000e+00
      endloop
   endfacet
   facet normal -0.000000e+00 0.000000e+00 -1.000000e+00
      outer loop
         vertex -5.864779e+00 -3.629756e-02 0.000000e+00
         vertex -5.843264e+00 -7.785489e-02 0.000000e+00
         vertex -7.630132e+00 -4.283909e+00 0.000000e+00
      endloop
   endfacet
   facet normal 0.000000e+00 0.000000e+00 -1.000000e+00
      outer loop
         vertex -7.630132e+00 -4.283909e+00 0.000000e+00
         vertex -5.843264e+00 -7.785489e-02 0.000000e+00
         vertex -7.591164e+00 -4.260991e+00 0.000000e+00
      endloop
   endfacet
   facet normal -0.000000e+00 0.000000e+00 -1.000000e+00
      outer loop
         vertex -5.843264e+00 -7.785489e-02 0.000000e+00
         vertex -5.857048e+00 -1.534170e-01 0.000000e+00
         vertex -7.591164e+00 -4.260991e+00 0.000000e+00
      endloop
   endfacet
   facet normal 0.000000e+00 0.000000e+00 -1.000000e+00
      outer loop
         vertex -7.591164e+00 -4.260991e+00 0.000000e+00
         vertex -5.857048e+00 -1.534170e-01 0.000000e+00
         vertex -7.555011e+00 -4.233490e+00 0.000000e+00
      endloop
   endfacet
   facet normal -0.000000e+00 0.000000e+00 -1.000000e+00
      outer loop
         vertex -5.857048e+00 -1.534170e-01 0.000000e+00
         vertex -7.494033e+00 -4.159291e+00 0.000000e+00
         vertex -7.555011e+00 -4.233490e+00 0.000000e+00
      endloop
   endfacet
   facet normal 0.000000e+00 0.000000e+00 -1.000000e+00
      outer loop
         vertex -7.555011e+00 -4.233490e+00 0.000000e+00
         vertex -7.494033e+00 -4.159291e+00 0.000000e+00
         vertex -7.521952e+00 -4.202339e+00 0.000000e+00
      endloop
   endfacet
   facet normal -0.000000e+00 0.000000e+00 -1.000000e+00
      outer loop
         vertex -7.494033e+00 -4.159291e+00 0.000000e+00
         vertex -7.505973e+00 -4.182125e+00 0.000000e+00
         vertex -7.521952e+00 -4.202339e+00 0.000000e+00
      endloop
   endfacet
   facet normal -2.293556e-01 -9.733427e-01 0.000000e+00
      outer loop
         vertex -2.162337e+01 -4.511780e-01 0.000000e+00
         vertex -2.158904e+01 -4.592688e-01 0.000000e+00
         vertex -2.158904e+01 -4.592688e-01 5.000000e+00
      endloop
   endfacet
   facet normal -2.293556e-01 -9.733427e-01 0.000000e+00
      outer loop
         vertex -2.162337e+01 -4.511780e-01 0.000000e+00
         vertex -2.158904e+01 -4.592688e-01 5.000000e+00
         vertex -2.162337e+01 -4.511780e-01 5.000000e+00
      endloop
   endfacet
   facet normal -7.706637e-02 -9.970260e-01 0.000000e+00
      outer loop
         vertex -2.158904e+01 -4.592688e-01 0.000000e+00
         vertex -2.155387e+01 -4.619873e-01 0.000000e+00
         vertex -2.155387e+01 -4.619873e-01 5.000000e+00
      endloop
   endfacet
   facet normal -7.706637e-02 -9.970260e-01 0.000000e+00
      outer loop
         vertex -2.158904e+01 -4.592688e-01 0.000000e+00
         vertex -2.155387e+01 -4.619873e-01 5.000000e+00
         vertex -2.158904e+01 -4.592688e-01 5.000000e+00
      endloop
   endfacet
   facet normal 8.764114e-02 -9.961521e-01 0.000000e+00
      outer loop
         vertex -2.155387e+01 -4.619873e-01 0.000000e+00
         vertex -2.148848e+01 -4.562347e-01 0.000000e+00
         vertex -2.148848e+01 -4.562347e-01 5.000000e+00
      endloop
   endfacet
   facet normal 8.764114e-02 -9.961521e-01 0.000000e+00
      outer loop
         vertex -2.155387e+01 -4.619873e-01 0.000000e+00
         vertex -2.148848e+01 -4.562347e-01 5.000000e+00
         vertex -2.155387e+01 -4.619873e-01 5.000000e+00
      endloop
   endfacet
   facet normal 2.602360e-01 -9.655450e-01 0.000000e+00
      outer loop
         vertex -2.148848e+01 -4.562347e-01 0.000000e+00
         vertex -2.142510e+01 -4.391536e-01 0.000000e+00
         vertex -2.142510e+01 -4.391536e-01 5.000000e+00
      endloop
   endfacet
   facet normal 2.602360e-01 -9.655450e-01 0.000000e+00
      outer loop
         vertex -2.148848e+01 -4.562347e-01 0.000000e+00
         vertex -2.142510e+01 -4.391536e-01 5.000000e+00
         vertex -2.148848e+01 -4.562347e-01 5.000000e+00
      endloop
   endfacet
   facet normal 4.235073e-01 -9.058927e-01 0.000000e+00
      outer loop
         vertex -2.142510e+01 -4.391536e-01 0.000000e+00
         vertex -2.136465e+01 -4.108923e-01 0.000000e+00
         vertex -2.136465e+01 -4.108923e-01 5.000000e+00
      endloop
   endfacet
   facet normal 4.235073e-01 -9.058927e-01 0.000000e+00
      outer loop
         vertex -2.142510e+01 -4.391536e-01 0.000000e+00
         vertex -2.136465e+01 -4.108923e-01 5.000000e+00
         vertex -2.142510e+01 -4.391536e-01 5.000000e+00
      endloop
   endfacet
   facet normal 5.727778e-01 -8.197107e-01 0.000000e+00
      outer loop
         vertex -2.136465e+01 -4.108923e-01 0.000000e+00
         vertex -2.130995e+01 -3.726698e-01 0.000000e+00
         vertex -2.130995e+01 -3.726698e-01 5.000000e+00
      endloop
   endfacet
   facet normal 5.727778e-01 -8.197107e-01 0.000000e+00
      outer loop
         vertex -2.136465e+01 -4.108923e-01 0.000000e+00
         vertex -2.130995e+01 -3.726698e-01 5.000000e+00
         vertex -2.136465e+01 -4.108923e-01 5.000000e+00
      endloop
   endfacet
   facet normal 6.675407e-01 -7.445733e-01 0.000000e+00
      outer loop
         vertex -2.130995e+01 -3.726698e-01 0.000000e+00
         vertex -2.125883e+01 -3.268345e-01 0.000000e+00
         vertex -2.125883e+01 -3.268345e-01 5.000000e+00
      endloop
   endfacet
   facet normal 6.675407e-01 -7.445733e-01 0.000000e+00
      outer loop
         vertex -2.130995e+01 -3.726698e-01 0.000000e+00
         vertex -2.125883e+01 -3.268345e-01 5.000000e+00
         vertex -2.130995e+01 -3.726698e-01 5.000000e+00
      endloop
   endfacet
   facet normal 7.175939e-01 -6.964618e-01 0.000000e+00
      outer loop
         vertex -2.125883e+01 -3.268345e-01 0.000000e+00
         vertex -2.121101e+01 -2.775625e-01 0.000000e+00
         vertex -2.121101e+01 -2.775625e-01 5.000000e+00
      endloop
   endfacet
   facet normal 7.175939e-01 -6.964618e-01 0.000000e+00
      outer loop
         vertex -2.125883e+01 -3.268345e-01 0.000000e+00
         vertex -2.121101e+01 -2.775625e-01 5.000000e+00
         vertex -2.125883e+01 -3.268345e-01 5.000000e+00
      endloop
   endfacet
   facet normal 7.968828e-01 -6.041339e-01 0.000000e+00
      outer loop
         vertex -2.121101e+01 -2.775625e-01 0.000000e+00
         vertex -2.119433e+01 -2.555661e-01 0.000000e+00
         vertex -2.119433e+01 -2.555661e-01 5.000000e+00
      endloop
   endfacet
   facet normal 7.968828e-01 -6.041339e-01 0.000000e+00
      outer loop
         vertex -2.121101e+01 -2.775625e-01 0.000000e+00
         vertex -2.119433e+01 -2.555661e-01 5.000000e+00
         vertex -2.121101e+01 -2.775625e-01 5.000000e+00
      endloop
   endfacet
   facet normal 8.893995e-01 -4.571308e-01 0.000000e+00
      outer loop
         vertex -2.119433e+01 -2.555661e-01 0.000000e+00
         vertex -2.118171e+01 -2.310143e-01 0.000000e+00
         vertex -2.118171e+01 -2.310143e-01 5.000000e+00
      endloop
   endfacet
   facet normal 8.893995e-01 -4.571308e-01 0.000000e+00
      outer loop
         vertex -2.119433e+01 -2.555661e-01 0.000000e+00
         vertex -2.118171e+01 -2.310143e-01 5.000000e+00
         vertex -2.119433e+01 -2.555661e-01 5.000000e+00
      endloop
   endfacet
   facet normal 9.643424e-01 -2.646577e-01 0.000000e+00
      outer loop
         vertex -2.118171e+01 -2.310143e-01 0.000000e+00
         vertex -2.116579e+01 -1.730177e-01 0.000000e+00
         vertex -2.116579e+01 -1.730177e-01 5.000000e+00
      endloop
   endfacet
   facet normal 9.643424e-01 -2.646577e-01 0.000000e+00
      outer loop
         vertex -2.118171e+01 -2.310143e-01 0.000000e+00
         vertex -2.116579e+01 -1.730177e-01 5.000000e+00
         vertex -2.118171e+01 -2.310143e-01 5.000000e+00
      endloop
   endfacet
   facet normal 9.988843e-01 -4.722514e-02 0.000000e+00
      outer loop
         vertex -2.116579e+01 -1.730177e-01 0.000000e+00
         vertex -2.116446e+01 -1.447370e-01 0.000000e+00
         vertex -2.116446e+01 -1.447370e-01 5.000000e+00
      endloop
   endfacet
   facet normal 9.988843e-01 -4.722514e-02 0.000000e+00
      outer loop
         vertex -2.116579e+01 -1.730177e-01 0.000000e+00
         vertex -2.116446e+01 -1.447370e-01 5.000000e+00
         vertex -2.116579e+01 -1.730177e-01 5.000000e+00
      endloop
   endfacet
   facet normal 9.930421e-01 1.177598e-01 -0.000000e+00
      outer loop
         vertex -2.116446e+01 -1.447370e-01 0.000000e+00
         vertex -2.116779e+01 -1.166217e-01 0.000000e+00
         vertex -2.116779e+01 -1.166217e-01 5.000000e+00
      endloop
   endfacet
   facet normal 9.930421e-01 1.177598e-01 0.000000e+00
      outer loop
         vertex -2.116446e+01 -1.447370e-01 0.000000e+00
         vertex -2.116779e+01 -1.166217e-01 5.000000e+00
         vertex -2.116446e+01 -1.447370e-01 5.000000e+00
      endloop
   endfacet
   facet normal 9.597917e-01 2.807131e-01 -0.000000e+00
      outer loop
         vertex -2.116779e+01 -1.166217e-01 0.000000e+00
         vertex -2.117563e+01 -8.981851e-02 0.000000e+00
         vertex -2.117563e+01 -8.981851e-02 5.000000e+00
      endloop
   endfacet
   facet normal 9.597917e-01 2.807131e-01 0.000000e+00
      outer loop
         vertex -2.116779e+01 -1.166217e-01 0.000000e+00
         vertex -2.117563e+01 -8.981851e-02 5.000000e+00
         vertex -2.116779e+01 -1.166217e-01 5.000000e+00
      endloop
   endfacet
   facet normal 8.995299e-01 4.368591e-01 -0.000000e+00
      outer loop
         vertex -2.117563e+01 -8.981851e-02 0.000000e+00
         vertex -2.118783e+01 -6.469891e-02 0.000000e+00
         vertex -2.118783e+01 -6.469891e-02 5.000000e+00
      endloop
   endfacet
   facet normal 8.995299e-01 4.368591e-01 0.000000e+00
      outer loop
         vertex -2.117563e+01 -8.981851e-02 0.000000e+00
         vertex -2.118783e+01 -6.469891e-02 5.000000e+00
         vertex -2.117563e+01 -8.981851e-02 5.000000e+00
      endloop
   endfacet
   facet normal 7.269056e-01 6.867374e-01 -0.000000e+00
      outer loop
         vertex -2.118783e+01 -6.469891e-02 0.000000e+00
         vertex -2.120877e+01 -4.253933e-02 0.000000e+00
         vertex -2.120877e+01 -4.253933e-02 5.000000e+00
      endloop
   endfacet
   facet normal 7.269056e-01 6.867374e-01 0.000000e+00
      outer loop
         vertex -2.118783e+01 -6.469891e-02 0.000000e+00
         vertex -2.120877e+01 -4.253933e-02 5.000000e+00
         vertex -2.118783e+01 -6.469891e-02 5.000000e+00
      endloop
   endfacet
   facet normal 5.535228e-01 8.328340e-01 -0.000000e+00
      outer loop
         vertex -2.120877e+01 -4.253933e-02 0.000000e+00
         vertex -2.123521e+01 -2.496432e-02 0.000000e+00
         vertex -2.123521e+01 -2.496432e-02 5.000000e+00
      endloop
   endfacet
   facet normal 5.535228e-01 8.328340e-01 0.000000e+00
      outer loop
         vertex -2.120877e+01 -4.253933e-02 0.000000e+00
         vertex -2.123521e+01 -2.496432e-02 5.000000e+00
         vertex -2.120877e+01 -4.253933e-02 5.000000e+00
      endloop
   endfacet
   facet normal 3.641367e-01 9.313455e-01 -0.000000e+00
      outer loop
         vertex -2.123521e+01 -2.496432e-02 0.000000e+00
         vertex -2.126478e+01 -1.340321e-02 0.000000e+00
         vertex -2.126478e+01 -1.340321e-02 5.000000e+00
      endloop
   endfacet
   facet normal 3.641367e-01 9.313455e-01 0.000000e+00
      outer loop
         vertex -2.123521e+01 -2.496432e-02 0.000000e+00
         vertex -2.126478e+01 -1.340321e-02 5.000000e+00
         vertex -2.123521e+01 -2.496432e-02 5.000000e+00
      endloop
   endfacet
   facet normal 1.979816e-01 9.802057e-01 -0.000000e+00
      outer loop
         vertex -2.126478e+01 -1.340321e-02 0.000000e+00
         vertex -2.131447e+01 -3.365635e-03 0.000000e+00
         vertex -2.131447e+01 -3.365635e-03 5.000000e+00
      endloop
   endfacet
   facet normal 1.979816e-01 9.802057e-01 0.000000e+00
      outer loop
         vertex -2.126478e+01 -1.340321e-02 0.000000e+00
         vertex -2.131447e+01 -3.365635e-03 5.000000e+00
         vertex -2.126478e+01 -1.340321e-02 5.000000e+00
      endloop
   endfacet
   facet normal 6.638525e-02 9.977941e-01 -0.000000e+00
      outer loop
         vertex -2.131447e+01 -3.365635e-03 0.000000e+00
         vertex -2.136506e+01 2.664535e-15 0.000000e+00
         vertex -2.136506e+01 2.664535e-15 5.000000e+00
      endloop
   endfacet
   facet normal 6.638525e-02 9.977941e-01 0.000000e+00
      outer loop
         vertex -2.131447e+01 -3.365635e-03 0.000000e+00
         vertex -2.136506e+01 2.664535e-15 5.000000e+00
         vertex -2.131447e+01 -3.365635e-03 5.000000e+00
      endloop
   endfacet
   facet normal -7.587483e-02 9.971174e-01 0.000000e+00
      outer loop
         vertex -2.136506e+01 2.553513e-15 0.000000e+00
         vertex -2.142934e+01 -4.891300e-03 0.000000e+00
         vertex -2.142934e+01 -4.891300e-03 5.000000e+00
      endloop
   endfacet
   facet normal -7.587483e-02 9.971174e-01 0.000000e+00
      outer loop
         vertex -2.136506e+01 2.553513e-15 0.000000e+00
         vertex -2.142934e+01 -4.891300e-03 5.000000e+00
         vertex -2.136506e+01 2.553513e-15 5.000000e+00
      endloop
   endfacet
   facet normal -2.258769e-01 9.741559e-01 0.000000e+00
      outer loop
         vertex -2.142934e+01 -4.891300e-03 0.000000e+00
         vertex -2.149214e+01 -1.945257e-02 0.000000e+00
         vertex -2.149214e+01 -1.945257e-02 5.000000e+00
      endloop
   endfacet
   facet normal -2.258769e-01 9.741559e-01 0.000000e+00
      outer loop
         vertex -2.142934e+01 -4.891300e-03 0.000000e+00
         vertex -2.149214e+01 -1.945257e-02 5.000000e+00
         vertex -2.142934e+01 -4.891300e-03 5.000000e+00
      endloop
   endfacet
   facet normal -3.747482e-01 9.271266e-01 0.000000e+00
      outer loop
         vertex -2.149214e+01 -1.945257e-02 0.000000e+00
         vertex -2.154869e+01 -4.230915e-02 0.000000e+00
         vertex -2.154869e+01 -4.230915e-02 5.000000e+00
      endloop
   endfacet
   facet normal -3.747482e-01 9.271266e-01 0.000000e+00
      outer loop
         vertex -2.149214e+01 -1.945257e-02 0.000000e+00
         vertex -2.154869e+01 -4.230915e-02 5.000000e+00
         vertex -2.149214e+01 -1.945257e-02 5.000000e+00
      endloop
   endfacet
   facet normal -5.182468e-01 8.552311e-01 0.000000e+00
      outer loop
         vertex -2.154869e+01 -4.230915e-02 0.000000e+00
         vertex -2.160085e+01 -7.391801e-02 0.000000e+00
         vertex -2.160085e+01 -7.391801e-02 5.000000e+00
      endloop
   endfacet
   facet normal -5.182468e-01 8.552311e-01 0.000000e+00
      outer loop
         vertex -2.154869e+01 -4.230915e-02 0.000000e+00
         vertex -2.160085e+01 -7.391801e-02 5.000000e+00
         vertex -2.154869e+01 -4.230915e-02 5.000000e+00
      endloop
   endfacet
   facet normal -6.309383e-01 7.758330e-01 0.000000e+00
      outer loop
         vertex -2.160085e+01 -7.391801e-02 0.000000e+00
         vertex -2.164867e+01 -1.128095e-01 0.000000e+00
         vertex -2.164867e+01 -1.128095e-01 5.000000e+00
      endloop
   endfacet
   facet normal -6.309383e-01 7.758330e-01 0.000000e+00
      outer loop
         vertex -2.160085e+01 -7.391801e-02 0.000000e+00
         vertex -2.164867e+01 -1.128095e-01 5.000000e+00
         vertex -2.160085e+01 -7.391801e-02 5.000000e+00
      endloop
   endfacet
   facet normal -7.159664e-01 6.981348e-01 0.000000e+00
      outer loop
         vertex -2.164867e+01 -1.128095e-01 0.000000e+00
         vertex -2.169171e+01 -1.569423e-01 0.000000e+00
         vertex -2.169171e+01 -1.569423e-01 5.000000e+00
      endloop
   endfacet
   facet normal -7.159664e-01 6.981348e-01 0.000000e+00
      outer loop
         vertex -2.164867e+01 -1.128095e-01 0.000000e+00
         vertex -2.169171e+01 -1.569423e-01 5.000000e+00
         vertex -2.164867e+01 -1.128095e-01 5.000000e+00
      endloop
   endfacet
   facet normal -8.059818e-01 5.919403e-01 0.000000e+00
      outer loop
         vertex -2.169171e+01 -1.569423e-01 0.000000e+00
         vertex -2.171754e+01 -1.921113e-01 0.000000e+00
         vertex -2.171754e+01 -1.921113e-01 5.000000e+00
      endloop
   endfacet
   facet normal -8.059818e-01 5.919403e-01 0.000000e+00
      outer loop
         vertex -2.169171e+01 -1.569423e-01 0.000000e+00
         vertex -2.171754e+01 -1.921113e-01 5.000000e+00
         vertex -2.169171e+01 -1.569423e-01 5.000000e+00
      endloop
   endfacet
   facet normal -8.915801e-01 4.528630e-01 0.000000e+00
      outer loop
         vertex -2.171754e+01 -1.921113e-01 0.000000e+00
         vertex -2.173730e+01 -2.310143e-01 0.000000e+00
         vertex -2.173730e+01 -2.310143e-01 5.000000e+00
      endloop
   endfacet
   facet normal -8.915801e-01 4.528630e-01 0.000000e+00
      outer loop
         vertex -2.171754e+01 -1.921113e-01 0.000000e+00
         vertex -2.173730e+01 -2.310143e-01 5.000000e+00
         vertex -2.171754e+01 -1.921113e-01 5.000000e+00
      endloop
   endfacet
   facet normal -9.798405e-01 1.997812e-01 0.000000e+00
      outer loop
         vertex -2.173730e+01 -2.310143e-01 0.000000e+00
         vertex -2.174973e+01 -2.919884e-01 0.000000e+00
         vertex -2.174973e+01 -2.919884e-01 5.000000e+00
      endloop
   endfacet
   facet normal -9.798405e-01 1.997812e-01 0.000000e+00
      outer loop
         vertex -2.173730e+01 -2.310143e-01 0.000000e+00
         vertex -2.174973e+01 -2.919884e-01 5.000000e+00
         vertex -2.173730e+01 -2.310143e-01 5.000000e+00
      endloop
   endfacet
   facet normal -9.326282e-01 -3.608387e-01 0.000000e+00
      outer loop
         vertex -2.174973e+01 -2.919884e-01 0.000000e+00
         vertex -2.171255e+01 -3.880694e-01 0.000000e+00
         vertex -2.171255e+01 -3.880694e-01 5.000000e+00
      endloop
   endfacet
   facet normal -9.326282e-01 -3.608387e-01 0.000000e+00
      outer loop
         vertex -2.174973e+01 -2.919884e-01 0.000000e+00
         vertex -2.171255e+01 -3.880694e-01 5.000000e+00
         vertex -2.174973e+01 -2.919884e-01 5.000000e+00
      endloop
   endfacet
   facet normal -7.059670e-01 -7.082447e-01 0.000000e+00
      outer loop
         vertex -2.171255e+01 -3.880694e-01 0.000000e+00
         vertex -2.167813e+01 -4.223768e-01 0.000000e+00
         vertex -2.167813e+01 -4.223768e-01 5.000000e+00
      endloop
   endfacet
   facet normal -7.059670e-01 -7.082447e-01 0.000000e+00
      outer loop
         vertex -2.171255e+01 -3.880694e-01 0.000000e+00
         vertex -2.167813e+01 -4.223768e-01 5.000000e+00
         vertex -2.171255e+01 -3.880694e-01 5.000000e+00
      endloop
   endfacet
   facet normal -5.412681e-01 -8.408501e-01 0.000000e+00
      outer loop
         vertex -2.167813e+01 -4.223768e-01 0.000000e+00
         vertex -2.165202e+01 -4.391877e-01 0.000000e+00
         vertex -2.165202e+01 -4.391877e-01 5.000000e+00
      endloop
   endfacet
   facet normal -5.412681e-01 -8.408501e-01 0.000000e+00
      outer loop
         vertex -2.167813e+01 -4.223768e-01 0.000000e+00
         vertex -2.165202e+01 -4.391877e-01 5.000000e+00
         vertex -2.167813e+01 -4.223768e-01 5.000000e+00
      endloop
   endfacet
   facet normal -3.860823e-01 -9.224643e-01 0.000000e+00
      outer loop
         vertex -2.165202e+01 -4.391877e-01 0.000000e+00
         vertex -2.162337e+01 -4.511780e-01 0.000000e+00
         vertex -2.162337e+01 -4.511780e-01 5.000000e+00
      endloop
   endfacet
   facet normal -3.860823e-01 -9.224643e-01 0.000000e+00
      outer loop
         vertex -2.165202e+01 -4.391877e-01 0.000000e+00
         vertex -2.162337e+01 -4.511780e-01 5.000000e+00
         vertex -2.165202e+01 -4.391877e-01 5.000000e+00
      endloop
   endfacet
   facet normal 0.000000e+00 0.000000e+00 1.000000e+00
      outer loop
         vertex -2.165202e+01 -4.391877e-01 5.000000e+00
         vertex -2.162337e+01 -4.511780e-01 5.000000e+00
         vertex -2.167813e+01 -4.223768e-01 5.000000e+00
      endloop
   endfacet
   facet normal 0.000000e+00 0.000000e+00 1.000000e+00
      outer loop
         vertex -2.162337e+01 -4.511780e-01 5.000000e+00
         vertex -2.158904e+01 -4.592688e-01 5.000000e+00
         vertex -2.167813e+01 -4.223768e-01 5.000000e+00
      endloop
   endfacet
   facet normal 0.000000e+00 0.000000e+00 1.000000e+00
      outer loop
         vertex -2.167813e+01 -4.223768e-01 5.000000e+00
         vertex -2.158904e+01 -4.592688e-01 5.000000e+00
         vertex -2.171255e+01 -3.880694e-01 5.000000e+00
      endloop
   endfacet
   facet normal 0.000000e+00 0.000000e+00 1.000000e+00
      outer loop
         vertex -2.158904e+01 -4.592688e-01 5.000000e+00
         vertex -2.155387e+01 -4.619873e-01 5.000000e+00
         vertex -2.171255e+01 -3.880694e-01 5.000000e+00
      endloop
   endfacet
   facet normal 0.000000e+00 0.000000e+00 1.000000e+00
      outer loop
         vertex -2.171255e+01 -3.880694e-01 5.000000e+00
         vertex -2.155387e+01 -4.619873e-01 5.000000e+00
         vertex -2.174973e+01 -2.919884e-01 5.000000e+00
      endloop
   endfacet
   facet normal 0.000000e+00 0.000000e+00 1.000000e+00
      outer loop
         vertex -2.155387e+01 -4.619873e-01 5.000000e+00
         vertex -2.148848e+01 -4.562347e-01 5.000000e+00
         vertex -2.174973e+01 -2.919884e-01 5.000000e+00
      endloop
   endfacet
   facet normal 0.000000e+00 0.000000e+00 1.000000e+00
      outer loop
         vertex -2.174973e+01 -2.919884e-01 5.000000e+00
         vertex -2.148848e+01 -4.562347e-01 5.000000e+00
         vertex -2.173730e+01 -2.310143e-01 5.000000e+00
      endloop
   endfacet
   facet normal 0.000000e+00 0.000000e+00 1.000000e+00
      outer loop
         vertex -2.148848e+01 -4.562347e-01 5.000000e+00
         vertex -2.142510e+01 -4.391536e-01 5.000000e+00
         vertex -2.173730e+01 -2.310143e-01 5.000000e+00
      endloop
   endfacet
   facet normal 0.000000e+00 0.000000e+00 1.000000e+00
      outer loop
         vertex -2.173730e+01 -2.310143e-01 5.000000e+00
         vertex -2.142510e+01 -4.391536e-01 5.000000e+00
         vertex -2.171754e+01 -1.921113e-01 5.000000e+00
      endloop
   endfacet
   facet normal 0.000000e+00 0.000000e+00 1.000000e+00
      outer loop
         vertex -2.142510e+01 -4.391536e-01 5.000000e+00
         vertex -2.136465e+01 -4.108923e-01 5.000000e+00
         vertex -2.171754e+01 -1.921113e-01 5.000000e+00
      endloop
   endfacet
   facet normal 0.000000e+00 0.000000e+00 1.000000e+00
      outer loop
         vertex -2.171754e+01 -1.921113e-01 5.000000e+00
         vertex -2.136465e+01 -4.108923e-01 5.000000e+00
         vertex -2.169171e+01 -1.569423e-01 5.000000e+00
      endloop
   endfacet
   facet normal 0.000000e+00 0.000000e+00 1.000000e+00
      outer loop
         vertex -2.136465e+01 -4.108923e-01 5.000000e+00
         vertex -2.130995e+01 -3.726698e-01 5.000000e+00
         vertex -2.169171e+01 -1.569423e-01 5.000000e+00
      endloop
   endfacet
   facet normal 0.000000e+00 0.000000e+00 1.000000e+00
      outer loop
         vertex -2.169171e+01 -1.569423e-01 5.000000e+00
         vertex -2.130995e+01 -3.726698e-01 5.000000e+00
         vertex -2.164867e+01 -1.128095e-01 5.000000e+00
      endloop
   endfacet
   facet normal 0.000000e+00 0.000000e+00 1.000000e+00
      outer loop
         vertex -2.130995e+01 -3.726698e-01 5.000000e+00
         vertex -2.125883e+01 -3.268345e-01 5.000000e+00
         vertex -2.164867e+01 -1.128095e-01 5.000000e+00
      endloop
   endfacet
   facet normal 0.000000e+00 0.000000e+00 1.000000e+00
      outer loop
         vertex -2.164867e+01 -1.128095e-01 5.000000e+00
         vertex -2.125883e+01 -3.268345e-01 5.000000e+00
         vertex -2.160085e+01 -7.391801e-02 5.000000e+00
      endloop
   endfacet
   facet normal 0.000000e+00 0.000000e+00 1.000000e+00
      outer loop
         vertex -2.125883e+01 -3.268345e-01 5.000000e+00
         vertex -2.121101e+01 -2.775625e-01 5.000000e+00
         vertex -2.160085e+01 -7.391801e-02 5.000000e+00
      endloop
   endfacet
   facet normal 0.000000e+00 0.000000e+00 1.000000e+00
      outer loop
         vertex -2.160085e+01 -7.391801e-02 5.000000e+00
         vertex -2.121101e+01 -2.775625e-01 5.000000e+00
         vertex -2.154869e+01 -4.230915e-02 5.000000e+00
      endloop
   endfacet
   facet normal 0.000000e+00 0.000000e+00 1.000000e+00
      outer loop
         vertex -2.121101e+01 -2.775625e-01 5.000000e+00
         vertex -2.119433e+01 -2.555661e-01 5.000000e+00
         vertex -2.154869e+01 -4.230915e-02 5.000000e+00
      endloop
   endfacet
   facet normal 0.000000e+00 0.000000e+00 1.000000e+00
      outer loop
         vertex -2.154869e+01 -4.230915e-02 5.000000e+00
         vertex -2.119433e+01 -2.555661e-01 5.000000e+00
         vertex -2.149214e+01 -1.945257e-02 5.000000e+00
      endloop
   endfacet
   facet normal 0.000000e+00 0.000000e+00 1.000000e+00
      outer loop
         vertex -2.119433e+01 -2.555661e-01 5.000000e+00
         vertex -2.118171e+01 -2.310143e-01 5.000000e+00
         vertex -2.149214e+01 -1.945257e-02 5.000000e+00
      endloop
   endfacet
   facet normal 0.000000e+00 0.000000e+00 1.000000e+00
      outer loop
         vertex -2.149214e+01 -1.945257e-02 5.000000e+00
         vertex -2.118171e+01 -2.310143e-01 5.000000e+00
         vertex -2.142934e+01 -4.891300e-03 5.000000e+00
      endloop
   endfacet
   facet normal 0.000000e+00 0.000000e+00 1.000000e+00
      outer loop
         vertex -2.118171e+01 -2.310143e-01 5.000000e+00
         vertex -2.116579e+01 -1.730177e-01 5.000000e+00
         vertex -2.142934e+01 -4.891300e-03 5.000000e+00
      endloop
   endfacet
   facet normal 0.000000e+00 0.000000e+00 1.000000e+00
      outer loop
         vertex -2.142934e+01 -4.891300e-03 5.000000e+00
         vertex -2.116579e+01 -1.730177e-01 5.000000e+00
         vertex -2.136506e+01 2.553513e-15 5.000000e+00
      endloop
   endfacet
   facet normal 0.000000e+00 0.000000e+00 1.000000e+00
      outer loop
         vertex -2.116579e+01 -1.730177e-01 5.000000e+00
         vertex -2.116446e+01 -1.447370e-01 5.000000e+00
         vertex -2.136506e+01 2.553513e-15 5.000000e+00
      endloop
   endfacet
   facet normal 0.000000e+00 0.000000e+00 1.000000e+00
      outer loop
         vertex -2.136506e+01 2.553513e-15 5.000000e+00
         vertex -2.116446e+01 -1.447370e-01 5.000000e+00
         vertex -2.131447e+01 -3.365635e-03 5.000000e+00
      endloop
   endfacet
   facet normal 0.000000e+00 0.000000e+00 1.000000e+00
      outer loop
         vertex -2.116446e+01 -1.447370e-01 5.000000e+00
         vertex -2.116779e+01 -1.166217e-01 5.000000e+00
         vertex -2.131447e+01 -3.365635e-03 5.000000e+00
      endloop
   endfacet
   facet normal 0.000000e+00 0.000000e+00 1.000000e+00
      outer loop
         vertex -2.131447e+01 -3.365635e-03 5.000000e+00
         vertex -2.116779e+01 -1.166217e-01 5.000000e+00
         vertex -2.126478e+01 -1.340321e-02 5.000000e+00
      endloop
   endfacet
   facet normal 0.000000e+00 0.000000e+00 1.000000e+00
      outer loop
         vertex -2.116779e+01 -1.166217e-01 5.000000e+00
         vertex -2.117563e+01 -8.981851e-02 5.000000e+00
         vertex -2.126478e+01 -1.340321e-02 5.000000e+00
      endloop
   endfacet
   facet normal 0.000000e+00 0.000000e+00 1.000000e+00
      outer loop
         vertex -2.126478e+01 -1.340321e-02 5.000000e+00
         vertex -2.117563e+01 -8.981851e-02 5.000000e+00
         vertex -2.123521e+01 -2.496432e-02 5.000000e+00
      endloop
   endfacet
   facet normal 0.000000e+00 0.000000e+00 1.000000e+00
      outer loop
         vertex -2.117563e+01 -8.981851e-02 5.000000e+00
         vertex -2.118783e+01 -6.469891e-02 5.000000e+00
         vertex -2.123521e+01 -2.496432e-02 5.000000e+00
      endloop
   endfacet
   facet normal 0.000000e+00 0.000000e+00 1.000000e+00
      outer loop
         vertex -2.123521e+01 -2.496432e-02 5.000000e+00
         vertex -2.118783e+01 -6.469891e-02 5.000000e+00
         vertex -2.120877e+01 -4.253933e-02 5.000000e+00
      endloop
   endfacet
   facet normal 0.000000e+00 0.000000e+00 -1.000000e+00
      outer loop
         vertex -2.158904e+01 -4.592688e-01 0.000000e+00
         vertex -2.162337e+01 -4.511780e-01 0.000000e+00
         vertex -2.155387e+01 -4.619873e-01 0.000000e+00
      endloop
   endfacet
   facet normal 0.000000e+00 0.000000e+00 -1.000000e+00
      outer loop
         vertex -2.162337e+01 -4.511780e-01 0.000000e+00
         vertex -2.165202e+01 -4.391877e-01 0.000000e+00
         vertex -2.155387e+01 -4.619873e-01 0.000000e+00
      endloop
   endfacet
   facet normal 0.000000e+00 0.000000e+00 -1.000000e+00
      outer loop
         vertex -2.155387e+01 -4.619873e-01 0.000000e+00
         vertex -2.165202e+01 -4.391877e-01 0.000000e+00
         vertex -2.148848e+01 -4.562347e-01 0.000000e+00
      endloop
   endfacet
   facet normal 0.000000e+00 0.000000e+00 -1.000000e+00
      outer loop
         vertex -2.165202e+01 -4.391877e-01 0.000000e+00
         vertex -2.167813e+01 -4.223768e-01 0.000000e+00
         vertex -2.148848e+01 -4.562347e-01 0.000000e+00
      endloop
   endfacet
   facet normal 0.000000e+00 0.000000e+00 -1.000000e+00
      outer loop
         vertex -2.148848e+01 -4.562347e-01 0.000000e+00
         vertex -2.167813e+01 -4.223768e-01 0.000000e+00
         vertex -2.142510e+01 -4.391536e-01 0.000000e+00
      endloop
   endfacet
   facet normal 0.000000e+00 0.000000e+00 -1.000000e+00
      outer loop
         vertex -2.167813e+01 -4.223768e-01 0.000000e+00
         vertex -2.171255e+01 -3.880694e-01 0.000000e+00
         vertex -2.142510e+01 -4.391536e-01 0.000000e+00
      endloop
   endfacet
   facet normal 0.000000e+00 0.000000e+00 -1.000000e+00
      outer loop
         vertex -2.142510e+01 -4.391536e-01 0.000000e+00
         vertex -2.171255e+01 -3.880694e-01 0.000000e+00
         vertex -2.136465e+01 -4.108923e-01 0.000000e+00
      endloop
   endfacet
   facet normal 0.000000e+00 0.000000e+00 -1.000000e+00
      outer loop
         vertex -2.171255e+01 -3.880694e-01 0.000000e+00
         vertex -2.174973e+01 -2.919884e-01 0.000000e+00
         vertex -2.136465e+01 -4.108923e-01 0.000000e+00
      endloop
   endfacet
   facet normal 0.000000e+00 0.000000e+00 -1.000000e+00
      outer loop
         vertex -2.136465e+01 -4.108923e-01 0.000000e+00
         vertex -2.174973e+01 -2.919884e-01 0.000000e+00
         vertex -2.130995e+01 -3.726698e-01 0.000000e+00
      endloop
   endfacet
   facet normal 0.000000e+00 -0.000000e+00 -1.000000e+00
      outer loop
         vertex -2.174973e+01 -2.919884e-01 0.000000e+00
         vertex -2.173730e+01 -2.310143e-01 0.000000e+00
         vertex -2.130995e+01 -3.726698e-01 0.000000e+00
      endloop
   endfacet
   facet normal 0.000000e+00 0.000000e+00 -1.000000e+00
      outer loop
         vertex -2.130995e+01 -3.726698e-01 0.000000e+00
         vertex -2.173730e+01 -2.310143e-01 0.000000e+00
         vertex -2.125883e+01 -3.268345e-01 0.000000e+00
      endloop
   endfacet
   facet normal 0.000000e+00 -0.000000e+00 -1.000000e+00
      outer loop
         vertex -2.173730e+01 -2.310143e-01 0.000000e+00
         vertex -2.171754e+01 -1.921113e-01 0.000000e+00
         vertex -2.125883e+01 -3.268345e-01 0.000000e+00
      endloop
   endfacet
   facet normal 0.000000e+00 0.000000e+00 -1.000000e+00
      outer loop
         vertex -2.125883e+01 -3.268345e-01 0.000000e+00
         vertex -2.171754e+01 -1.921113e-01 0.000000e+00
         vertex -2.121101e+01 -2.775625e-01 0.000000e+00
      endloop
   endfacet
   facet normal 0.000000e+00 -0.000000e+00 -1.000000e+00
      outer loop
         vertex -2.171754e+01 -1.921113e-01 0.000000e+00
         vertex -2.169171e+01 -1.569423e-01 0.000000e+00
         vertex -2.121101e+01 -2.775625e-01 0.000000e+00
      endloop
   endfacet
   facet normal 0.000000e+00 0.000000e+00 -1.000000e+00
      outer loop
         vertex -2.121101e+01 -2.775625e-01 0.000000e+00
         vertex -2.169171e+01 -1.569423e-01 0.000000e+00
         vertex -2.119433e+01 -2.555661e-01 0.000000e+00
      endloop
   endfacet
   facet normal 0.000000e+00 -0.000000e+00 -1.000000e+00
      outer loop
         vertex -2.169171e+01 -1.569423e-01 0.000000e+00
         vertex -2.164867e+01 -1.128095e-01 0.000000e+00
         vertex -2.119433e+01 -2.555661e-01 0.000000e+00
      endloop
   endfacet
   facet normal 0.000000e+00 0.000000e+00 -1.000000e+00
      outer loop
         vertex -2.119433e+01 -2.555661e-01 0.000000e+00
         vertex -2.164867e+01 -1.128095e-01 0.000000e+00
         vertex -2.118171e+01 -2.310143e-01 0.000000e+00
      endloop
   endfacet
   facet normal 0.000000e+00 -0.000000e+00 -1.000000e+00
      outer loop
         vertex -2.164867e+01 -1.128095e-01 0.000000e+00
         vertex -2.160085e+01 -7.391801e-02 0.000000e+00
         vertex -2.118171e+01 -2.310143e-01 0.000000e+00
      endloop
   endfacet
   facet normal 0.000000e+00 0.000000e+00 -1.000000e+00
      outer loop
         vertex -2.118171e+01 -2.310143e-01 0.000000e+00
         vertex -2.160085e+01 -7.391801e-02 0.000000e+00
         vertex -2.116579e+01 -1.730177e-01 0.000000e+00
      endloop
   endfacet
   facet normal 0.000000e+00 -0.000000e+00 -1.000000e+00
      outer loop
         vertex -2.160085e+01 -7.391801e-02 0.000000e+00
         vertex -2.154869e+01 -4.230915e-02 0.000000e+00
         vertex -2.116579e+01 -1.730177e-01 0.000000e+00
      endloop
   endfacet
   facet normal 0.000000e+00 0.000000e+00 -1.000000e+00
      outer loop
         vertex -2.116579e+01 -1.730177e-01 0.000000e+00
         vertex -2.154869e+01 -4.230915e-02 0.000000e+00
         vertex -2.116446e+01 -1.447370e-01 0.000000e+00
      endloop
   endfacet
   facet normal 0.000000e+00 -0.000000e+00 -1.000000e+00
      outer loop
         vertex -2.154869e+01 -4.230915e-02 0.000000e+00
         vertex -2.149214e+01 -1.945257e-02 0.000000e+00
         vertex -2.116446e+01 -1.447370e-01 0.000000e+00
      endloop
   endfacet
   facet normal 0.000000e+00 0.000000e+00 -1.000000e+00
      outer loop
         vertex -2.116446e+01 -1.447370e-01 0.000000e+00
         vertex -2.149214e+01 -1.945257e-02 0.000000e+00
         vertex -2.116779e+01 -1.166217e-01 0.000000e+00
      endloop
   endfacet
   facet normal 0.000000e+00 -0.000000e+00 -1.000000e+00
      outer loop
         vertex -2.149214e+01 -1.945257e-02 0.000000e+00
         vertex -2.142934e+01 -4.891300e-03 0.000000e+00
         vertex -2.116779e+01 -1.166217e-01 0.000000e+00
      endloop
   endfacet
   facet normal 0.000000e+00 0.000000e+00 -1.000000e+00
      outer loop
         vertex -2.116779e+01 -1.166217e-01 0.000000e+00
         vertex -2.142934e+01 -4.891300e-03 0.000000e+00
         vertex -2.117563e+01 -8.981851e-02 0.000000e+00
      endloop
   endfacet
   facet normal 0.000000e+00 -0.000000e+00 -1.000000e+00
      outer loop
         vertex -2.142934e+01 -4.891300e-03 0.000000e+00
         vertex -2.136506e+01 2.553513e-15 0.000000e+00
         vertex -2.117563e+01 -8.981851e-02 0.000000e+00
      endloop
   endfacet
   facet normal 0.000000e+00 0.000000e+00 -1.000000e+00
      outer loop
         vertex -2.117563e+01 -8.981851e-02 0.000000e+00
         vertex -2.136506e+01 2.553513e-15 0.000000e+00
         vertex -2.118783e+01 -6.469891e-02 0.000000e+00
      endloop
   endfacet
   facet normal -0.000000e+00 -0.000000e+00 -1.000000e+00
      outer loop
         vertex -2.136506e+01 2.553513e-15 0.000000e+00
         vertex -2.131447e+01 -3.365635e-03 0.000000e+00
         vertex -2.118783e+01 -6.469891e-02 0.000000e+00
      endloop
   endfacet
   facet normal 0.000000e+00 0.000000e+00 -1.000000e+00
      outer loop
         vertex -2.118783e+01 -6.469891e-02 0.000000e+00
         vertex -2.131447e+01 -3.365635e-03 0.000000e+00
         vertex -2.120877e+01 -4.253933e-02 0.000000e+00
      endloop
   endfacet
   facet normal -0.000000e+00 -0.000000e+00 -1.000000e+00
      outer loop
         vertex -2.131447e+01 -3.365635e-03 0.000000e+00
         vertex -2.126478e+01 -1.340321e-02 0.000000e+00
         vertex -2.120877e+01 -4.253933e-02 0.000000e+00
      endloop
   endfacet
   facet normal 0.000000e+00 0.000000e+00 -1.000000e+00
      outer loop
         vertex -2.120877e+01 -4.253933e-02 0.000000e+00
         vertex -2.126478e+01 -1.340321e-02 0.000000e+00
         vertex -2.123521e+01 -2.496432e-02 0.000000e+00
      endloop
   endfacet
endsolid
